Transaction_ID,Date,Customer_ID,Category,Quantity,Unit_Price,Cost_Price,Year,Month,Month_Name,Day_Name,Revenue,Total_Cost,Profit,Profit_Margin_Pct
TXN_1,2024-01-01 00:00:00,CUST_202,Home Goods,3,238.1,86.44,2024,1,January,Monday,714.3,259.32,454.98,63.7
TXN_2,2024-01-01 00:30:00,CUST_448,Electronics,4,560.28,198.19,2024,1,January,Monday,2241.12,792.76,1448.36,64.63
TXN_3,2024-01-01 01:00:00,CUST_370,Home Goods,5,149.32,56.71,2024,1,January,Monday,746.6,283.55,463.05,62.02
TXN_5,2024-01-01 02:00:00,CUST_171,Apparel,4,451.89,73.0,2024,1,January,Monday,1807.56,292.0,1515.56,83.85
TXN_6,2024-01-01 02:30:00,CUST_288,Home Goods,1,444.14,26.93,2024,1,January,Monday,444.14,26.93,417.21,93.94
TXN_8,2024-01-01 03:30:00,CUST_202,Apparel,5,242.05,120.64,2024,1,January,Monday,1210.25,603.2,607.05,50.16
TXN_9,2024-01-01 04:00:00,CUST_221,Apparel,1,316.04,46.9,2024,1,January,Monday,316.04,46.9,269.14,85.16
TXN_14,2024-01-01 06:30:00,CUST_199,Apparel,1,92.86,176.34,2024,1,January,Monday,92.86,176.34,-83.48,-89.9
TXN_15,2024-01-01 07:00:00,CUST_459,Electronics,4,478.23,53.54,2024,1,January,Monday,1912.92,214.16,1698.76,88.8
TXN_16,2024-01-01 07:30:00,CUST_251,Electronics,3,312.23,30.86,2024,1,January,Monday,936.69,92.58,844.11,90.12
TXN_17,2024-01-01 08:00:00,CUST_230,Electronics,5,312.23,118.27,2024,1,January,Monday,1561.15,591.35,969.8,62.12
TXN_21,2024-01-01 10:00:00,CUST_443,Home Goods,2,303.315,160.88,2024,1,January,Monday,606.63,321.76,284.87,46.96
TXN_23,2024-01-01 11:00:00,CUST_485,Electronics,3,312.23,135.21,2024,1,January,Monday,936.69,405.63,531.06,56.7
TXN_25,2024-01-01 12:00:00,CUST_376,Apparel,2,301.505,129.33,2024,1,January,Monday,603.01,258.66,344.35,57.11
TXN_27,2024-01-01 13:00:00,CUST_413,Unknown,4,315.21,346.86,2024,1,January,Monday,1260.84,1387.44,-126.6,-10.04
TXN_29,2024-01-01 14:00:00,CUST_352,Home Goods,5,303.315,184.71,2024,1,January,Monday,1516.58,923.55,593.03,39.1
TXN_30,2024-01-01 14:30:00,CUST_335,Apparel,4,301.505,206.99,2024,1,January,Monday,1206.02,827.96,378.06,31.35
TXN_31,2024-01-01 15:00:00,CUST_444,Unknown,2,315.21,220.86,2024,1,January,Monday,630.42,441.72,188.7,29.93
TXN_32,2024-01-01 15:30:00,CUST_148,Apparel,1,301.505,18.36,2024,1,January,Monday,301.5,18.36,283.14,93.91
TXN_36,2024-01-01 17:30:00,CUST_370,Home Goods,4,303.315,28.85,2024,1,January,Monday,1213.26,115.4,1097.86,90.49
TXN_38,2024-01-01 18:30:00,CUST_274,Electronics,5,312.23,54.3,2024,1,January,Monday,1561.15,271.5,1289.65,82.61
TXN_40,2024-01-01 19:30:00,CUST_463,Home Goods,4,303.315,78.99,2024,1,January,Monday,1213.26,315.96,897.3,73.96
TXN_41,2024-01-01 20:00:00,CUST_154,Apparel,3,301.505,58.86,2024,1,January,Monday,904.52,176.58,727.94,80.48
TXN_42,2024-01-01 20:30:00,CUST_343,Apparel,4,301.505,222.9,2024,1,January,Monday,1206.02,891.6,314.42,26.07
TXN_43,2024-01-01 21:00:00,CUST_419,Electronics,2,312.23,187.45,2024,1,January,Monday,624.46,374.9,249.56,39.96
TXN_44,2024-01-01 21:30:00,CUST_230,Electronics,4,312.23,205.82,2024,1,January,Monday,1248.92,823.28,425.64,34.08
TXN_46,2024-01-01 22:30:00,CUST_234,Electronics,5,312.23,168.84,2024,1,January,Monday,1561.15,844.2,716.95,45.92
TXN_47,2024-01-01 23:00:00,CUST_120,Apparel,4,172.66,274.79,2024,1,January,Monday,690.64,1099.16,-408.52,-59.15
TXN_48,2024-01-01 23:30:00,CUST_428,Home Goods,4,73.42,84.77,2024,1,January,Monday,293.68,339.08,-45.4,-15.46
TXN_49,2024-01-02 00:00:00,CUST_266,Electronics,5,521.11,144.82,2024,1,January,Tuesday,2605.55,724.1,1881.45,72.21
TXN_50,2024-01-02 00:30:00,CUST_373,Apparel,4,188.33,335.66,2024,1,January,Tuesday,753.32,1342.64,-589.32,-78.23
TXN_52,2024-01-02 01:30:00,CUST_188,Apparel,5,494.83,109.88,2024,1,January,Tuesday,2474.15,549.4,1924.75,77.79
TXN_56,2024-01-02 03:30:00,CUST_364,Apparel,2,130.39,25.8,2024,1,January,Tuesday,260.78,51.6,209.18,80.21
TXN_57,2024-01-02 04:00:00,CUST_445,Apparel,5,446.09,62.59,2024,1,January,Tuesday,2230.45,312.95,1917.5,85.97
TXN_58,2024-01-02 04:30:00,CUST_152,Electronics,2,441.38,133.31,2024,1,January,Tuesday,882.76,266.62,616.14,69.8
TXN_59,2024-01-02 05:00:00,CUST_485,Apparel,2,19.97,17.05,2024,1,January,Tuesday,39.94,34.1,5.84,14.62
TXN_60,2024-01-02 05:30:00,CUST_439,Electronics,5,144.06,266.01,2024,1,January,Tuesday,720.3,1330.05,-609.75,-84.65
TXN_77,2024-01-02 14:00:00,CUST_317,Apparel,1,325.6,200.46,2024,1,January,Tuesday,325.6,200.46,125.14,38.43
TXN_78,2024-01-02 14:30:00,CUST_143,Electronics,1,345.71,222.59,2024,1,January,Tuesday,345.71,222.59,123.12,35.61
TXN_81,2024-01-02 16:00:00,CUST_369,Apparel,5,432.6,98.61,2024,1,January,Tuesday,2163.0,493.05,1669.95,77.21
TXN_82,2024-01-02 16:30:00,CUST_450,Apparel,3,46.14,30.22,2024,1,January,Tuesday,138.42,90.66,47.76,34.5
TXN_83,2024-01-02 17:00:00,CUST_403,Apparel,5,459.76,310.88,2024,1,January,Tuesday,2298.8,1554.4,744.4,32.38
TXN_85,2024-01-02 18:00:00,CUST_314,Electronics,1,502.44,260.69,2024,1,January,Tuesday,502.44,260.69,241.75,48.12
TXN_86,2024-01-02 18:30:00,CUST_351,Electronics,4,142.57,14.98,2024,1,January,Tuesday,570.28,59.92,510.36,89.49
TXN_87,2024-01-02 19:00:00,CUST_289,Electronics,1,502.47,175.97,2024,1,January,Tuesday,502.47,175.97,326.5,64.98
TXN_88,2024-01-02 19:30:00,CUST_395,Electronics,5,70.32,120.75,2024,1,January,Tuesday,351.6,603.75,-252.15,-71.72
TXN_89,2024-01-02 20:00:00,CUST_312,Home Goods,1,251.24,20.31,2024,1,January,Tuesday,251.24,20.31,230.93,91.92
TXN_91,2024-01-02 21:00:00,CUST_336,Apparel,1,527.47,184.39,2024,1,January,Tuesday,527.47,184.39,343.08,65.04
TXN_92,2024-01-02 21:30:00,CUST_437,Apparel,5,427.38,123.28,2024,1,January,Tuesday,2136.9,616.4,1520.5,71.15
TXN_93,2024-01-02 22:00:00,CUST_466,Electronics,5,29.84,283.97,2024,1,January,Tuesday,149.2,1419.85,-1270.65,-851.64
TXN_95,2024-01-02 23:00:00,CUST_379,Electronics,4,185.38,11.19,2024,1,January,Tuesday,741.52,44.76,696.76,93.96
TXN_96,2024-01-02 23:30:00,CUST_316,Home Goods,5,98.82,331.11,2024,1,January,Tuesday,494.1,1655.55,-1161.45,-235.06
TXN_98,2024-01-03 00:30:00,CUST_287,Electronics,4,403.32,292.4,2024,1,January,Wednesday,1613.28,1169.6,443.68,27.5
TXN_99,2024-01-03 01:00:00,CUST_479,Home Goods,2,566.04,287.58,2024,1,January,Wednesday,1132.08,575.16,556.92,49.19
TXN_101,2024-01-03 02:00:00,CUST_256,Apparel,2,400.45,171.16,2024,1,January,Wednesday,800.9,342.32,458.58,57.26
TXN_102,2024-01-03 02:30:00,CUST_114,Apparel,5,18.32,23.67,2024,1,January,Wednesday,91.6,118.35,-26.75,-29.2
TXN_103,2024-01-03 03:00:00,CUST_400,Electronics,1,225.01,130.55,2024,1,January,Wednesday,225.01,130.55,94.46,41.98
TXN_104,2024-01-03 03:30:00,CUST_164,Apparel,3,315.19,258.53,2024,1,January,Wednesday,945.57,775.59,169.98,17.98
TXN_105,2024-01-03 04:00:00,CUST_444,Apparel,1,307.02,90.6,2024,1,January,Wednesday,307.02,90.6,216.42,70.49
TXN_106,2024-01-03 04:30:00,CUST_426,Apparel,5,367.95,49.82,2024,1,January,Wednesday,1839.75,249.1,1590.65,86.46
TXN_107,2024-01-03 05:00:00,CUST_108,Electronics,4,576.92,182.42,2024,1,January,Wednesday,2307.68,729.68,1578.0,68.38
TXN_109,2024-01-03 06:00:00,CUST_228,Electronics,1,78.71,239.78,2024,1,January,Wednesday,78.71,239.78,-161.07,-204.64
TXN_110,2024-01-03 06:30:00,CUST_235,Electronics,2,170.6,268.11,2024,1,January,Wednesday,341.2,536.22,-195.02,-57.16
TXN_112,2024-01-03 07:30:00,CUST_238,Electronics,5,497.22,297.44,2024,1,January,Wednesday,2486.1,1487.2,998.9,40.18
TXN_113,2024-01-03 08:00:00,CUST_180,Electronics,1,176.09,85.79,2024,1,January,Wednesday,176.09,85.79,90.3,51.28
TXN_115,2024-01-03 09:00:00,CUST_262,Electronics,1,408.14,132.43,2024,1,January,Wednesday,408.14,132.43,275.71,67.55
TXN_116,2024-01-03 09:30:00,CUST_388,Electronics,4,292.01,337.12,2024,1,January,Wednesday,1168.04,1348.48,-180.44,-15.45
TXN_117,2024-01-03 10:00:00,CUST_478,Electronics,4,132.85,159.7,2024,1,January,Wednesday,531.4,638.8,-107.4,-20.21
TXN_118,2024-01-03 10:30:00,CUST_360,Apparel,4,534.86,336.3,2024,1,January,Wednesday,2139.44,1345.2,794.24,37.12
TXN_120,2024-01-03 11:30:00,CUST_140,Electronics,3,113.86,254.28,2024,1,January,Wednesday,341.58,762.84,-421.26,-123.33
TXN_122,2024-01-03 12:30:00,CUST_234,Electronics,5,448.74,160.75,2024,1,January,Wednesday,2243.7,803.75,1439.95,64.18
TXN_123,2024-01-03 13:00:00,CUST_300,Electronics,5,533.82,189.03,2024,1,January,Wednesday,2669.1,945.15,1723.95,64.59
TXN_124,2024-01-03 13:30:00,CUST_427,Electronics,2,145.36,109.84,2024,1,January,Wednesday,290.72,219.68,71.04,24.44
TXN_125,2024-01-03 14:00:00,CUST_367,Apparel,2,593.42,317.53,2024,1,January,Wednesday,1186.84,635.06,551.78,46.49
TXN_126,2024-01-03 14:30:00,CUST_132,Electronics,5,104.74,280.07,2024,1,January,Wednesday,523.7,1400.35,-876.65,-167.4
TXN_127,2024-01-03 15:00:00,CUST_147,Apparel,1,366.4,282.47,2024,1,January,Wednesday,366.4,282.47,83.93,22.91
TXN_128,2024-01-03 15:30:00,CUST_161,Electronics,5,399.45,157.27,2024,1,January,Wednesday,1997.25,786.35,1210.9,60.63
TXN_130,2024-01-03 16:30:00,CUST_392,Home Goods,3,292.9,242.25,2024,1,January,Wednesday,878.7,726.75,151.95,17.29
TXN_131,2024-01-03 17:00:00,CUST_198,Apparel,2,536.18,137.3,2024,1,January,Wednesday,1072.36,274.6,797.76,74.39
TXN_132,2024-01-03 17:30:00,CUST_271,Electronics,2,392.49,305.95,2024,1,January,Wednesday,784.98,611.9,173.08,22.05
TXN_137,2024-01-03 20:00:00,CUST_200,Home Goods,2,574.37,203.17,2024,1,January,Wednesday,1148.74,406.34,742.4,64.63
TXN_138,2024-01-03 20:30:00,CUST_230,Home Goods,5,461.99,184.77,2024,1,January,Wednesday,2309.95,923.85,1386.1,60.01
TXN_139,2024-01-03 21:00:00,CUST_356,Electronics,2,580.76,87.47,2024,1,January,Wednesday,1161.52,174.94,986.58,84.94
TXN_143,2024-01-03 23:00:00,CUST_497,Apparel,2,472.5,274.83,2024,1,January,Wednesday,945.0,549.66,395.34,41.83
TXN_146,2024-01-04 00:30:00,CUST_492,Electronics,5,347.31,349.09,2024,1,January,Thursday,1736.55,1745.45,-8.9,-0.51
TXN_147,2024-01-04 01:00:00,CUST_306,Apparel,1,178.87,235.58,2024,1,January,Thursday,178.87,235.58,-56.71,-31.7
TXN_149,2024-01-04 02:00:00,CUST_445,Apparel,2,400.03,171.53,2024,1,January,Thursday,800.06,343.06,457.0,57.12
TXN_150,2024-01-04 02:30:00,CUST_141,Electronics,2,427.43,79.43,2024,1,January,Thursday,854.86,158.86,696.0,81.42
TXN_152,2024-01-04 03:30:00,CUST_278,Apparel,2,241.22,206.78,2024,1,January,Thursday,482.44,413.56,68.88,14.28
TXN_154,2024-01-04 04:30:00,CUST_451,Electronics,3,485.7,99.0,2024,1,January,Thursday,1457.1,297.0,1160.1,79.62
TXN_155,2024-01-04 05:00:00,CUST_330,Apparel,5,353.35,152.68,2024,1,January,Thursday,1766.75,763.4,1003.35,56.79
TXN_157,2024-01-04 06:00:00,CUST_151,Apparel,2,508.2,318.69,2024,1,January,Thursday,1016.4,637.38,379.02,37.29
TXN_158,2024-01-04 06:30:00,CUST_195,Home Goods,3,45.13,57.13,2024,1,January,Thursday,135.39,171.39,-36.0,-26.59
TXN_159,2024-01-04 07:00:00,CUST_487,Apparel,1,114.93,90.54,2024,1,January,Thursday,114.93,90.54,24.39,21.22
TXN_160,2024-01-04 07:30:00,CUST_321,Electronics,1,74.72,322.3,2024,1,January,Thursday,74.72,322.3,-247.58,-331.34
TXN_165,2024-01-04 10:00:00,CUST_128,Electronics,3,162.92,169.18,2024,1,January,Thursday,488.76,507.54,-18.78,-3.84
TXN_166,2024-01-04 10:30:00,CUST_135,Apparel,1,89.02,300.67,2024,1,January,Thursday,89.02,300.67,-211.65,-237.76
TXN_168,2024-01-04 11:30:00,CUST_259,Apparel,4,147.28,88.73,2024,1,January,Thursday,589.12,354.92,234.2,39.75
TXN_170,2024-01-04 12:30:00,CUST_286,Electronics,1,259.78,149.31,2024,1,January,Thursday,259.78,149.31,110.47,42.52
TXN_171,2024-01-04 13:00:00,CUST_342,Electronics,4,196.6,205.29,2024,1,January,Thursday,786.4,821.16,-34.76,-4.42
TXN_172,2024-01-04 13:30:00,CUST_185,Electronics,3,201.38,323.09,2024,1,January,Thursday,604.14,969.27,-365.13,-60.44
TXN_175,2024-01-04 15:00:00,CUST_269,Apparel,4,375.64,112.73,2024,1,January,Thursday,1502.56,450.92,1051.64,69.99
TXN_176,2024-01-04 15:30:00,CUST_144,Electronics,1,563.3,65.1,2024,1,January,Thursday,563.3,65.1,498.2,88.44
TXN_177,2024-01-04 16:00:00,CUST_161,Unknown,2,317.86,325.45,2024,1,January,Thursday,635.72,650.9,-15.18,-2.39
TXN_178,2024-01-04 16:30:00,CUST_233,Electronics,4,291.45,145.27,2024,1,January,Thursday,1165.8,581.08,584.72,50.16
TXN_179,2024-01-04 17:00:00,CUST_383,Electronics,1,139.85,162.9,2024,1,January,Thursday,139.85,162.9,-23.05,-16.48
TXN_181,2024-01-04 18:00:00,CUST_207,Electronics,2,97.35,184.41,2024,1,January,Thursday,194.7,368.82,-174.12,-89.43
TXN_182,2024-01-04 18:30:00,CUST_143,Home Goods,3,302.31,50.72,2024,1,January,Thursday,906.93,152.16,754.77,83.22
TXN_184,2024-01-04 19:30:00,CUST_385,Home Goods,3,400.11,224.38,2024,1,January,Thursday,1200.33,673.14,527.19,43.92
TXN_185,2024-01-04 20:00:00,CUST_430,Home Goods,5,551.81,254.53,2024,1,January,Thursday,2759.05,1272.65,1486.4,53.87
TXN_186,2024-01-04 20:30:00,CUST_227,Apparel,3,568.76,229.42,2024,1,January,Thursday,1706.28,688.26,1018.02,59.66
TXN_187,2024-01-04 21:00:00,CUST_447,Apparel,5,113.16,50.52,2024,1,January,Thursday,565.8,252.6,313.2,55.36
TXN_188,2024-01-04 21:30:00,CUST_330,Apparel,3,168.16,113.48,2024,1,January,Thursday,504.48,340.44,164.04,32.52
TXN_189,2024-01-04 22:00:00,CUST_289,Electronics,3,489.81,259.41,2024,1,January,Thursday,1469.43,778.23,691.2,47.04
TXN_190,2024-01-04 22:30:00,CUST_324,Apparel,3,318.19,309.26,2024,1,January,Thursday,954.57,927.78,26.79,2.81
TXN_191,2024-01-04 23:00:00,CUST_484,Electronics,5,280.03,26.04,2024,1,January,Thursday,1400.15,130.2,1269.95,90.7
TXN_193,2024-01-05 00:00:00,CUST_382,Apparel,5,367.13,228.76,2024,1,January,Friday,1835.65,1143.8,691.85,37.69
TXN_194,2024-01-05 00:30:00,CUST_220,Apparel,4,582.87,196.34,2024,1,January,Friday,2331.48,785.36,1546.12,66.31
TXN_195,2024-01-05 01:00:00,CUST_215,Home Goods,1,356.63,62.82,2024,1,January,Friday,356.63,62.82,293.81,82.39
TXN_196,2024-01-05 01:30:00,CUST_332,Electronics,1,287.59,196.42,2024,1,January,Friday,287.59,196.42,91.17,31.7
TXN_198,2024-01-05 02:30:00,CUST_458,Electronics,1,488.0,224.51,2024,1,January,Friday,488.0,224.51,263.49,53.99
TXN_199,2024-01-05 03:00:00,CUST_297,Electronics,3,373.41,162.71,2024,1,January,Friday,1120.23,488.13,632.1,56.43
TXN_201,2024-01-05 04:00:00,CUST_417,Apparel,1,583.29,82.36,2024,1,January,Friday,583.29,82.36,500.93,85.88
TXN_202,2024-01-05 04:30:00,CUST_264,Electronics,5,376.76,150.87,2024,1,January,Friday,1883.8,754.35,1129.45,59.96
TXN_203,2024-01-05 05:00:00,CUST_324,Apparel,4,237.47,189.44,2024,1,January,Friday,949.88,757.76,192.12,20.23
TXN_204,2024-01-05 05:30:00,CUST_406,Home Goods,2,419.43,181.54,2024,1,January,Friday,838.86,363.08,475.78,56.72
TXN_205,2024-01-05 06:00:00,CUST_333,Apparel,4,400.78,323.13,2024,1,January,Friday,1603.12,1292.52,310.6,19.37
TXN_206,2024-01-05 06:30:00,CUST_271,Apparel,1,23.1,109.51,2024,1,January,Friday,23.1,109.51,-86.41,-374.07
TXN_209,2024-01-05 08:00:00,CUST_473,Apparel,1,306.94,83.8,2024,1,January,Friday,306.94,83.8,223.14,72.7
TXN_210,2024-01-05 08:30:00,CUST_259,Electronics,5,471.08,138.87,2024,1,January,Friday,2355.4,694.35,1661.05,70.52
TXN_211,2024-01-05 09:00:00,CUST_195,Home Goods,4,278.77,190.5,2024,1,January,Friday,1115.08,762.0,353.08,31.66
TXN_213,2024-01-05 10:00:00,CUST_279,Electronics,5,186.34,191.99,2024,1,January,Friday,931.7,959.95,-28.25,-3.03
TXN_214,2024-01-05 10:30:00,CUST_212,Electronics,5,68.89,162.23,2024,1,January,Friday,344.45,811.15,-466.7,-135.49
TXN_215,2024-01-05 11:00:00,CUST_417,Home Goods,2,266.56,208.44,2024,1,January,Friday,533.12,416.88,116.24,21.8
TXN_216,2024-01-05 11:30:00,CUST_151,Electronics,5,331.9,340.07,2024,1,January,Friday,1659.5,1700.35,-40.85,-2.46
TXN_218,2024-01-05 12:30:00,CUST_394,Electronics,5,156.73,67.45,2024,1,January,Friday,783.65,337.25,446.4,56.96
TXN_219,2024-01-05 13:00:00,CUST_485,Home Goods,2,408.15,283.11,2024,1,January,Friday,816.3,566.22,250.08,30.64
TXN_220,2024-01-05 13:30:00,CUST_486,Electronics,3,235.62,295.97,2024,1,January,Friday,706.86,887.91,-181.05,-25.61
TXN_222,2024-01-05 14:30:00,CUST_200,Home Goods,3,470.76,233.46,2024,1,January,Friday,1412.28,700.38,711.9,50.41
TXN_225,2024-01-05 16:00:00,CUST_286,Electronics,2,347.22,260.78,2024,1,January,Friday,694.44,521.56,172.88,24.89
TXN_228,2024-01-05 17:30:00,CUST_229,Apparel,5,529.07,75.99,2024,1,January,Friday,2645.35,379.95,2265.4,85.64
TXN_230,2024-01-05 18:30:00,CUST_153,Electronics,1,68.67,241.2,2024,1,January,Friday,68.67,241.2,-172.53,-251.25
TXN_232,2024-01-05 19:30:00,CUST_323,Apparel,4,229.7,290.86,2024,1,January,Friday,918.8,1163.44,-244.64,-26.63
TXN_233,2024-01-05 20:00:00,CUST_324,Apparel,1,345.09,253.71,2024,1,January,Friday,345.09,253.71,91.38,26.48
TXN_234,2024-01-05 20:30:00,CUST_484,Electronics,1,399.22,320.62,2024,1,January,Friday,399.22,320.62,78.6,19.69
TXN_235,2024-01-05 21:00:00,CUST_225,Electronics,5,208.85,36.11,2024,1,January,Friday,1044.25,180.55,863.7,82.71
TXN_236,2024-01-05 21:30:00,CUST_229,Home Goods,4,405.49,183.11,2024,1,January,Friday,1621.96,732.44,889.52,54.84
TXN_238,2024-01-05 22:30:00,CUST_271,Home Goods,4,396.43,80.55,2024,1,January,Friday,1585.72,322.2,1263.52,79.68
TXN_240,2024-01-05 23:30:00,CUST_259,Home Goods,3,354.11,152.45,2024,1,January,Friday,1062.33,457.35,604.98,56.95
TXN_241,2024-01-06 00:00:00,CUST_297,Electronics,2,332.01,280.07,2024,1,January,Saturday,664.02,560.14,103.88,15.64
TXN_242,2024-01-06 00:30:00,CUST_346,Home Goods,5,524.36,177.82,2024,1,January,Saturday,2621.8,889.1,1732.7,66.09
TXN_245,2024-01-06 02:00:00,CUST_283,Electronics,4,365.22,87.72,2024,1,January,Saturday,1460.88,350.88,1110.0,75.98
TXN_246,2024-01-06 02:30:00,CUST_222,Electronics,5,321.79,323.84,2024,1,January,Saturday,1608.95,1619.2,-10.25,-0.64
TXN_249,2024-01-06 04:00:00,CUST_379,Apparel,3,344.66,60.59,2024,1,January,Saturday,1033.98,181.77,852.21,82.42
TXN_250,2024-01-06 04:30:00,CUST_424,Electronics,1,86.18,157.64,2024,1,January,Saturday,86.18,157.64,-71.46,-82.92
TXN_252,2024-01-06 05:30:00,CUST_197,Electronics,4,402.05,348.46,2024,1,January,Saturday,1608.2,1393.84,214.36,13.33
TXN_254,2024-01-06 06:30:00,CUST_494,Home Goods,3,195.67,62.36,2024,1,January,Saturday,587.01,187.08,399.93,68.13
TXN_255,2024-01-06 07:00:00,CUST_339,Electronics,5,426.26,116.91,2024,1,January,Saturday,2131.3,584.55,1546.75,72.57
TXN_257,2024-01-06 08:00:00,CUST_196,Electronics,3,68.26,229.13,2024,1,January,Saturday,204.78,687.39,-482.61,-235.67
TXN_258,2024-01-06 08:30:00,CUST_300,Apparel,3,352.7,178.69,2024,1,January,Saturday,1058.1,536.07,522.03,49.34
TXN_260,2024-01-06 09:30:00,CUST_286,Home Goods,3,162.58,248.44,2024,1,January,Saturday,487.74,745.32,-257.58,-52.81
TXN_261,2024-01-06 10:00:00,CUST_425,Electronics,3,283.64,95.44,2024,1,January,Saturday,850.92,286.32,564.6,66.35
TXN_265,2024-01-06 12:00:00,CUST_351,Electronics,3,472.07,325.41,2024,1,January,Saturday,1416.21,976.23,439.98,31.07
TXN_266,2024-01-06 12:30:00,CUST_445,Home Goods,3,500.46,276.2,2024,1,January,Saturday,1501.38,828.6,672.78,44.81
TXN_267,2024-01-06 13:00:00,CUST_246,Apparel,2,596.76,212.43,2024,1,January,Saturday,1193.52,424.86,768.66,64.4
TXN_268,2024-01-06 13:30:00,CUST_247,Apparel,5,265.76,318.1,2024,1,January,Saturday,1328.8,1590.5,-261.7,-19.69
TXN_269,2024-01-06 14:00:00,CUST_451,Home Goods,1,526.35,214.12,2024,1,January,Saturday,526.35,214.12,312.23,59.32
TXN_270,2024-01-06 14:30:00,CUST_298,Electronics,5,575.16,187.2,2024,1,January,Saturday,2875.8,936.0,1939.8,67.45
TXN_271,2024-01-06 15:00:00,CUST_407,Electronics,4,116.14,131.13,2024,1,January,Saturday,464.56,524.52,-59.96,-12.91
TXN_272,2024-01-06 15:30:00,CUST_227,Home Goods,4,295.47,310.17,2024,1,January,Saturday,1181.88,1240.68,-58.8,-4.98
TXN_274,2024-01-06 16:30:00,CUST_437,Electronics,5,378.12,170.99,2024,1,January,Saturday,1890.6,854.95,1035.65,54.78
TXN_275,2024-01-06 17:00:00,CUST_459,Apparel,3,355.12,192.72,2024,1,January,Saturday,1065.36,578.16,487.2,45.73
TXN_276,2024-01-06 17:30:00,CUST_228,Apparel,2,134.41,198.61,2024,1,January,Saturday,268.82,397.22,-128.4,-47.76
TXN_277,2024-01-06 18:00:00,CUST_366,Electronics,1,481.77,231.64,2024,1,January,Saturday,481.77,231.64,250.13,51.92
TXN_280,2024-01-06 19:30:00,CUST_198,Apparel,3,30.59,301.36,2024,1,January,Saturday,91.77,904.08,-812.31,-885.16
TXN_281,2024-01-06 20:00:00,CUST_362,Home Goods,5,399.24,233.56,2024,1,January,Saturday,1996.2,1167.8,828.4,41.5
TXN_283,2024-01-06 21:00:00,CUST_243,Apparel,5,161.97,103.85,2024,1,January,Saturday,809.85,519.25,290.6,35.88
TXN_284,2024-01-06 21:30:00,CUST_445,Electronics,2,437.32,226.6,2024,1,January,Saturday,874.64,453.2,421.44,48.18
TXN_285,2024-01-06 22:00:00,CUST_211,Home Goods,2,179.04,252.82,2024,1,January,Saturday,358.08,505.64,-147.56,-41.21
TXN_287,2024-01-06 23:00:00,CUST_468,Electronics,5,550.42,286.16,2024,1,January,Saturday,2752.1,1430.8,1321.3,48.01
TXN_289,2024-01-07 00:00:00,CUST_484,Home Goods,3,489.48,212.27,2024,1,January,Sunday,1468.44,636.81,831.63,56.63
TXN_291,2024-01-07 01:00:00,CUST_353,Apparel,3,89.17,191.51,2024,1,January,Sunday,267.51,574.53,-307.02,-114.77
TXN_292,2024-01-07 01:30:00,CUST_239,Electronics,3,84.8,224.22,2024,1,January,Sunday,254.4,672.66,-418.26,-164.41
TXN_294,2024-01-07 02:30:00,CUST_259,Apparel,1,120.41,242.83,2024,1,January,Sunday,120.41,242.83,-122.42,-101.67
TXN_295,2024-01-07 03:00:00,CUST_108,Electronics,1,539.61,124.17,2024,1,January,Sunday,539.61,124.17,415.44,76.99
TXN_296,2024-01-07 03:30:00,CUST_332,Apparel,3,594.7,163.7,2024,1,January,Sunday,1784.1,491.1,1293.0,72.47
TXN_297,2024-01-07 04:00:00,CUST_198,Home Goods,5,239.51,123.26,2024,1,January,Sunday,1197.55,616.3,581.25,48.54
TXN_298,2024-01-07 04:30:00,CUST_246,Home Goods,2,384.16,171.14,2024,1,January,Sunday,768.32,342.28,426.04,55.45
TXN_300,2024-01-07 05:30:00,CUST_307,Home Goods,4,244.7,295.04,2024,1,January,Sunday,978.8,1180.16,-201.36,-20.57
TXN_301,2024-01-07 06:00:00,CUST_230,Home Goods,2,109.66,174.37,2024,1,January,Sunday,219.32,348.74,-129.42,-59.01
TXN_302,2024-01-07 06:30:00,CUST_251,Apparel,2,268.75,119.9,2024,1,January,Sunday,537.5,239.8,297.7,55.39
TXN_303,2024-01-07 07:00:00,CUST_153,Electronics,4,466.55,175.9,2024,1,January,Sunday,1866.2,703.6,1162.6,62.3
TXN_304,2024-01-07 07:30:00,CUST_219,Electronics,3,471.75,244.19,2024,1,January,Sunday,1415.25,732.57,682.68,48.24
TXN_305,2024-01-07 08:00:00,CUST_260,Electronics,2,149.87,127.88,2024,1,January,Sunday,299.74,255.76,43.98,14.67
TXN_306,2024-01-07 08:30:00,CUST_215,Electronics,4,117.35,150.86,2024,1,January,Sunday,469.4,603.44,-134.04,-28.56
TXN_309,2024-01-07 10:00:00,CUST_203,Apparel,5,444.82,81.09,2024,1,January,Sunday,2224.1,405.45,1818.65,81.77
TXN_310,2024-01-07 10:30:00,CUST_439,Home Goods,5,42.16,57.73,2024,1,January,Sunday,210.8,288.65,-77.85,-36.93
TXN_311,2024-01-07 11:00:00,CUST_353,Electronics,5,505.17,129.89,2024,1,January,Sunday,2525.85,649.45,1876.4,74.29
TXN_312,2024-01-07 11:30:00,CUST_326,Apparel,3,544.67,26.44,2024,1,January,Sunday,1634.01,79.32,1554.69,95.15
TXN_313,2024-01-07 12:00:00,CUST_211,Apparel,2,188.99,208.38,2024,1,January,Sunday,377.98,416.76,-38.78,-10.26
TXN_314,2024-01-07 12:30:00,CUST_198,Electronics,2,58.25,69.81,2024,1,January,Sunday,116.5,139.62,-23.12,-19.85
TXN_315,2024-01-07 13:00:00,CUST_252,Home Goods,1,296.2,138.31,2024,1,January,Sunday,296.2,138.31,157.89,53.31
TXN_316,2024-01-07 13:30:00,CUST_448,Apparel,5,189.6,101.54,2024,1,January,Sunday,948.0,507.7,440.3,46.45
TXN_317,2024-01-07 14:00:00,CUST_483,Electronics,3,259.02,224.33,2024,1,January,Sunday,777.06,672.99,104.07,13.39
TXN_318,2024-01-07 14:30:00,CUST_465,Home Goods,4,404.02,299.12,2024,1,January,Sunday,1616.08,1196.48,419.6,25.96
TXN_319,2024-01-07 15:00:00,CUST_437,Electronics,3,137.75,225.32,2024,1,January,Sunday,413.25,675.96,-262.71,-63.57
TXN_320,2024-01-07 15:30:00,CUST_293,Apparel,2,223.82,194.45,2024,1,January,Sunday,447.64,388.9,58.74,13.12
TXN_324,2024-01-07 17:30:00,CUST_268,Apparel,5,403.62,42.28,2024,1,January,Sunday,2018.1,211.4,1806.7,89.52
TXN_325,2024-01-07 18:00:00,CUST_260,Electronics,1,462.71,43.39,2024,1,January,Sunday,462.71,43.39,419.32,90.62
TXN_327,2024-01-07 19:00:00,CUST_388,Home Goods,3,155.11,190.9,2024,1,January,Sunday,465.33,572.7,-107.37,-23.07
TXN_328,2024-01-07 19:30:00,CUST_497,Apparel,1,15.14,48.99,2024,1,January,Sunday,15.14,48.99,-33.85,-223.58
TXN_330,2024-01-07 20:30:00,CUST_403,Apparel,2,496.24,300.45,2024,1,January,Sunday,992.48,600.9,391.58,39.45
TXN_331,2024-01-07 21:00:00,CUST_483,Home Goods,4,423.1,340.36,2024,1,January,Sunday,1692.4,1361.44,330.96,19.56
TXN_332,2024-01-07 21:30:00,CUST_491,Apparel,3,59.8,24.45,2024,1,January,Sunday,179.4,73.35,106.05,59.11
TXN_334,2024-01-07 22:30:00,CUST_294,Home Goods,2,495.3,283.27,2024,1,January,Sunday,990.6,566.54,424.06,42.81
TXN_335,2024-01-07 23:00:00,CUST_227,Apparel,5,242.96,316.72,2024,1,January,Sunday,1214.8,1583.6,-368.8,-30.36
TXN_336,2024-01-07 23:30:00,CUST_132,Electronics,3,130.83,189.5,2024,1,January,Sunday,392.49,568.5,-176.01,-44.84
TXN_337,2024-01-08 00:00:00,CUST_275,Apparel,1,358.76,277.88,2024,1,January,Monday,358.76,277.88,80.88,22.54
TXN_339,2024-01-08 01:00:00,CUST_474,Electronics,3,43.59,35.8,2024,1,January,Monday,130.77,107.4,23.37,17.87
TXN_340,2024-01-08 01:30:00,CUST_121,Apparel,2,364.22,50.3,2024,1,January,Monday,728.44,100.6,627.84,86.19
TXN_341,2024-01-08 02:00:00,CUST_337,Home Goods,2,391.26,321.03,2024,1,January,Monday,782.52,642.06,140.46,17.95
TXN_343,2024-01-08 03:00:00,CUST_137,Apparel,1,395.27,44.05,2024,1,January,Monday,395.27,44.05,351.22,88.86
TXN_345,2024-01-08 04:00:00,CUST_464,Electronics,2,91.29,46.51,2024,1,January,Monday,182.58,93.02,89.56,49.05
TXN_346,2024-01-08 04:30:00,CUST_150,Home Goods,3,152.44,305.72,2024,1,January,Monday,457.32,917.16,-459.84,-100.55
TXN_349,2024-01-08 06:00:00,CUST_126,Home Goods,1,386.33,17.43,2024,1,January,Monday,386.33,17.43,368.9,95.49
TXN_350,2024-01-08 06:30:00,CUST_325,Electronics,2,404.25,191.69,2024,1,January,Monday,808.5,383.38,425.12,52.58
TXN_352,2024-01-08 07:30:00,CUST_385,Unknown,2,364.91,308.8,2024,1,January,Monday,729.82,617.6,112.22,15.38
TXN_353,2024-01-08 08:00:00,CUST_196,Electronics,3,327.44,115.41,2024,1,January,Monday,982.32,346.23,636.09,64.75
TXN_354,2024-01-08 08:30:00,CUST_383,Electronics,2,167.5,141.35,2024,1,January,Monday,335.0,282.7,52.3,15.61
TXN_356,2024-01-08 09:30:00,CUST_416,Apparel,3,547.13,259.62,2024,1,January,Monday,1641.39,778.86,862.53,52.55
TXN_357,2024-01-08 10:00:00,CUST_403,Electronics,5,264.56,125.99,2024,1,January,Monday,1322.8,629.95,692.85,52.38
TXN_360,2024-01-08 11:30:00,CUST_134,Home Goods,3,60.51,165.73,2024,1,January,Monday,181.53,497.19,-315.66,-173.89
TXN_361,2024-01-08 12:00:00,CUST_291,Electronics,4,62.57,36.1,2024,1,January,Monday,250.28,144.4,105.88,42.3
TXN_362,2024-01-08 12:30:00,CUST_148,Electronics,2,470.27,278.62,2024,1,January,Monday,940.54,557.24,383.3,40.75
TXN_363,2024-01-08 13:00:00,CUST_116,Electronics,5,219.9,209.01,2024,1,January,Monday,1099.5,1045.05,54.45,4.95
TXN_365,2024-01-08 14:00:00,CUST_319,Apparel,1,452.18,238.94,2024,1,January,Monday,452.18,238.94,213.24,47.16
TXN_366,2024-01-08 14:30:00,CUST_257,Home Goods,4,114.43,181.83,2024,1,January,Monday,457.72,727.32,-269.6,-58.9
TXN_367,2024-01-08 15:00:00,CUST_145,Electronics,1,159.2,230.46,2024,1,January,Monday,159.2,230.46,-71.26,-44.76
TXN_369,2024-01-08 16:00:00,CUST_105,Electronics,4,208.89,218.59,2024,1,January,Monday,835.56,874.36,-38.8,-4.64
TXN_370,2024-01-08 16:30:00,CUST_198,Apparel,5,357.45,234.26,2024,1,January,Monday,1787.25,1171.3,615.95,34.46
TXN_372,2024-01-08 17:30:00,CUST_332,Apparel,5,244.88,190.6,2024,1,January,Monday,1224.4,953.0,271.4,22.17
TXN_373,2024-01-08 18:00:00,CUST_136,Electronics,5,519.79,68.47,2024,1,January,Monday,2598.95,342.35,2256.6,86.83
TXN_374,2024-01-08 18:30:00,CUST_379,Home Goods,4,532.45,124.13,2024,1,January,Monday,2129.8,496.52,1633.28,76.69
TXN_375,2024-01-08 19:00:00,CUST_448,Electronics,3,499.21,245.66,2024,1,January,Monday,1497.63,736.98,760.65,50.79
TXN_377,2024-01-08 20:00:00,CUST_280,Electronics,1,348.29,148.08,2024,1,January,Monday,348.29,148.08,200.21,57.48
TXN_378,2024-01-08 20:30:00,CUST_194,Apparel,3,393.05,268.15,2024,1,January,Monday,1179.15,804.45,374.7,31.78
TXN_379,2024-01-08 21:00:00,CUST_198,Electronics,3,340.95,11.89,2024,1,January,Monday,1022.85,35.67,987.18,96.51
TXN_380,2024-01-08 21:30:00,CUST_287,Apparel,2,474.57,240.86,2024,1,January,Monday,949.14,481.72,467.42,49.25
TXN_382,2024-01-08 22:30:00,CUST_290,Apparel,1,79.98,138.1,2024,1,January,Monday,79.98,138.1,-58.12,-72.67
TXN_383,2024-01-08 23:00:00,CUST_352,Apparel,4,488.6,125.78,2024,1,January,Monday,1954.4,503.12,1451.28,74.26
TXN_385,2024-01-09 00:00:00,CUST_355,Apparel,2,494.88,123.65,2024,1,January,Tuesday,989.76,247.3,742.46,75.01
TXN_386,2024-01-09 00:30:00,CUST_422,Home Goods,2,126.4,143.08,2024,1,January,Tuesday,252.8,286.16,-33.36,-13.2
TXN_388,2024-01-09 01:30:00,CUST_117,Apparel,5,188.01,238.58,2024,1,January,Tuesday,940.05,1192.9,-252.85,-26.9
TXN_389,2024-01-09 02:00:00,CUST_380,Apparel,4,312.23,164.21,2024,1,January,Tuesday,1248.92,656.84,592.08,47.41
TXN_390,2024-01-09 02:30:00,CUST_322,Electronics,3,93.32,280.74,2024,1,January,Tuesday,279.96,842.22,-562.26,-200.84
TXN_392,2024-01-09 03:30:00,CUST_157,Electronics,3,121.56,74.46,2024,1,January,Tuesday,364.68,223.38,141.3,38.75
TXN_393,2024-01-09 04:00:00,CUST_422,Electronics,3,169.89,104.24,2024,1,January,Tuesday,509.67,312.72,196.95,38.64
TXN_394,2024-01-09 04:30:00,CUST_459,Electronics,5,428.24,36.94,2024,1,January,Tuesday,2141.2,184.7,1956.5,91.37
TXN_395,2024-01-09 05:00:00,CUST_273,Electronics,3,515.06,331.55,2024,1,January,Tuesday,1545.18,994.65,550.53,35.63
TXN_396,2024-01-09 05:30:00,CUST_379,Apparel,1,28.4,311.43,2024,1,January,Tuesday,28.4,311.43,-283.03,-996.58
TXN_397,2024-01-09 06:00:00,CUST_213,Apparel,3,346.05,38.83,2024,1,January,Tuesday,1038.15,116.49,921.66,88.78
TXN_398,2024-01-09 06:30:00,CUST_387,Unknown,3,36.09,205.19,2024,1,January,Tuesday,108.27,615.57,-507.3,-468.55
TXN_399,2024-01-09 07:00:00,CUST_441,Apparel,1,64.87,336.54,2024,1,January,Tuesday,64.87,336.54,-271.67,-418.79
TXN_400,2024-01-09 07:30:00,CUST_250,Electronics,5,427.47,264.03,2024,1,January,Tuesday,2137.35,1320.15,817.2,38.23
TXN_401,2024-01-09 08:00:00,CUST_226,Home Goods,2,445.33,177.22,2024,1,January,Tuesday,890.66,354.44,536.22,60.2
TXN_402,2024-01-09 08:30:00,CUST_254,Home Goods,4,491.18,91.98,2024,1,January,Tuesday,1964.72,367.92,1596.8,81.27
TXN_403,2024-01-09 09:00:00,CUST_485,Apparel,5,292.43,104.87,2024,1,January,Tuesday,1462.15,524.35,937.8,64.14
TXN_404,2024-01-09 09:30:00,CUST_372,Apparel,3,517.99,260.32,2024,1,January,Tuesday,1553.97,780.96,773.01,49.74
TXN_405,2024-01-09 10:00:00,CUST_203,Unknown,2,112.6,275.4,2024,1,January,Tuesday,225.2,550.8,-325.6,-144.58
TXN_406,2024-01-09 10:30:00,CUST_492,Apparel,4,161.08,189.76,2024,1,January,Tuesday,644.32,759.04,-114.72,-17.8
TXN_407,2024-01-09 11:00:00,CUST_398,Home Goods,4,93.68,51.12,2024,1,January,Tuesday,374.72,204.48,170.24,45.43
TXN_408,2024-01-09 11:30:00,CUST_345,Electronics,4,481.56,327.52,2024,1,January,Tuesday,1926.24,1310.08,616.16,31.99
TXN_409,2024-01-09 12:00:00,CUST_275,Electronics,1,148.77,297.22,2024,1,January,Tuesday,148.77,297.22,-148.45,-99.78
TXN_410,2024-01-09 12:30:00,CUST_138,Apparel,1,105.97,57.78,2024,1,January,Tuesday,105.97,57.78,48.19,45.48
TXN_411,2024-01-09 13:00:00,CUST_269,Apparel,2,379.52,29.29,2024,1,January,Tuesday,759.04,58.58,700.46,92.28
TXN_412,2024-01-09 13:30:00,CUST_346,Home Goods,3,60.09,192.2,2024,1,January,Tuesday,180.27,576.6,-396.33,-219.85
TXN_414,2024-01-09 14:30:00,CUST_454,Electronics,2,77.43,106.3,2024,1,January,Tuesday,154.86,212.6,-57.74,-37.29
TXN_415,2024-01-09 15:00:00,CUST_405,Electronics,3,15.14,39.66,2024,1,January,Tuesday,45.42,118.98,-73.56,-161.96
TXN_416,2024-01-09 15:30:00,CUST_112,Home Goods,5,422.74,334.15,2024,1,January,Tuesday,2113.7,1670.75,442.95,20.96
TXN_418,2024-01-09 16:30:00,CUST_490,Electronics,4,137.78,48.7,2024,1,January,Tuesday,551.12,194.8,356.32,64.65
TXN_419,2024-01-09 17:00:00,CUST_412,Apparel,4,151.31,308.04,2024,1,January,Tuesday,605.24,1232.16,-626.92,-103.58
TXN_420,2024-01-09 17:30:00,CUST_135,Apparel,1,489.42,242.21,2024,1,January,Tuesday,489.42,242.21,247.21,50.51
TXN_422,2024-01-09 18:30:00,CUST_119,Apparel,5,423.64,306.23,2024,1,January,Tuesday,2118.2,1531.15,587.05,27.71
TXN_424,2024-01-09 19:30:00,CUST_363,Unknown,5,154.07,298.55,2024,1,January,Tuesday,770.35,1492.75,-722.4,-93.78
TXN_425,2024-01-09 20:00:00,CUST_499,Apparel,3,582.69,169.55,2024,1,January,Tuesday,1748.07,508.65,1239.42,70.9
TXN_426,2024-01-09 20:30:00,CUST_241,Apparel,5,345.9,180.22,2024,1,January,Tuesday,1729.5,901.1,828.4,47.9
TXN_429,2024-01-09 22:00:00,CUST_191,Electronics,1,207.66,203.04,2024,1,January,Tuesday,207.66,203.04,4.62,2.22
TXN_430,2024-01-09 22:30:00,CUST_453,Electronics,3,140.24,332.0,2024,1,January,Tuesday,420.72,996.0,-575.28,-136.74
TXN_431,2024-01-09 23:00:00,CUST_421,Apparel,2,561.06,214.04,2024,1,January,Tuesday,1122.12,428.08,694.04,61.85
TXN_432,2024-01-09 23:30:00,CUST_387,Electronics,3,530.34,60.11,2024,1,January,Tuesday,1591.02,180.33,1410.69,88.67
TXN_433,2024-01-10 00:00:00,CUST_314,Apparel,2,131.5,12.38,2024,1,January,Wednesday,263.0,24.76,238.24,90.59
TXN_435,2024-01-10 01:00:00,CUST_150,Apparel,3,460.95,133.87,2024,1,January,Wednesday,1382.85,401.61,981.24,70.96
TXN_436,2024-01-10 01:30:00,CUST_252,Electronics,4,136.98,117.09,2024,1,January,Wednesday,547.92,468.36,79.56,14.52
TXN_438,2024-01-10 02:30:00,CUST_162,Electronics,2,424.38,331.42,2024,1,January,Wednesday,848.76,662.84,185.92,21.9
TXN_439,2024-01-10 03:00:00,CUST_289,Home Goods,1,397.57,264.34,2024,1,January,Wednesday,397.57,264.34,133.23,33.51
TXN_443,2024-01-10 05:00:00,CUST_157,Apparel,2,217.7,318.35,2024,1,January,Wednesday,435.4,636.7,-201.3,-46.23
TXN_444,2024-01-10 05:30:00,CUST_441,Unknown,2,528.98,349.52,2024,1,January,Wednesday,1057.96,699.04,358.92,33.93
TXN_445,2024-01-10 06:00:00,CUST_404,Electronics,3,27.76,183.93,2024,1,January,Wednesday,83.28,551.79,-468.51,-562.57
TXN_446,2024-01-10 06:30:00,CUST_279,Apparel,4,183.6,289.66,2024,1,January,Wednesday,734.4,1158.64,-424.24,-57.77
TXN_448,2024-01-10 07:30:00,CUST_425,Electronics,3,395.95,107.18,2024,1,January,Wednesday,1187.85,321.54,866.31,72.93
TXN_449,2024-01-10 08:00:00,CUST_370,Unknown,3,73.96,136.31,2024,1,January,Wednesday,221.88,408.93,-187.05,-84.3
TXN_450,2024-01-10 08:30:00,CUST_153,Apparel,4,509.74,341.68,2024,1,January,Wednesday,2038.96,1366.72,672.24,32.97
TXN_451,2024-01-10 09:00:00,CUST_200,Electronics,3,393.26,11.15,2024,1,January,Wednesday,1179.78,33.45,1146.33,97.16
TXN_452,2024-01-10 09:30:00,CUST_363,Electronics,4,31.86,114.73,2024,1,January,Wednesday,127.44,458.92,-331.48,-260.11
TXN_453,2024-01-10 10:00:00,CUST_152,Apparel,1,433.14,326.34,2024,1,January,Wednesday,433.14,326.34,106.8,24.66
TXN_454,2024-01-10 10:30:00,CUST_159,Apparel,4,519.29,114.27,2024,1,January,Wednesday,2077.16,457.08,1620.08,77.99
TXN_455,2024-01-10 11:00:00,CUST_207,Electronics,5,401.76,86.52,2024,1,January,Wednesday,2008.8,432.6,1576.2,78.46
TXN_456,2024-01-10 11:30:00,CUST_104,Unknown,4,32.86,258.23,2024,1,January,Wednesday,131.44,1032.92,-901.48,-685.85
TXN_457,2024-01-10 12:00:00,CUST_202,Electronics,4,516.88,263.42,2024,1,January,Wednesday,2067.52,1053.68,1013.84,49.04
TXN_459,2024-01-10 13:00:00,CUST_361,Home Goods,5,236.39,331.95,2024,1,January,Wednesday,1181.95,1659.75,-477.8,-40.42
TXN_460,2024-01-10 13:30:00,CUST_464,Electronics,4,207.25,78.92,2024,1,January,Wednesday,829.0,315.68,513.32,61.92
TXN_461,2024-01-10 14:00:00,CUST_471,Electronics,2,295.69,320.56,2024,1,January,Wednesday,591.38,641.12,-49.74,-8.41
TXN_463,2024-01-10 15:00:00,CUST_146,Home Goods,3,162.45,135.19,2024,1,January,Wednesday,487.35,405.57,81.78,16.78
TXN_464,2024-01-10 15:30:00,CUST_454,Electronics,3,74.06,284.35,2024,1,January,Wednesday,222.18,853.05,-630.87,-283.95
TXN_465,2024-01-10 16:00:00,CUST_410,Home Goods,1,520.81,55.29,2024,1,January,Wednesday,520.81,55.29,465.52,89.38
TXN_466,2024-01-10 16:30:00,CUST_407,Home Goods,1,30.38,54.53,2024,1,January,Wednesday,30.38,54.53,-24.15,-79.49
TXN_467,2024-01-10 17:00:00,CUST_243,Electronics,5,547.93,326.18,2024,1,January,Wednesday,2739.65,1630.9,1108.75,40.47
TXN_468,2024-01-10 17:30:00,CUST_368,Apparel,2,193.86,42.23,2024,1,January,Wednesday,387.72,84.46,303.26,78.22
TXN_469,2024-01-10 18:00:00,CUST_469,Electronics,1,312.31,11.39,2024,1,January,Wednesday,312.31,11.39,300.92,96.35
TXN_470,2024-01-10 18:30:00,CUST_223,Apparel,3,92.39,142.27,2024,1,January,Wednesday,277.17,426.81,-149.64,-53.99
TXN_471,2024-01-10 19:00:00,CUST_205,Home Goods,1,542.82,45.31,2024,1,January,Wednesday,542.82,45.31,497.51,91.65
TXN_472,2024-01-10 19:30:00,CUST_257,Unknown,1,453.65,303.43,2024,1,January,Wednesday,453.65,303.43,150.22,33.11
TXN_473,2024-01-10 20:00:00,CUST_246,Electronics,4,555.63,323.72,2024,1,January,Wednesday,2222.52,1294.88,927.64,41.74
TXN_474,2024-01-10 20:30:00,CUST_244,Apparel,1,414.69,174.02,2024,1,January,Wednesday,414.69,174.02,240.67,58.04
TXN_475,2024-01-10 21:00:00,CUST_219,Apparel,5,123.05,154.66,2024,1,January,Wednesday,615.25,773.3,-158.05,-25.69
TXN_476,2024-01-10 21:30:00,CUST_418,Electronics,3,195.34,193.27,2024,1,January,Wednesday,586.02,579.81,6.21,1.06
TXN_477,2024-01-10 22:00:00,CUST_374,Electronics,5,299.81,86.91,2024,1,January,Wednesday,1499.05,434.55,1064.5,71.01
TXN_479,2024-01-10 23:00:00,CUST_157,Apparel,5,556.98,44.33,2024,1,January,Wednesday,2784.9,221.65,2563.25,92.04
TXN_481,2024-01-11 00:00:00,CUST_328,Electronics,2,426.3,217.98,2024,1,January,Thursday,852.6,435.96,416.64,48.87
TXN_486,2024-01-11 02:30:00,CUST_492,Apparel,4,443.47,312.02,2024,1,January,Thursday,1773.88,1248.08,525.8,29.64
TXN_487,2024-01-11 03:00:00,CUST_495,Electronics,5,186.72,331.96,2024,1,January,Thursday,933.6,1659.8,-726.2,-77.78
TXN_488,2024-01-11 03:30:00,CUST_228,Electronics,2,210.38,326.97,2024,1,January,Thursday,420.76,653.94,-233.18,-55.42
TXN_489,2024-01-11 04:00:00,CUST_157,Apparel,3,30.87,23.19,2024,1,January,Thursday,92.61,69.57,23.04,24.88
TXN_490,2024-01-11 04:30:00,CUST_221,Electronics,3,583.27,215.48,2024,1,January,Thursday,1749.81,646.44,1103.37,63.06
TXN_491,2024-01-11 05:00:00,CUST_100,Electronics,2,490.87,228.7,2024,1,January,Thursday,981.74,457.4,524.34,53.41
TXN_493,2024-01-11 06:00:00,CUST_389,Electronics,5,599.71,347.42,2024,1,January,Thursday,2998.55,1737.1,1261.45,42.07
TXN_494,2024-01-11 06:30:00,CUST_195,Electronics,5,368.94,109.0,2024,1,January,Thursday,1844.7,545.0,1299.7,70.46
TXN_495,2024-01-11 07:00:00,CUST_225,Unknown,4,514.43,83.65,2024,1,January,Thursday,2057.72,334.6,1723.12,83.74
TXN_496,2024-01-11 07:30:00,CUST_217,Electronics,4,54.0,174.61,2024,1,January,Thursday,216.0,698.44,-482.44,-223.35
TXN_498,2024-01-11 08:30:00,CUST_188,Electronics,3,406.75,324.17,2024,1,January,Thursday,1220.25,972.51,247.74,20.3
TXN_499,2024-01-11 09:00:00,CUST_336,Home Goods,4,77.26,159.63,2024,1,January,Thursday,309.04,638.52,-329.48,-106.61
TXN_500,2024-01-11 09:30:00,CUST_472,Apparel,2,301.01,149.45,2024,1,January,Thursday,602.02,298.9,303.12,50.35
TXN_501,2024-01-11 10:00:00,CUST_484,Electronics,3,273.97,222.79,2024,1,January,Thursday,821.91,668.37,153.54,18.68
TXN_504,2024-01-11 11:30:00,CUST_291,Electronics,5,580.76,271.26,2024,1,January,Thursday,2903.8,1356.3,1547.5,53.29
TXN_505,2024-01-11 12:00:00,CUST_168,Electronics,3,183.86,171.17,2024,1,January,Thursday,551.58,513.51,38.07,6.9
TXN_506,2024-01-11 12:30:00,CUST_377,Electronics,1,139.85,334.94,2024,1,January,Thursday,139.85,334.94,-195.09,-139.5
TXN_507,2024-01-11 13:00:00,CUST_448,Electronics,3,328.68,206.98,2024,1,January,Thursday,986.04,620.94,365.1,37.03
TXN_508,2024-01-11 13:30:00,CUST_346,Apparel,4,407.51,246.38,2024,1,January,Thursday,1630.04,985.52,644.52,39.54
TXN_509,2024-01-11 14:00:00,CUST_175,Electronics,2,439.18,324.28,2024,1,January,Thursday,878.36,648.56,229.8,26.16
TXN_510,2024-01-11 14:30:00,CUST_253,Apparel,5,456.23,236.56,2024,1,January,Thursday,2281.15,1182.8,1098.35,48.15
TXN_511,2024-01-11 15:00:00,CUST_243,Electronics,5,36.55,156.82,2024,1,January,Thursday,182.75,784.1,-601.35,-329.06
TXN_512,2024-01-11 15:30:00,CUST_185,Electronics,4,245.35,18.42,2024,1,January,Thursday,981.4,73.68,907.72,92.49
TXN_513,2024-01-11 16:00:00,CUST_284,Apparel,4,467.77,257.62,2024,1,January,Thursday,1871.08,1030.48,840.6,44.93
TXN_514,2024-01-11 16:30:00,CUST_384,Home Goods,4,544.34,338.05,2024,1,January,Thursday,2177.36,1352.2,825.16,37.9
TXN_515,2024-01-11 17:00:00,CUST_319,Electronics,1,367.29,169.88,2024,1,January,Thursday,367.29,169.88,197.41,53.75
TXN_516,2024-01-11 17:30:00,CUST_168,Apparel,2,45.6,125.52,2024,1,January,Thursday,91.2,251.04,-159.84,-175.26
TXN_517,2024-01-11 18:00:00,CUST_146,Electronics,1,247.04,186.55,2024,1,January,Thursday,247.04,186.55,60.49,24.49
TXN_518,2024-01-11 18:30:00,CUST_193,Electronics,4,58.42,257.67,2024,1,January,Thursday,233.68,1030.68,-797.0,-341.06
TXN_519,2024-01-11 19:00:00,CUST_337,Electronics,2,452.89,10.23,2024,1,January,Thursday,905.78,20.46,885.32,97.74
TXN_522,2024-01-11 20:30:00,CUST_317,Electronics,4,258.92,194.04,2024,1,January,Thursday,1035.68,776.16,259.52,25.06
TXN_523,2024-01-11 21:00:00,CUST_440,Home Goods,2,285.65,51.61,2024,1,January,Thursday,571.3,103.22,468.08,81.93
TXN_524,2024-01-11 21:30:00,CUST_138,Electronics,5,252.79,238.41,2024,1,January,Thursday,1263.95,1192.05,71.9,5.69
TXN_525,2024-01-11 22:00:00,CUST_199,Apparel,1,286.09,56.87,2024,1,January,Thursday,286.09,56.87,229.22,80.12
TXN_527,2024-01-11 23:00:00,CUST_353,Apparel,4,231.02,41.83,2024,1,January,Thursday,924.08,167.32,756.76,81.89
TXN_528,2024-01-11 23:30:00,CUST_321,Apparel,4,335.43,210.28,2024,1,January,Thursday,1341.72,841.12,500.6,37.31
TXN_529,2024-01-12 00:00:00,CUST_456,Electronics,3,192.47,118.14,2024,1,January,Friday,577.41,354.42,222.99,38.62
TXN_531,2024-01-12 01:00:00,CUST_349,Apparel,5,374.07,281.98,2024,1,January,Friday,1870.35,1409.9,460.45,24.62
TXN_532,2024-01-12 01:30:00,CUST_109,Home Goods,4,301.94,349.48,2024,1,January,Friday,1207.76,1397.92,-190.16,-15.74
TXN_533,2024-01-12 02:00:00,CUST_345,Electronics,1,437.98,97.55,2024,1,January,Friday,437.98,97.55,340.43,77.73
TXN_534,2024-01-12 02:30:00,CUST_424,Electronics,5,342.92,31.01,2024,1,January,Friday,1714.6,155.05,1559.55,90.96
TXN_535,2024-01-12 03:00:00,CUST_199,Home Goods,4,485.09,160.62,2024,1,January,Friday,1940.36,642.48,1297.88,66.89
TXN_536,2024-01-12 03:30:00,CUST_389,Electronics,1,274.39,38.36,2024,1,January,Friday,274.39,38.36,236.03,86.02
TXN_537,2024-01-12 04:00:00,CUST_279,Apparel,3,302.25,70.69,2024,1,January,Friday,906.75,212.07,694.68,76.61
TXN_538,2024-01-12 04:30:00,CUST_322,Electronics,3,406.93,213.08,2024,1,January,Friday,1220.79,639.24,581.55,47.64
TXN_540,2024-01-12 05:30:00,CUST_349,Apparel,1,240.77,24.73,2024,1,January,Friday,240.77,24.73,216.04,89.73
TXN_541,2024-01-12 06:00:00,CUST_246,Apparel,5,380.53,160.59,2024,1,January,Friday,1902.65,802.95,1099.7,57.8
TXN_542,2024-01-12 06:30:00,CUST_195,Electronics,1,31.89,190.27,2024,1,January,Friday,31.89,190.27,-158.38,-496.64
TXN_544,2024-01-12 07:30:00,CUST_424,Home Goods,1,365.33,306.49,2024,1,January,Friday,365.33,306.49,58.84,16.11
TXN_545,2024-01-12 08:00:00,CUST_103,Apparel,3,580.91,64.77,2024,1,January,Friday,1742.73,194.31,1548.42,88.85
TXN_546,2024-01-12 08:30:00,CUST_115,Electronics,3,528.05,96.33,2024,1,January,Friday,1584.15,288.99,1295.16,81.76
TXN_547,2024-01-12 09:00:00,CUST_379,Apparel,3,179.23,63.38,2024,1,January,Friday,537.69,190.14,347.55,64.64
TXN_549,2024-01-12 10:00:00,CUST_346,Home Goods,4,48.0,308.85,2024,1,January,Friday,192.0,1235.4,-1043.4,-543.44
TXN_552,2024-01-12 11:30:00,CUST_259,Apparel,4,87.14,155.51,2024,1,January,Friday,348.56,622.04,-273.48,-78.46
TXN_554,2024-01-12 12:30:00,CUST_251,Electronics,2,567.26,325.58,2024,1,January,Friday,1134.52,651.16,483.36,42.6
TXN_555,2024-01-12 13:00:00,CUST_495,Apparel,4,496.96,297.17,2024,1,January,Friday,1987.84,1188.68,799.16,40.2
TXN_556,2024-01-12 13:30:00,CUST_277,Electronics,5,472.37,33.46,2024,1,January,Friday,2361.85,167.3,2194.55,92.92
TXN_557,2024-01-12 14:00:00,CUST_262,Apparel,5,520.77,297.37,2024,1,January,Friday,2603.85,1486.85,1117.0,42.9
TXN_559,2024-01-12 15:00:00,CUST_132,Apparel,3,85.54,129.05,2024,1,January,Friday,256.62,387.15,-130.53,-50.87
TXN_561,2024-01-12 16:00:00,CUST_200,Home Goods,1,274.88,333.07,2024,1,January,Friday,274.88,333.07,-58.19,-21.17
TXN_562,2024-01-12 16:30:00,CUST_367,Home Goods,3,197.02,42.01,2024,1,January,Friday,591.06,126.03,465.03,78.68
TXN_564,2024-01-12 17:30:00,CUST_164,Electronics,1,286.52,79.19,2024,1,January,Friday,286.52,79.19,207.33,72.36
TXN_566,2024-01-12 18:30:00,CUST_429,Apparel,3,175.85,307.1,2024,1,January,Friday,527.55,921.3,-393.75,-74.64
TXN_567,2024-01-12 19:00:00,CUST_142,Home Goods,3,148.74,195.57,2024,1,January,Friday,446.22,586.71,-140.49,-31.48
TXN_568,2024-01-12 19:30:00,CUST_143,Electronics,5,534.18,32.94,2024,1,January,Friday,2670.9,164.7,2506.2,93.83
TXN_569,2024-01-12 20:00:00,CUST_384,Unknown,1,393.75,182.74,2024,1,January,Friday,393.75,182.74,211.01,53.59
TXN_570,2024-01-12 20:30:00,CUST_496,Apparel,2,342.82,278.48,2024,1,January,Friday,685.64,556.96,128.68,18.77
TXN_571,2024-01-12 21:00:00,CUST_111,Home Goods,2,311.39,189.82,2024,1,January,Friday,622.78,379.64,243.14,39.04
TXN_572,2024-01-12 21:30:00,CUST_194,Electronics,3,395.32,66.74,2024,1,January,Friday,1185.96,200.22,985.74,83.12
TXN_574,2024-01-12 22:30:00,CUST_485,Home Goods,3,339.32,324.28,2024,1,January,Friday,1017.96,972.84,45.12,4.43
TXN_576,2024-01-12 23:30:00,CUST_341,Home Goods,5,586.45,258.16,2024,1,January,Friday,2932.25,1290.8,1641.45,55.98
TXN_578,2024-01-13 00:30:00,CUST_314,Apparel,1,406.59,40.84,2024,1,January,Saturday,406.59,40.84,365.75,89.96
TXN_580,2024-01-13 01:30:00,CUST_189,Apparel,3,251.62,137.81,2024,1,January,Saturday,754.86,413.43,341.43,45.23
TXN_583,2024-01-13 03:00:00,CUST_189,Electronics,2,543.92,275.59,2024,1,January,Saturday,1087.84,551.18,536.66,49.33
TXN_584,2024-01-13 03:30:00,CUST_214,Electronics,1,501.05,64.91,2024,1,January,Saturday,501.05,64.91,436.14,87.05
TXN_585,2024-01-13 04:00:00,CUST_204,Apparel,3,252.86,116.22,2024,1,January,Saturday,758.58,348.66,409.92,54.04
TXN_586,2024-01-13 04:30:00,CUST_490,Apparel,1,107.96,106.86,2024,1,January,Saturday,107.96,106.86,1.1,1.02
TXN_587,2024-01-13 05:00:00,CUST_295,Apparel,5,210.36,26.53,2024,1,January,Saturday,1051.8,132.65,919.15,87.39
TXN_589,2024-01-13 06:00:00,CUST_213,Apparel,2,151.24,270.42,2024,1,January,Saturday,302.48,540.84,-238.36,-78.8
TXN_591,2024-01-13 07:00:00,CUST_475,Electronics,1,345.76,48.27,2024,1,January,Saturday,345.76,48.27,297.49,86.04
TXN_592,2024-01-13 07:30:00,CUST_316,Electronics,2,368.26,254.86,2024,1,January,Saturday,736.52,509.72,226.8,30.79
TXN_594,2024-01-13 08:30:00,CUST_348,Home Goods,3,401.97,253.18,2024,1,January,Saturday,1205.91,759.54,446.37,37.02
TXN_597,2024-01-13 10:00:00,CUST_456,Home Goods,4,502.64,173.16,2024,1,January,Saturday,2010.56,692.64,1317.92,65.55
TXN_598,2024-01-13 10:30:00,CUST_291,Apparel,1,169.24,217.5,2024,1,January,Saturday,169.24,217.5,-48.26,-28.52
TXN_599,2024-01-13 11:00:00,CUST_326,Electronics,2,137.78,41.33,2024,1,January,Saturday,275.56,82.66,192.9,70.0
TXN_600,2024-01-13 11:30:00,CUST_276,Electronics,1,556.9,79.71,2024,1,January,Saturday,556.9,79.71,477.19,85.69
TXN_601,2024-01-13 12:00:00,CUST_198,Apparel,3,420.69,272.94,2024,1,January,Saturday,1262.07,818.82,443.25,35.12
TXN_602,2024-01-13 12:30:00,CUST_135,Unknown,3,407.84,86.13,2024,1,January,Saturday,1223.52,258.39,965.13,78.88
TXN_606,2024-01-13 14:30:00,CUST_289,Home Goods,2,85.53,216.68,2024,1,January,Saturday,171.06,433.36,-262.3,-153.34
TXN_607,2024-01-13 15:00:00,CUST_323,Home Goods,5,281.01,220.22,2024,1,January,Saturday,1405.05,1101.1,303.95,21.63
TXN_608,2024-01-13 15:30:00,CUST_136,Apparel,1,281.39,180.07,2024,1,January,Saturday,281.39,180.07,101.32,36.01
TXN_609,2024-01-13 16:00:00,CUST_367,Apparel,1,329.93,177.88,2024,1,January,Saturday,329.93,177.88,152.05,46.09
TXN_610,2024-01-13 16:30:00,CUST_468,Electronics,3,386.29,324.22,2024,1,January,Saturday,1158.87,972.66,186.21,16.07
TXN_611,2024-01-13 17:00:00,CUST_282,Home Goods,1,575.03,191.52,2024,1,January,Saturday,575.03,191.52,383.51,66.69
TXN_612,2024-01-13 17:30:00,CUST_112,Home Goods,2,396.52,219.88,2024,1,January,Saturday,793.04,439.76,353.28,44.55
TXN_613,2024-01-13 18:00:00,CUST_378,Electronics,4,531.98,100.77,2024,1,January,Saturday,2127.92,403.08,1724.84,81.06
TXN_615,2024-01-13 19:00:00,CUST_454,Electronics,3,381.75,18.29,2024,1,January,Saturday,1145.25,54.87,1090.38,95.21
TXN_619,2024-01-13 21:00:00,CUST_468,Electronics,4,246.49,132.46,2024,1,January,Saturday,985.96,529.84,456.12,46.26
TXN_620,2024-01-13 21:30:00,CUST_161,Apparel,1,482.3,254.01,2024,1,January,Saturday,482.3,254.01,228.29,47.33
TXN_621,2024-01-13 22:00:00,CUST_183,Apparel,5,332.76,16.91,2024,1,January,Saturday,1663.8,84.55,1579.25,94.92
TXN_623,2024-01-13 23:00:00,CUST_316,Electronics,2,583.81,292.63,2024,1,January,Saturday,1167.62,585.26,582.36,49.88
TXN_626,2024-01-14 00:30:00,CUST_286,Electronics,1,404.01,178.82,2024,1,January,Sunday,404.01,178.82,225.19,55.74
TXN_628,2024-01-14 01:30:00,CUST_276,Home Goods,2,171.21,31.81,2024,1,January,Sunday,342.42,63.62,278.8,81.42
TXN_629,2024-01-14 02:00:00,CUST_199,Apparel,1,491.04,33.82,2024,1,January,Sunday,491.04,33.82,457.22,93.11
TXN_632,2024-01-14 03:30:00,CUST_175,Electronics,1,321.35,149.48,2024,1,January,Sunday,321.35,149.48,171.87,53.48
TXN_633,2024-01-14 04:00:00,CUST_364,Apparel,1,273.87,292.37,2024,1,January,Sunday,273.87,292.37,-18.5,-6.76
TXN_634,2024-01-14 04:30:00,CUST_383,Electronics,3,330.69,77.61,2024,1,January,Sunday,992.07,232.83,759.24,76.53
TXN_635,2024-01-14 05:00:00,CUST_305,Apparel,4,285.76,254.56,2024,1,January,Sunday,1143.04,1018.24,124.8,10.92
TXN_637,2024-01-14 06:00:00,CUST_483,Home Goods,5,134.02,317.69,2024,1,January,Sunday,670.1,1588.45,-918.35,-137.05
TXN_639,2024-01-14 07:00:00,CUST_438,Home Goods,4,456.4,174.89,2024,1,January,Sunday,1825.6,699.56,1126.04,61.68
TXN_640,2024-01-14 07:30:00,CUST_466,Home Goods,4,413.37,208.78,2024,1,January,Sunday,1653.48,835.12,818.36,49.49
TXN_641,2024-01-14 08:00:00,CUST_243,Apparel,2,570.71,263.59,2024,1,January,Sunday,1141.42,527.18,614.24,53.81
TXN_642,2024-01-14 08:30:00,CUST_472,Apparel,3,181.37,118.35,2024,1,January,Sunday,544.11,355.05,189.06,34.75
TXN_643,2024-01-14 09:00:00,CUST_168,Apparel,3,62.48,87.09,2024,1,January,Sunday,187.44,261.27,-73.83,-39.39
TXN_644,2024-01-14 09:30:00,CUST_198,Home Goods,1,498.29,337.99,2024,1,January,Sunday,498.29,337.99,160.3,32.17
TXN_645,2024-01-14 10:00:00,CUST_495,Apparel,4,599.07,157.09,2024,1,January,Sunday,2396.28,628.36,1767.92,73.78
TXN_647,2024-01-14 11:00:00,CUST_478,Apparel,5,49.4,294.82,2024,1,January,Sunday,247.0,1474.1,-1227.1,-496.8
TXN_648,2024-01-14 11:30:00,CUST_152,Home Goods,2,471.57,213.89,2024,1,January,Sunday,943.14,427.78,515.36,54.64
TXN_650,2024-01-14 12:30:00,CUST_243,Apparel,3,330.91,20.25,2024,1,January,Sunday,992.73,60.75,931.98,93.88
TXN_651,2024-01-14 13:00:00,CUST_156,Home Goods,1,177.36,109.1,2024,1,January,Sunday,177.36,109.1,68.26,38.49
TXN_652,2024-01-14 13:30:00,CUST_138,Home Goods,5,550.29,325.48,2024,1,January,Sunday,2751.45,1627.4,1124.05,40.85
TXN_653,2024-01-14 14:00:00,CUST_208,Apparel,4,279.03,327.39,2024,1,January,Sunday,1116.12,1309.56,-193.44,-17.33
TXN_655,2024-01-14 15:00:00,CUST_141,Apparel,5,189.96,294.22,2024,1,January,Sunday,949.8,1471.1,-521.3,-54.89
TXN_656,2024-01-14 15:30:00,CUST_285,Unknown,3,241.61,160.23,2024,1,January,Sunday,724.83,480.69,244.14,33.68
TXN_657,2024-01-14 16:00:00,CUST_497,Home Goods,2,569.06,232.48,2024,1,January,Sunday,1138.12,464.96,673.16,59.15
TXN_659,2024-01-14 17:00:00,CUST_221,Electronics,4,353.42,185.43,2024,1,January,Sunday,1413.68,741.72,671.96,47.53
TXN_660,2024-01-14 17:30:00,CUST_232,Apparel,2,242.28,109.89,2024,1,January,Sunday,484.56,219.78,264.78,54.64
TXN_662,2024-01-14 18:30:00,CUST_314,Home Goods,5,90.64,57.39,2024,1,January,Sunday,453.2,286.95,166.25,36.68
TXN_663,2024-01-14 19:00:00,CUST_320,Electronics,5,270.77,108.83,2024,1,January,Sunday,1353.85,544.15,809.7,59.81
TXN_664,2024-01-14 19:30:00,CUST_334,Home Goods,1,423.88,341.93,2024,1,January,Sunday,423.88,341.93,81.95,19.33
TXN_665,2024-01-14 20:00:00,CUST_430,Apparel,4,253.1,338.33,2024,1,January,Sunday,1012.4,1353.32,-340.92,-33.67
TXN_666,2024-01-14 20:30:00,CUST_245,Electronics,5,49.24,291.41,2024,1,January,Sunday,246.2,1457.05,-1210.85,-491.82
TXN_667,2024-01-14 21:00:00,CUST_338,Electronics,3,427.49,89.05,2024,1,January,Sunday,1282.47,267.15,1015.32,79.17
TXN_669,2024-01-14 22:00:00,CUST_108,Apparel,3,21.62,159.53,2024,1,January,Sunday,64.86,478.59,-413.73,-637.88
TXN_670,2024-01-14 22:30:00,CUST_173,Electronics,2,373.4,141.57,2024,1,January,Sunday,746.8,283.14,463.66,62.09
TXN_673,2024-01-15 00:00:00,CUST_106,Electronics,3,360.54,34.76,2024,1,January,Monday,1081.62,104.28,977.34,90.36
TXN_674,2024-01-15 00:30:00,CUST_273,Electronics,5,441.27,282.65,2024,1,January,Monday,2206.35,1413.25,793.1,35.95
TXN_675,2024-01-15 01:00:00,CUST_240,Apparel,3,56.4,245.04,2024,1,January,Monday,169.2,735.12,-565.92,-334.47
TXN_676,2024-01-15 01:30:00,CUST_267,Apparel,4,28.23,129.93,2024,1,January,Monday,112.92,519.72,-406.8,-360.26
TXN_677,2024-01-15 02:00:00,CUST_269,Home Goods,2,286.55,230.03,2024,1,January,Monday,573.1,460.06,113.04,19.72
TXN_680,2024-01-15 03:30:00,CUST_221,Apparel,4,504.43,116.81,2024,1,January,Monday,2017.72,467.24,1550.48,76.84
TXN_681,2024-01-15 04:00:00,CUST_293,Electronics,5,399.1,280.98,2024,1,January,Monday,1995.5,1404.9,590.6,29.6
TXN_682,2024-01-15 04:30:00,CUST_104,Electronics,5,209.32,81.64,2024,1,January,Monday,1046.6,408.2,638.4,61.0
TXN_683,2024-01-15 05:00:00,CUST_128,Apparel,3,316.76,201.35,2024,1,January,Monday,950.28,604.05,346.23,36.43
TXN_684,2024-01-15 05:30:00,CUST_264,Electronics,1,579.86,78.16,2024,1,January,Monday,579.86,78.16,501.7,86.52
TXN_687,2024-01-15 07:00:00,CUST_464,Electronics,1,380.32,229.3,2024,1,January,Monday,380.32,229.3,151.02,39.71
TXN_688,2024-01-15 07:30:00,CUST_420,Electronics,5,95.74,189.09,2024,1,January,Monday,478.7,945.45,-466.75,-97.5
TXN_689,2024-01-15 08:00:00,CUST_441,Electronics,5,40.46,255.24,2024,1,January,Monday,202.3,1276.2,-1073.9,-530.85
TXN_695,2024-01-15 11:00:00,CUST_391,Home Goods,2,50.86,113.93,2024,1,January,Monday,101.72,227.86,-126.14,-124.01
TXN_697,2024-01-15 12:00:00,CUST_351,Apparel,5,30.05,222.8,2024,1,January,Monday,150.25,1114.0,-963.75,-641.43
TXN_698,2024-01-15 12:30:00,CUST_374,Unknown,5,93.38,72.65,2024,1,January,Monday,466.9,363.25,103.65,22.2
TXN_700,2024-01-15 13:30:00,CUST_281,Apparel,2,245.31,250.77,2024,1,January,Monday,490.62,501.54,-10.92,-2.23
TXN_703,2024-01-15 15:00:00,CUST_301,Electronics,4,305.32,240.85,2024,1,January,Monday,1221.28,963.4,257.88,21.12
TXN_704,2024-01-15 15:30:00,CUST_445,Unknown,4,158.67,217.7,2024,1,January,Monday,634.68,870.8,-236.12,-37.2
TXN_705,2024-01-15 16:00:00,CUST_118,Apparel,2,15.07,36.49,2024,1,January,Monday,30.14,72.98,-42.84,-142.14
TXN_706,2024-01-15 16:30:00,CUST_138,Home Goods,2,541.11,236.67,2024,1,January,Monday,1082.22,473.34,608.88,56.26
TXN_707,2024-01-15 17:00:00,CUST_225,Apparel,4,62.8,176.1,2024,1,January,Monday,251.2,704.4,-453.2,-180.41
TXN_708,2024-01-15 17:30:00,CUST_272,Apparel,4,579.09,266.15,2024,1,January,Monday,2316.36,1064.6,1251.76,54.04
TXN_709,2024-01-15 18:00:00,CUST_240,Apparel,4,91.54,74.84,2024,1,January,Monday,366.16,299.36,66.8,18.24
TXN_710,2024-01-15 18:30:00,CUST_341,Home Goods,4,368.85,97.79,2024,1,January,Monday,1475.4,391.16,1084.24,73.49
TXN_714,2024-01-15 20:30:00,CUST_247,Apparel,3,471.55,263.65,2024,1,January,Monday,1414.65,790.95,623.7,44.09
TXN_716,2024-01-15 21:30:00,CUST_482,Apparel,2,418.52,251.49,2024,1,January,Monday,837.04,502.98,334.06,39.91
TXN_717,2024-01-15 22:00:00,CUST_460,Electronics,1,62.02,62.11,2024,1,January,Monday,62.02,62.11,-0.09,-0.15
TXN_718,2024-01-15 22:30:00,CUST_100,Electronics,3,153.36,257.86,2024,1,January,Monday,460.08,773.58,-313.5,-68.14
TXN_719,2024-01-15 23:00:00,CUST_486,Electronics,1,108.64,166.92,2024,1,January,Monday,108.64,166.92,-58.28,-53.65
TXN_720,2024-01-15 23:30:00,CUST_447,Apparel,1,545.79,21.48,2024,1,January,Monday,545.79,21.48,524.31,96.06
TXN_721,2024-01-16 00:00:00,CUST_289,Electronics,5,120.57,89.73,2024,1,January,Tuesday,602.85,448.65,154.2,25.58
TXN_722,2024-01-16 00:30:00,CUST_290,Apparel,2,38.65,18.76,2024,1,January,Tuesday,77.3,37.52,39.78,51.46
TXN_724,2024-01-16 01:30:00,CUST_411,Electronics,3,217.52,120.8,2024,1,January,Tuesday,652.56,362.4,290.16,44.46
TXN_726,2024-01-16 02:30:00,CUST_233,Electronics,2,84.65,305.29,2024,1,January,Tuesday,169.3,610.58,-441.28,-260.65
TXN_727,2024-01-16 03:00:00,CUST_157,Electronics,4,452.72,290.73,2024,1,January,Tuesday,1810.88,1162.92,647.96,35.78
TXN_728,2024-01-16 03:30:00,CUST_143,Home Goods,2,366.91,180.38,2024,1,January,Tuesday,733.82,360.76,373.06,50.84
TXN_729,2024-01-16 04:00:00,CUST_272,Apparel,1,228.07,284.41,2024,1,January,Tuesday,228.07,284.41,-56.34,-24.7
TXN_731,2024-01-16 05:00:00,CUST_272,Electronics,4,362.17,200.62,2024,1,January,Tuesday,1448.68,802.48,646.2,44.61
TXN_732,2024-01-16 05:30:00,CUST_416,Apparel,2,470.48,143.59,2024,1,January,Tuesday,940.96,287.18,653.78,69.48
TXN_733,2024-01-16 06:00:00,CUST_402,Electronics,2,197.75,68.26,2024,1,January,Tuesday,395.5,136.52,258.98,65.48
TXN_735,2024-01-16 07:00:00,CUST_179,Electronics,1,140.39,199.79,2024,1,January,Tuesday,140.39,199.79,-59.4,-42.31
TXN_737,2024-01-16 08:00:00,CUST_312,Electronics,4,593.62,254.12,2024,1,January,Tuesday,2374.48,1016.48,1358.0,57.19
TXN_738,2024-01-16 08:30:00,CUST_302,Electronics,1,22.83,323.3,2024,1,January,Tuesday,22.83,323.3,-300.47,-1316.12
TXN_740,2024-01-16 09:30:00,CUST_328,Electronics,2,51.28,170.12,2024,1,January,Tuesday,102.56,340.24,-237.68,-231.75
TXN_742,2024-01-16 10:30:00,CUST_326,Electronics,3,252.46,107.53,2024,1,January,Tuesday,757.38,322.59,434.79,57.41
TXN_743,2024-01-16 11:00:00,CUST_246,Apparel,3,553.7,323.06,2024,1,January,Tuesday,1661.1,969.18,691.92,41.65
TXN_744,2024-01-16 11:30:00,CUST_119,Electronics,5,62.13,312.08,2024,1,January,Tuesday,310.65,1560.4,-1249.75,-402.3
TXN_745,2024-01-16 12:00:00,CUST_146,Home Goods,3,469.62,45.28,2024,1,January,Tuesday,1408.86,135.84,1273.02,90.36
TXN_749,2024-01-16 14:00:00,CUST_242,Electronics,4,37.98,153.58,2024,1,January,Tuesday,151.92,614.32,-462.4,-304.37
TXN_750,2024-01-16 14:30:00,CUST_100,Apparel,5,568.53,27.19,2024,1,January,Tuesday,2842.65,135.95,2706.7,95.22
TXN_751,2024-01-16 15:00:00,CUST_472,Apparel,4,63.4,220.42,2024,1,January,Tuesday,253.6,881.68,-628.08,-247.67
TXN_753,2024-01-16 16:00:00,CUST_473,Electronics,3,528.44,328.49,2024,1,January,Tuesday,1585.32,985.47,599.85,37.84
TXN_755,2024-01-16 17:00:00,CUST_243,Apparel,3,339.03,230.86,2024,1,January,Tuesday,1017.09,692.58,324.51,31.91
TXN_756,2024-01-16 17:30:00,CUST_111,Electronics,2,497.21,106.73,2024,1,January,Tuesday,994.42,213.46,780.96,78.53
TXN_757,2024-01-16 18:00:00,CUST_429,Apparel,4,592.0,248.43,2024,1,January,Tuesday,2368.0,993.72,1374.28,58.04
TXN_758,2024-01-16 18:30:00,CUST_323,Apparel,1,438.73,108.32,2024,1,January,Tuesday,438.73,108.32,330.41,75.31
TXN_760,2024-01-16 19:30:00,CUST_457,Electronics,2,424.25,182.87,2024,1,January,Tuesday,848.5,365.74,482.76,56.9
TXN_761,2024-01-16 20:00:00,CUST_255,Home Goods,4,427.87,176.15,2024,1,January,Tuesday,1711.48,704.6,1006.88,58.83
TXN_763,2024-01-16 21:00:00,CUST_107,Electronics,5,514.74,304.33,2024,1,January,Tuesday,2573.7,1521.65,1052.05,40.88
TXN_765,2024-01-16 22:00:00,CUST_447,Apparel,4,78.43,162.82,2024,1,January,Tuesday,313.72,651.28,-337.56,-107.6
TXN_766,2024-01-16 22:30:00,CUST_263,Home Goods,5,389.76,169.94,2024,1,January,Tuesday,1948.8,849.7,1099.1,56.4
TXN_768,2024-01-16 23:30:00,CUST_235,Apparel,5,287.52,262.75,2024,1,January,Tuesday,1437.6,1313.75,123.85,8.62
TXN_770,2024-01-17 00:30:00,CUST_415,Unknown,3,563.78,320.74,2024,1,January,Wednesday,1691.34,962.22,729.12,43.11
TXN_771,2024-01-17 01:00:00,CUST_277,Electronics,1,543.2,231.11,2024,1,January,Wednesday,543.2,231.11,312.09,57.45
TXN_773,2024-01-17 02:00:00,CUST_319,Home Goods,4,540.52,66.03,2024,1,January,Wednesday,2162.08,264.12,1897.96,87.78
TXN_774,2024-01-17 02:30:00,CUST_456,Electronics,1,494.64,136.61,2024,1,January,Wednesday,494.64,136.61,358.03,72.38
TXN_775,2024-01-17 03:00:00,CUST_140,Home Goods,5,421.56,127.96,2024,1,January,Wednesday,2107.8,639.8,1468.0,69.65
TXN_776,2024-01-17 03:30:00,CUST_327,Unknown,3,29.28,148.42,2024,1,January,Wednesday,87.84,445.26,-357.42,-406.9
TXN_778,2024-01-17 04:30:00,CUST_244,Apparel,1,93.53,342.6,2024,1,January,Wednesday,93.53,342.6,-249.07,-266.3
TXN_779,2024-01-17 05:00:00,CUST_300,Apparel,2,28.77,59.54,2024,1,January,Wednesday,57.54,119.08,-61.54,-106.95
TXN_780,2024-01-17 05:30:00,CUST_311,Electronics,5,83.27,231.9,2024,1,January,Wednesday,416.35,1159.5,-743.15,-178.49
TXN_781,2024-01-17 06:00:00,CUST_319,Electronics,2,553.05,14.44,2024,1,January,Wednesday,1106.1,28.88,1077.22,97.39
TXN_783,2024-01-17 07:00:00,CUST_496,Electronics,1,197.56,115.12,2024,1,January,Wednesday,197.56,115.12,82.44,41.73
TXN_784,2024-01-17 07:30:00,CUST_145,Apparel,1,479.12,139.89,2024,1,January,Wednesday,479.12,139.89,339.23,70.8
TXN_785,2024-01-17 08:00:00,CUST_134,Electronics,1,300.7,179.35,2024,1,January,Wednesday,300.7,179.35,121.35,40.36
TXN_787,2024-01-17 09:00:00,CUST_489,Apparel,4,532.43,208.39,2024,1,January,Wednesday,2129.72,833.56,1296.16,60.86
TXN_788,2024-01-17 09:30:00,CUST_181,Electronics,5,213.12,224.44,2024,1,January,Wednesday,1065.6,1122.2,-56.6,-5.31
TXN_789,2024-01-17 10:00:00,CUST_470,Apparel,5,423.83,297.15,2024,1,January,Wednesday,2119.15,1485.75,633.4,29.89
TXN_793,2024-01-17 12:00:00,CUST_109,Electronics,5,106.71,336.84,2024,1,January,Wednesday,533.55,1684.2,-1150.65,-215.66
TXN_794,2024-01-17 12:30:00,CUST_411,Home Goods,4,586.69,332.12,2024,1,January,Wednesday,2346.76,1328.48,1018.28,43.39
TXN_795,2024-01-17 13:00:00,CUST_385,Home Goods,1,56.08,251.98,2024,1,January,Wednesday,56.08,251.98,-195.9,-349.32
TXN_796,2024-01-17 13:30:00,CUST_341,Apparel,1,327.4,185.93,2024,1,January,Wednesday,327.4,185.93,141.47,43.21
TXN_798,2024-01-17 14:30:00,CUST_464,Electronics,2,568.23,267.16,2024,1,January,Wednesday,1136.46,534.32,602.14,52.98
TXN_799,2024-01-17 15:00:00,CUST_104,Apparel,4,150.78,308.47,2024,1,January,Wednesday,603.12,1233.88,-630.76,-104.58
TXN_800,2024-01-17 15:30:00,CUST_218,Electronics,3,99.23,236.16,2024,1,January,Wednesday,297.69,708.48,-410.79,-137.99
TXN_801,2024-01-17 16:00:00,CUST_388,Electronics,4,438.78,223.88,2024,1,January,Wednesday,1755.12,895.52,859.6,48.98
TXN_803,2024-01-17 17:00:00,CUST_164,Electronics,2,298.86,131.65,2024,1,January,Wednesday,597.72,263.3,334.42,55.95
TXN_804,2024-01-17 17:30:00,CUST_245,Apparel,2,480.87,255.87,2024,1,January,Wednesday,961.74,511.74,450.0,46.79
TXN_807,2024-01-17 19:00:00,CUST_276,Unknown,2,299.92,270.67,2024,1,January,Wednesday,599.84,541.34,58.5,9.75
TXN_808,2024-01-17 19:30:00,CUST_366,Unknown,1,553.95,123.8,2024,1,January,Wednesday,553.95,123.8,430.15,77.65
TXN_809,2024-01-17 20:00:00,CUST_440,Apparel,3,376.07,35.9,2024,1,January,Wednesday,1128.21,107.7,1020.51,90.45
TXN_810,2024-01-17 20:30:00,CUST_381,Electronics,2,437.07,288.5,2024,1,January,Wednesday,874.14,577.0,297.14,33.99
TXN_811,2024-01-17 21:00:00,CUST_162,Electronics,5,211.71,58.22,2024,1,January,Wednesday,1058.55,291.1,767.45,72.5
TXN_812,2024-01-17 21:30:00,CUST_316,Apparel,1,125.26,136.07,2024,1,January,Wednesday,125.26,136.07,-10.81,-8.63
TXN_813,2024-01-17 22:00:00,CUST_441,Electronics,3,164.55,250.47,2024,1,January,Wednesday,493.65,751.41,-257.76,-52.22
TXN_814,2024-01-17 22:30:00,CUST_414,Electronics,5,326.91,287.78,2024,1,January,Wednesday,1634.55,1438.9,195.65,11.97
TXN_815,2024-01-17 23:00:00,CUST_382,Unknown,3,178.93,303.21,2024,1,January,Wednesday,536.79,909.63,-372.84,-69.46
TXN_817,2024-01-18 00:00:00,CUST_197,Apparel,3,429.06,171.8,2024,1,January,Thursday,1287.18,515.4,771.78,59.96
TXN_818,2024-01-18 00:30:00,CUST_204,Electronics,5,444.62,298.43,2024,1,January,Thursday,2223.1,1492.15,730.95,32.88
TXN_819,2024-01-18 01:00:00,CUST_198,Apparel,4,111.34,201.45,2024,1,January,Thursday,445.36,805.8,-360.44,-80.93
TXN_820,2024-01-18 01:30:00,CUST_484,Home Goods,3,454.0,206.74,2024,1,January,Thursday,1362.0,620.22,741.78,54.46
TXN_821,2024-01-18 02:00:00,CUST_410,Electronics,4,408.52,157.55,2024,1,January,Thursday,1634.08,630.2,1003.88,61.43
TXN_822,2024-01-18 02:30:00,CUST_105,Electronics,3,22.02,136.76,2024,1,January,Thursday,66.06,410.28,-344.22,-521.07
TXN_824,2024-01-18 03:30:00,CUST_450,Apparel,5,393.06,134.05,2024,1,January,Thursday,1965.3,670.25,1295.05,65.9
TXN_825,2024-01-18 04:00:00,CUST_232,Apparel,3,239.47,126.81,2024,1,January,Thursday,718.41,380.43,337.98,47.05
TXN_826,2024-01-18 04:30:00,CUST_457,Electronics,2,100.47,347.85,2024,1,January,Thursday,200.94,695.7,-494.76,-246.22
TXN_828,2024-01-18 05:30:00,CUST_122,Unknown,2,108.25,97.17,2024,1,January,Thursday,216.5,194.34,22.16,10.24
TXN_832,2024-01-18 07:30:00,CUST_182,Apparel,3,565.8,277.87,2024,1,January,Thursday,1697.4,833.61,863.79,50.89
TXN_833,2024-01-18 08:00:00,CUST_244,Apparel,5,377.18,296.36,2024,1,January,Thursday,1885.9,1481.8,404.1,21.43
TXN_835,2024-01-18 09:00:00,CUST_177,Apparel,5,180.35,322.98,2024,1,January,Thursday,901.75,1614.9,-713.15,-79.09
TXN_836,2024-01-18 09:30:00,CUST_465,Apparel,1,359.55,89.92,2024,1,January,Thursday,359.55,89.92,269.63,74.99
TXN_837,2024-01-18 10:00:00,CUST_100,Electronics,5,98.93,165.84,2024,1,January,Thursday,494.65,829.2,-334.55,-67.63
TXN_838,2024-01-18 10:30:00,CUST_150,Apparel,4,251.62,140.97,2024,1,January,Thursday,1006.48,563.88,442.6,43.98
TXN_839,2024-01-18 11:00:00,CUST_272,Home Goods,3,34.45,139.84,2024,1,January,Thursday,103.35,419.52,-316.17,-305.92
TXN_840,2024-01-18 11:30:00,CUST_304,Apparel,2,141.73,231.78,2024,1,January,Thursday,283.46,463.56,-180.1,-63.54
TXN_841,2024-01-18 12:00:00,CUST_359,Apparel,5,58.8,146.61,2024,1,January,Thursday,294.0,733.05,-439.05,-149.34
TXN_842,2024-01-18 12:30:00,CUST_468,Home Goods,2,241.85,219.55,2024,1,January,Thursday,483.7,439.1,44.6,9.22
TXN_843,2024-01-18 13:00:00,CUST_387,Electronics,1,508.18,139.97,2024,1,January,Thursday,508.18,139.97,368.21,72.46
TXN_844,2024-01-18 13:30:00,CUST_133,Apparel,3,236.09,115.78,2024,1,January,Thursday,708.27,347.34,360.93,50.96
TXN_845,2024-01-18 14:00:00,CUST_447,Home Goods,5,501.51,130.05,2024,1,January,Thursday,2507.55,650.25,1857.3,74.07
TXN_847,2024-01-18 15:00:00,CUST_171,Electronics,2,313.07,214.36,2024,1,January,Thursday,626.14,428.72,197.42,31.53
TXN_851,2024-01-18 17:00:00,CUST_261,Home Goods,5,418.01,92.41,2024,1,January,Thursday,2090.05,462.05,1628.0,77.89
TXN_852,2024-01-18 17:30:00,CUST_217,Apparel,1,378.43,239.13,2024,1,January,Thursday,378.43,239.13,139.3,36.81
TXN_855,2024-01-18 19:00:00,CUST_405,Apparel,2,266.96,88.17,2024,1,January,Thursday,533.92,176.34,357.58,66.97
TXN_856,2024-01-18 19:30:00,CUST_367,Electronics,2,525.57,199.46,2024,1,January,Thursday,1051.14,398.92,652.22,62.05
TXN_857,2024-01-18 20:00:00,CUST_153,Apparel,3,504.51,96.3,2024,1,January,Thursday,1513.53,288.9,1224.63,80.91
TXN_860,2024-01-18 21:30:00,CUST_321,Electronics,3,241.46,109.26,2024,1,January,Thursday,724.38,327.78,396.6,54.75
TXN_861,2024-01-18 22:00:00,CUST_350,Electronics,2,25.95,83.35,2024,1,January,Thursday,51.9,166.7,-114.8,-221.19
TXN_864,2024-01-18 23:30:00,CUST_354,Apparel,3,251.44,213.02,2024,1,January,Thursday,754.32,639.06,115.26,15.28
TXN_865,2024-01-19 00:00:00,CUST_402,Apparel,2,546.07,218.86,2024,1,January,Friday,1092.14,437.72,654.42,59.92
TXN_867,2024-01-19 01:00:00,CUST_328,Apparel,4,346.21,132.44,2024,1,January,Friday,1384.84,529.76,855.08,61.75
TXN_868,2024-01-19 01:30:00,CUST_440,Electronics,5,118.1,328.72,2024,1,January,Friday,590.5,1643.6,-1053.1,-178.34
TXN_870,2024-01-19 02:30:00,CUST_165,Home Goods,4,552.15,16.91,2024,1,January,Friday,2208.6,67.64,2140.96,96.94
TXN_871,2024-01-19 03:00:00,CUST_174,Home Goods,4,341.85,128.44,2024,1,January,Friday,1367.4,513.76,853.64,62.43
TXN_872,2024-01-19 03:30:00,CUST_202,Electronics,5,164.24,54.3,2024,1,January,Friday,821.2,271.5,549.7,66.94
TXN_873,2024-01-19 04:00:00,CUST_291,Home Goods,2,33.24,133.55,2024,1,January,Friday,66.48,267.1,-200.62,-301.77
TXN_874,2024-01-19 04:30:00,CUST_351,Apparel,2,211.74,216.81,2024,1,January,Friday,423.48,433.62,-10.14,-2.39
TXN_875,2024-01-19 05:00:00,CUST_325,Home Goods,3,349.97,17.71,2024,1,January,Friday,1049.91,53.13,996.78,94.94
TXN_876,2024-01-19 05:30:00,CUST_393,Apparel,1,39.93,305.87,2024,1,January,Friday,39.93,305.87,-265.94,-666.02
TXN_877,2024-01-19 06:00:00,CUST_405,Apparel,2,371.73,217.51,2024,1,January,Friday,743.46,435.02,308.44,41.49
TXN_878,2024-01-19 06:30:00,CUST_197,Home Goods,5,321.2,110.43,2024,1,January,Friday,1606.0,552.15,1053.85,65.62
TXN_879,2024-01-19 07:00:00,CUST_437,Home Goods,1,473.31,115.81,2024,1,January,Friday,473.31,115.81,357.5,75.53
TXN_880,2024-01-19 07:30:00,CUST_385,Apparel,5,31.9,168.33,2024,1,January,Friday,159.5,841.65,-682.15,-427.68
TXN_881,2024-01-19 08:00:00,CUST_434,Electronics,5,471.8,94.35,2024,1,January,Friday,2359.0,471.75,1887.25,80.0
TXN_882,2024-01-19 08:30:00,CUST_446,Electronics,5,319.71,11.48,2024,1,January,Friday,1598.55,57.4,1541.15,96.41
TXN_885,2024-01-19 10:00:00,CUST_265,Electronics,1,108.67,52.24,2024,1,January,Friday,108.67,52.24,56.43,51.93
TXN_886,2024-01-19 10:30:00,CUST_434,Home Goods,4,331.68,17.6,2024,1,January,Friday,1326.72,70.4,1256.32,94.69
TXN_889,2024-01-19 12:00:00,CUST_205,Electronics,5,338.08,181.06,2024,1,January,Friday,1690.4,905.3,785.1,46.44
TXN_891,2024-01-19 13:00:00,CUST_180,Electronics,3,401.76,25.89,2024,1,January,Friday,1205.28,77.67,1127.61,93.56
TXN_892,2024-01-19 13:30:00,CUST_232,Electronics,2,386.17,263.25,2024,1,January,Friday,772.34,526.5,245.84,31.83
TXN_894,2024-01-19 14:30:00,CUST_487,Home Goods,2,68.04,18.74,2024,1,January,Friday,136.08,37.48,98.6,72.46
TXN_895,2024-01-19 15:00:00,CUST_237,Electronics,2,188.9,209.66,2024,1,January,Friday,377.8,419.32,-41.52,-10.99
TXN_896,2024-01-19 15:30:00,CUST_283,Apparel,1,395.31,14.58,2024,1,January,Friday,395.31,14.58,380.73,96.31
TXN_897,2024-01-19 16:00:00,CUST_429,Apparel,3,94.99,158.34,2024,1,January,Friday,284.97,475.02,-190.05,-66.69
TXN_898,2024-01-19 16:30:00,CUST_372,Home Goods,3,411.39,108.2,2024,1,January,Friday,1234.17,324.6,909.57,73.7
TXN_900,2024-01-19 17:30:00,CUST_168,Apparel,3,210.93,11.33,2024,1,January,Friday,632.79,33.99,598.8,94.63
TXN_901,2024-01-19 18:00:00,CUST_133,Apparel,3,510.33,337.88,2024,1,January,Friday,1530.99,1013.64,517.35,33.79
TXN_902,2024-01-19 18:30:00,CUST_361,Home Goods,3,467.96,185.77,2024,1,January,Friday,1403.88,557.31,846.57,60.3
TXN_904,2024-01-19 19:30:00,CUST_304,Apparel,4,524.22,236.48,2024,1,January,Friday,2096.88,945.92,1150.96,54.89
TXN_905,2024-01-19 20:00:00,CUST_225,Home Goods,3,429.92,281.16,2024,1,January,Friday,1289.76,843.48,446.28,34.6
TXN_907,2024-01-19 21:00:00,CUST_142,Apparel,3,588.13,269.15,2024,1,January,Friday,1764.39,807.45,956.94,54.24
TXN_908,2024-01-19 21:30:00,CUST_339,Apparel,1,421.49,162.57,2024,1,January,Friday,421.49,162.57,258.92,61.43
TXN_909,2024-01-19 22:00:00,CUST_470,Electronics,1,366.8,136.23,2024,1,January,Friday,366.8,136.23,230.57,62.86
TXN_911,2024-01-19 23:00:00,CUST_348,Apparel,3,542.91,304.21,2024,1,January,Friday,1628.73,912.63,716.1,43.97
TXN_912,2024-01-19 23:30:00,CUST_250,Apparel,4,187.99,56.85,2024,1,January,Friday,751.96,227.4,524.56,69.76
TXN_913,2024-01-20 00:00:00,CUST_282,Apparel,3,20.39,194.5,2024,1,January,Saturday,61.17,583.5,-522.33,-853.9
TXN_915,2024-01-20 01:00:00,CUST_194,Electronics,3,79.07,38.42,2024,1,January,Saturday,237.21,115.26,121.95,51.41
TXN_916,2024-01-20 01:30:00,CUST_473,Apparel,3,201.61,326.06,2024,1,January,Saturday,604.83,978.18,-373.35,-61.73
TXN_917,2024-01-20 02:00:00,CUST_499,Apparel,5,498.14,186.84,2024,1,January,Saturday,2490.7,934.2,1556.5,62.49
TXN_918,2024-01-20 02:30:00,CUST_107,Apparel,4,396.14,229.46,2024,1,January,Saturday,1584.56,917.84,666.72,42.08
TXN_919,2024-01-20 03:00:00,CUST_487,Electronics,2,113.85,70.6,2024,1,January,Saturday,227.7,141.2,86.5,37.99
TXN_921,2024-01-20 04:00:00,CUST_487,Home Goods,3,309.97,51.14,2024,1,January,Saturday,929.91,153.42,776.49,83.5
TXN_923,2024-01-20 05:00:00,CUST_380,Home Goods,2,226.84,177.41,2024,1,January,Saturday,453.68,354.82,98.86,21.79
TXN_924,2024-01-20 05:30:00,CUST_294,Unknown,4,520.8,293.43,2024,1,January,Saturday,2083.2,1173.72,909.48,43.66
TXN_926,2024-01-20 06:30:00,CUST_294,Electronics,3,70.07,93.12,2024,1,January,Saturday,210.21,279.36,-69.15,-32.9
TXN_927,2024-01-20 07:00:00,CUST_254,Unknown,2,192.1,25.17,2024,1,January,Saturday,384.2,50.34,333.86,86.9
TXN_930,2024-01-20 08:30:00,CUST_160,Electronics,2,124.99,344.68,2024,1,January,Saturday,249.98,689.36,-439.38,-175.77
TXN_931,2024-01-20 09:00:00,CUST_221,Electronics,4,80.39,275.12,2024,1,January,Saturday,321.56,1100.48,-778.92,-242.23
TXN_932,2024-01-20 09:30:00,CUST_150,Unknown,3,401.61,284.84,2024,1,January,Saturday,1204.83,854.52,350.31,29.08
TXN_933,2024-01-20 10:00:00,CUST_376,Electronics,5,410.68,14.16,2024,1,January,Saturday,2053.4,70.8,1982.6,96.55
TXN_934,2024-01-20 10:30:00,CUST_104,Apparel,4,229.2,274.45,2024,1,January,Saturday,916.8,1097.8,-181.0,-19.74
TXN_935,2024-01-20 11:00:00,CUST_191,Home Goods,5,508.04,76.17,2024,1,January,Saturday,2540.2,380.85,2159.35,85.01
TXN_936,2024-01-20 11:30:00,CUST_269,Electronics,3,587.25,209.17,2024,1,January,Saturday,1761.75,627.51,1134.24,64.38
TXN_937,2024-01-20 12:00:00,CUST_416,Apparel,2,135.3,162.12,2024,1,January,Saturday,270.6,324.24,-53.64,-19.82
TXN_941,2024-01-20 14:00:00,CUST_232,Apparel,4,257.36,22.56,2024,1,January,Saturday,1029.44,90.24,939.2,91.23
TXN_942,2024-01-20 14:30:00,CUST_332,Apparel,4,128.06,23.94,2024,1,January,Saturday,512.24,95.76,416.48,81.31
TXN_943,2024-01-20 15:00:00,CUST_111,Electronics,4,455.05,233.63,2024,1,January,Saturday,1820.2,934.52,885.68,48.66
TXN_944,2024-01-20 15:30:00,CUST_445,Electronics,1,489.23,333.58,2024,1,January,Saturday,489.23,333.58,155.65,31.82
TXN_947,2024-01-20 17:00:00,CUST_177,Home Goods,3,210.44,29.0,2024,1,January,Saturday,631.32,87.0,544.32,86.22
TXN_948,2024-01-20 17:30:00,CUST_317,Home Goods,1,381.2,25.31,2024,1,January,Saturday,381.2,25.31,355.89,93.36
TXN_949,2024-01-20 18:00:00,CUST_400,Apparel,4,479.15,63.68,2024,1,January,Saturday,1916.6,254.72,1661.88,86.71
TXN_950,2024-01-20 18:30:00,CUST_172,Apparel,4,334.45,341.78,2024,1,January,Saturday,1337.8,1367.12,-29.32,-2.19
TXN_951,2024-01-20 19:00:00,CUST_381,Apparel,5,354.74,145.54,2024,1,January,Saturday,1773.7,727.7,1046.0,58.97
TXN_953,2024-01-20 20:00:00,CUST_146,Apparel,1,324.37,249.75,2024,1,January,Saturday,324.37,249.75,74.62,23.0
TXN_955,2024-01-20 21:00:00,CUST_313,Electronics,2,316.99,332.26,2024,1,January,Saturday,633.98,664.52,-30.54,-4.82
TXN_958,2024-01-20 22:30:00,CUST_449,Apparel,3,169.44,304.01,2024,1,January,Saturday,508.32,912.03,-403.71,-79.42
TXN_959,2024-01-20 23:00:00,CUST_206,Electronics,2,89.86,197.6,2024,1,January,Saturday,179.72,395.2,-215.48,-119.9
TXN_960,2024-01-20 23:30:00,CUST_418,Apparel,2,494.39,93.79,2024,1,January,Saturday,988.78,187.58,801.2,81.03
TXN_961,2024-01-21 00:00:00,CUST_147,Electronics,3,255.89,81.03,2024,1,January,Sunday,767.67,243.09,524.58,68.33
TXN_962,2024-01-21 00:30:00,CUST_160,Electronics,4,218.52,265.98,2024,1,January,Sunday,874.08,1063.92,-189.84,-21.72
TXN_964,2024-01-21 01:30:00,CUST_125,Electronics,5,557.18,320.83,2024,1,January,Sunday,2785.9,1604.15,1181.75,42.42
TXN_965,2024-01-21 02:00:00,CUST_391,Apparel,4,583.61,16.26,2024,1,January,Sunday,2334.44,65.04,2269.4,97.21
TXN_967,2024-01-21 03:00:00,CUST_107,Apparel,4,536.38,215.61,2024,1,January,Sunday,2145.52,862.44,1283.08,59.8
TXN_968,2024-01-21 03:30:00,CUST_212,Apparel,1,207.3,206.66,2024,1,January,Sunday,207.3,206.66,0.64,0.31
TXN_969,2024-01-21 04:00:00,CUST_454,Electronics,2,22.4,171.28,2024,1,January,Sunday,44.8,342.56,-297.76,-664.64
TXN_970,2024-01-21 04:30:00,CUST_352,Electronics,2,243.91,299.83,2024,1,January,Sunday,487.82,599.66,-111.84,-22.93
TXN_973,2024-01-21 06:00:00,CUST_402,Apparel,2,329.54,49.28,2024,1,January,Sunday,659.08,98.56,560.52,85.05
TXN_974,2024-01-21 06:30:00,CUST_226,Electronics,5,494.39,26.97,2024,1,January,Sunday,2471.95,134.85,2337.1,94.54
TXN_975,2024-01-21 07:00:00,CUST_155,Apparel,5,235.93,19.7,2024,1,January,Sunday,1179.65,98.5,1081.15,91.65
TXN_977,2024-01-21 08:00:00,CUST_113,Apparel,5,213.2,236.78,2024,1,January,Sunday,1066.0,1183.9,-117.9,-11.06
TXN_978,2024-01-21 08:30:00,CUST_127,Apparel,3,555.01,177.97,2024,1,January,Sunday,1665.03,533.91,1131.12,67.93
TXN_981,2024-01-21 10:00:00,CUST_485,Home Goods,5,169.79,134.77,2024,1,January,Sunday,848.95,673.85,175.1,20.63
TXN_982,2024-01-21 10:30:00,CUST_464,Home Goods,1,537.88,312.09,2024,1,January,Sunday,537.88,312.09,225.79,41.98
TXN_983,2024-01-21 11:00:00,CUST_253,Electronics,1,71.19,328.14,2024,1,January,Sunday,71.19,328.14,-256.95,-360.94
TXN_984,2024-01-21 11:30:00,CUST_113,Apparel,4,255.69,323.39,2024,1,January,Sunday,1022.76,1293.56,-270.8,-26.48
TXN_985,2024-01-21 12:00:00,CUST_286,Electronics,4,252.99,288.22,2024,1,January,Sunday,1011.96,1152.88,-140.92,-13.93
TXN_988,2024-01-21 13:30:00,CUST_106,Electronics,4,392.26,252.82,2024,1,January,Sunday,1569.04,1011.28,557.76,35.55
TXN_989,2024-01-21 14:00:00,CUST_102,Apparel,4,93.63,334.34,2024,1,January,Sunday,374.52,1337.36,-962.84,-257.09
TXN_990,2024-01-21 14:30:00,CUST_210,Apparel,1,573.08,18.43,2024,1,January,Sunday,573.08,18.43,554.65,96.78
TXN_991,2024-01-21 15:00:00,CUST_337,Electronics,4,361.91,323.36,2024,1,January,Sunday,1447.64,1293.44,154.2,10.65
TXN_992,2024-01-21 15:30:00,CUST_462,Electronics,1,381.36,198.95,2024,1,January,Sunday,381.36,198.95,182.41,47.83
TXN_993,2024-01-21 16:00:00,CUST_338,Home Goods,5,268.76,48.01,2024,1,January,Sunday,1343.8,240.05,1103.75,82.14
TXN_994,2024-01-21 16:30:00,CUST_373,Electronics,5,215.24,83.07,2024,1,January,Sunday,1076.2,415.35,660.85,61.41
TXN_996,2024-01-21 17:30:00,CUST_326,Electronics,3,368.33,182.08,2024,1,January,Sunday,1104.99,546.24,558.75,50.57
TXN_997,2024-01-21 18:00:00,CUST_470,Apparel,4,573.42,344.16,2024,1,January,Sunday,2293.68,1376.64,917.04,39.98
TXN_998,2024-01-21 18:30:00,CUST_114,Electronics,5,225.48,49.96,2024,1,January,Sunday,1127.4,249.8,877.6,77.84
TXN_999,2024-01-21 19:00:00,CUST_291,Electronics,5,531.65,150.25,2024,1,January,Sunday,2658.25,751.25,1907.0,71.74
TXN_1002,2024-01-21 20:30:00,CUST_301,Apparel,2,220.03,225.37,2024,1,January,Sunday,440.06,450.74,-10.68,-2.43
TXN_1003,2024-01-21 21:00:00,CUST_138,Apparel,2,237.14,234.95,2024,1,January,Sunday,474.28,469.9,4.38,0.92
TXN_1005,2024-01-21 22:00:00,CUST_330,Electronics,1,435.17,40.25,2024,1,January,Sunday,435.17,40.25,394.92,90.75
TXN_1006,2024-01-21 22:30:00,CUST_185,Apparel,3,436.0,21.92,2024,1,January,Sunday,1308.0,65.76,1242.24,94.97
TXN_1010,2024-01-22 00:30:00,CUST_244,Apparel,2,193.01,163.13,2024,1,January,Monday,386.02,326.26,59.76,15.48
TXN_1011,2024-01-22 01:00:00,CUST_112,Apparel,3,217.42,298.76,2024,1,January,Monday,652.26,896.28,-244.02,-37.41
TXN_1012,2024-01-22 01:30:00,CUST_311,Home Goods,5,341.86,14.82,2024,1,January,Monday,1709.3,74.1,1635.2,95.66
TXN_1014,2024-01-22 02:30:00,CUST_167,Electronics,1,430.29,242.96,2024,1,January,Monday,430.29,242.96,187.33,43.54
TXN_1015,2024-01-22 03:00:00,CUST_493,Electronics,3,434.46,337.72,2024,1,January,Monday,1303.38,1013.16,290.22,22.27
TXN_1016,2024-01-22 03:30:00,CUST_166,Electronics,2,152.6,228.55,2024,1,January,Monday,305.2,457.1,-151.9,-49.77
TXN_1017,2024-01-22 04:00:00,CUST_332,Apparel,5,465.56,98.78,2024,1,January,Monday,2327.8,493.9,1833.9,78.78
TXN_1020,2024-01-22 05:30:00,CUST_210,Electronics,4,74.71,189.55,2024,1,January,Monday,298.84,758.2,-459.36,-153.71
TXN_1023,2024-01-22 07:00:00,CUST_133,Electronics,5,270.79,338.79,2024,1,January,Monday,1353.95,1693.95,-340.0,-25.11
TXN_1024,2024-01-22 07:30:00,CUST_210,Apparel,2,419.04,254.43,2024,1,January,Monday,838.08,508.86,329.22,39.28
TXN_1026,2024-01-22 08:30:00,CUST_468,Home Goods,2,145.73,88.9,2024,1,January,Monday,291.46,177.8,113.66,39.0
TXN_1027,2024-01-22 09:00:00,CUST_335,Home Goods,4,375.62,200.22,2024,1,January,Monday,1502.48,800.88,701.6,46.7
TXN_1029,2024-01-22 10:00:00,CUST_141,Apparel,5,237.95,91.67,2024,1,January,Monday,1189.75,458.35,731.4,61.48
TXN_1030,2024-01-22 10:30:00,CUST_200,Home Goods,3,166.38,314.49,2024,1,January,Monday,499.14,943.47,-444.33,-89.02
TXN_1031,2024-01-22 11:00:00,CUST_105,Apparel,3,318.46,140.27,2024,1,January,Monday,955.38,420.81,534.57,55.95
TXN_1032,2024-01-22 11:30:00,CUST_279,Electronics,5,379.05,106.15,2024,1,January,Monday,1895.25,530.75,1364.5,72.0
TXN_1033,2024-01-22 12:00:00,CUST_381,Home Goods,3,260.76,326.78,2024,1,January,Monday,782.28,980.34,-198.06,-25.32
TXN_1036,2024-01-22 13:30:00,CUST_414,Home Goods,5,35.96,231.93,2024,1,January,Monday,179.8,1159.65,-979.85,-544.97
TXN_1037,2024-01-22 14:00:00,CUST_464,Apparel,5,145.49,322.96,2024,1,January,Monday,727.45,1614.8,-887.35,-121.98
TXN_1038,2024-01-22 14:30:00,CUST_328,Apparel,2,278.63,292.9,2024,1,January,Monday,557.26,585.8,-28.54,-5.12
TXN_1039,2024-01-22 15:00:00,CUST_476,Electronics,1,423.17,249.8,2024,1,January,Monday,423.17,249.8,173.37,40.97
TXN_1040,2024-01-22 15:30:00,CUST_388,Electronics,2,143.56,116.95,2024,1,January,Monday,287.12,233.9,53.22,18.54
TXN_1041,2024-01-22 16:00:00,CUST_249,Electronics,3,586.11,178.49,2024,1,January,Monday,1758.33,535.47,1222.86,69.55
TXN_1042,2024-01-22 16:30:00,CUST_376,Electronics,1,201.36,331.13,2024,1,January,Monday,201.36,331.13,-129.77,-64.45
TXN_1043,2024-01-22 17:00:00,CUST_297,Apparel,5,326.5,17.89,2024,1,January,Monday,1632.5,89.45,1543.05,94.52
TXN_1044,2024-01-22 17:30:00,CUST_169,Electronics,3,26.1,280.07,2024,1,January,Monday,78.3,840.21,-761.91,-973.07
TXN_1045,2024-01-22 18:00:00,CUST_211,Apparel,4,532.66,95.62,2024,1,January,Monday,2130.64,382.48,1748.16,82.05
TXN_1046,2024-01-22 18:30:00,CUST_103,Electronics,3,476.47,72.91,2024,1,January,Monday,1429.41,218.73,1210.68,84.7
TXN_1047,2024-01-22 19:00:00,CUST_449,Unknown,1,129.34,88.96,2024,1,January,Monday,129.34,88.96,40.38,31.22
TXN_1048,2024-01-22 19:30:00,CUST_430,Electronics,1,560.94,30.32,2024,1,January,Monday,560.94,30.32,530.62,94.59
TXN_1049,2024-01-22 20:00:00,CUST_417,Electronics,5,199.77,347.27,2024,1,January,Monday,998.85,1736.35,-737.5,-73.83
TXN_1051,2024-01-22 21:00:00,CUST_194,Apparel,4,494.1,187.16,2024,1,January,Monday,1976.4,748.64,1227.76,62.12
TXN_1052,2024-01-22 21:30:00,CUST_251,Apparel,5,448.43,253.14,2024,1,January,Monday,2242.15,1265.7,976.45,43.55
TXN_1053,2024-01-22 22:00:00,CUST_410,Apparel,4,551.79,199.24,2024,1,January,Monday,2207.16,796.96,1410.2,63.89
TXN_1054,2024-01-22 22:30:00,CUST_236,Apparel,4,520.6,285.94,2024,1,January,Monday,2082.4,1143.76,938.64,45.07
TXN_1055,2024-01-22 23:00:00,CUST_346,Electronics,5,596.85,297.22,2024,1,January,Monday,2984.25,1486.1,1498.15,50.2
TXN_1057,2024-01-23 00:00:00,CUST_342,Apparel,3,193.29,166.31,2024,1,January,Tuesday,579.87,498.93,80.94,13.96
TXN_1058,2024-01-23 00:30:00,CUST_130,Electronics,2,387.19,225.85,2024,1,January,Tuesday,774.38,451.7,322.68,41.67
TXN_1059,2024-01-23 01:00:00,CUST_139,Electronics,4,443.83,342.67,2024,1,January,Tuesday,1775.32,1370.68,404.64,22.79
TXN_1061,2024-01-23 02:00:00,CUST_135,Electronics,1,58.25,315.2,2024,1,January,Tuesday,58.25,315.2,-256.95,-441.12
TXN_1062,2024-01-23 02:30:00,CUST_322,Apparel,5,507.33,297.68,2024,1,January,Tuesday,2536.65,1488.4,1048.25,41.32
TXN_1065,2024-01-23 04:00:00,CUST_319,Electronics,3,146.52,138.32,2024,1,January,Tuesday,439.56,414.96,24.6,5.6
TXN_1067,2024-01-23 05:00:00,CUST_103,Home Goods,4,153.82,275.53,2024,1,January,Tuesday,615.28,1102.12,-486.84,-79.12
TXN_1070,2024-01-23 06:30:00,CUST_217,Electronics,3,69.71,216.91,2024,1,January,Tuesday,209.13,650.73,-441.6,-211.16
TXN_1072,2024-01-23 07:30:00,CUST_193,Electronics,5,421.89,329.85,2024,1,January,Tuesday,2109.45,1649.25,460.2,21.82
TXN_1074,2024-01-23 08:30:00,CUST_293,Apparel,1,348.39,180.88,2024,1,January,Tuesday,348.39,180.88,167.51,48.08
TXN_1075,2024-01-23 09:00:00,CUST_434,Home Goods,4,433.42,193.28,2024,1,January,Tuesday,1733.68,773.12,960.56,55.41
TXN_1076,2024-01-23 09:30:00,CUST_302,Electronics,4,505.07,256.37,2024,1,January,Tuesday,2020.28,1025.48,994.8,49.24
TXN_1078,2024-01-23 10:30:00,CUST_125,Home Goods,3,452.5,74.63,2024,1,January,Tuesday,1357.5,223.89,1133.61,83.51
TXN_1079,2024-01-23 11:00:00,CUST_272,Electronics,5,191.54,263.97,2024,1,January,Tuesday,957.7,1319.85,-362.15,-37.81
TXN_1082,2024-01-23 12:30:00,CUST_425,Electronics,2,224.94,293.19,2024,1,January,Tuesday,449.88,586.38,-136.5,-30.34
TXN_1083,2024-01-23 13:00:00,CUST_217,Electronics,4,35.99,218.64,2024,1,January,Tuesday,143.96,874.56,-730.6,-507.5
TXN_1085,2024-01-23 14:00:00,CUST_374,Apparel,1,396.55,231.69,2024,1,January,Tuesday,396.55,231.69,164.86,41.57
TXN_1086,2024-01-23 14:30:00,CUST_311,Home Goods,4,394.03,89.43,2024,1,January,Tuesday,1576.12,357.72,1218.4,77.3
TXN_1087,2024-01-23 15:00:00,CUST_324,Electronics,4,58.03,100.18,2024,1,January,Tuesday,232.12,400.72,-168.6,-72.63
TXN_1088,2024-01-23 15:30:00,CUST_119,Unknown,2,183.14,298.32,2024,1,January,Tuesday,366.28,596.64,-230.36,-62.89
TXN_1089,2024-01-23 16:00:00,CUST_212,Electronics,2,348.19,326.03,2024,1,January,Tuesday,696.38,652.06,44.32,6.36
TXN_1090,2024-01-23 16:30:00,CUST_239,Home Goods,5,201.35,97.34,2024,1,January,Tuesday,1006.75,486.7,520.05,51.66
TXN_1093,2024-01-23 18:00:00,CUST_189,Home Goods,4,20.42,49.87,2024,1,January,Tuesday,81.68,199.48,-117.8,-144.22
TXN_1094,2024-01-23 18:30:00,CUST_241,Electronics,4,176.69,29.8,2024,1,January,Tuesday,706.76,119.2,587.56,83.13
TXN_1095,2024-01-23 19:00:00,CUST_419,Apparel,3,98.29,92.32,2024,1,January,Tuesday,294.87,276.96,17.91,6.07
TXN_1096,2024-01-23 19:30:00,CUST_137,Apparel,3,89.65,140.98,2024,1,January,Tuesday,268.95,422.94,-153.99,-57.26
TXN_1100,2024-01-23 21:30:00,CUST_455,Electronics,1,444.29,259.61,2024,1,January,Tuesday,444.29,259.61,184.68,41.57
TXN_1104,2024-01-23 23:30:00,CUST_489,Electronics,1,519.26,76.79,2024,1,January,Tuesday,519.26,76.79,442.47,85.21
TXN_1105,2024-01-24 00:00:00,CUST_277,Apparel,3,233.18,259.58,2024,1,January,Wednesday,699.54,778.74,-79.2,-11.32
TXN_1108,2024-01-24 01:30:00,CUST_237,Electronics,1,187.62,131.1,2024,1,January,Wednesday,187.62,131.1,56.52,30.12
TXN_1109,2024-01-24 02:00:00,CUST_271,Apparel,4,83.5,165.79,2024,1,January,Wednesday,334.0,663.16,-329.16,-98.55
TXN_1111,2024-01-24 03:00:00,CUST_112,Apparel,2,241.6,166.2,2024,1,January,Wednesday,483.2,332.4,150.8,31.21
TXN_1113,2024-01-24 04:00:00,CUST_229,Electronics,4,295.03,212.56,2024,1,January,Wednesday,1180.12,850.24,329.88,27.95
TXN_1114,2024-01-24 04:30:00,CUST_183,Apparel,3,447.9,136.91,2024,1,January,Wednesday,1343.7,410.73,932.97,69.43
TXN_1115,2024-01-24 05:00:00,CUST_420,Unknown,5,315.54,327.55,2024,1,January,Wednesday,1577.7,1637.75,-60.05,-3.81
TXN_1116,2024-01-24 05:30:00,CUST_418,Apparel,5,57.06,334.99,2024,1,January,Wednesday,285.3,1674.95,-1389.65,-487.08
TXN_1117,2024-01-24 06:00:00,CUST_200,Home Goods,3,272.49,207.83,2024,1,January,Wednesday,817.47,623.49,193.98,23.73
TXN_1118,2024-01-24 06:30:00,CUST_428,Apparel,4,429.71,34.37,2024,1,January,Wednesday,1718.84,137.48,1581.36,92.0
TXN_1119,2024-01-24 07:00:00,CUST_372,Home Goods,1,48.99,176.98,2024,1,January,Wednesday,48.99,176.98,-127.99,-261.26
TXN_1122,2024-01-24 08:30:00,CUST_137,Electronics,1,129.05,74.08,2024,1,January,Wednesday,129.05,74.08,54.97,42.6
TXN_1123,2024-01-24 09:00:00,CUST_193,Apparel,5,561.85,249.31,2024,1,January,Wednesday,2809.25,1246.55,1562.7,55.63
TXN_1126,2024-01-24 10:30:00,CUST_168,Apparel,3,427.29,76.43,2024,1,January,Wednesday,1281.87,229.29,1052.58,82.11
TXN_1128,2024-01-24 11:30:00,CUST_335,Apparel,3,92.29,321.77,2024,1,January,Wednesday,276.87,965.31,-688.44,-248.65
TXN_1130,2024-01-24 12:30:00,CUST_472,Apparel,2,391.01,327.66,2024,1,January,Wednesday,782.02,655.32,126.7,16.2
TXN_1131,2024-01-24 13:00:00,CUST_475,Electronics,5,45.35,142.15,2024,1,January,Wednesday,226.75,710.75,-484.0,-213.45
TXN_1132,2024-01-24 13:30:00,CUST_236,Electronics,3,174.52,336.58,2024,1,January,Wednesday,523.56,1009.74,-486.18,-92.86
TXN_1133,2024-01-24 14:00:00,CUST_175,Unknown,2,136.86,340.26,2024,1,January,Wednesday,273.72,680.52,-406.8,-148.62
TXN_1134,2024-01-24 14:30:00,CUST_134,Electronics,1,132.66,73.95,2024,1,January,Wednesday,132.66,73.95,58.71,44.26
TXN_1135,2024-01-24 15:00:00,CUST_100,Electronics,5,414.42,292.57,2024,1,January,Wednesday,2072.1,1462.85,609.25,29.4
TXN_1136,2024-01-24 15:30:00,CUST_395,Home Goods,5,498.1,75.76,2024,1,January,Wednesday,2490.5,378.8,2111.7,84.79
TXN_1137,2024-01-24 16:00:00,CUST_419,Electronics,3,433.78,86.99,2024,1,January,Wednesday,1301.34,260.97,1040.37,79.95
TXN_1138,2024-01-24 16:30:00,CUST_159,Apparel,3,392.75,38.6,2024,1,January,Wednesday,1178.25,115.8,1062.45,90.17
TXN_1139,2024-01-24 17:00:00,CUST_419,Electronics,4,551.12,63.22,2024,1,January,Wednesday,2204.48,252.88,1951.6,88.53
TXN_1141,2024-01-24 18:00:00,CUST_427,Electronics,1,112.98,162.75,2024,1,January,Wednesday,112.98,162.75,-49.77,-44.05
TXN_1142,2024-01-24 18:30:00,CUST_366,Electronics,1,257.43,278.92,2024,1,January,Wednesday,257.43,278.92,-21.49,-8.35
TXN_1144,2024-01-24 19:30:00,CUST_328,Apparel,2,259.56,339.33,2024,1,January,Wednesday,519.12,678.66,-159.54,-30.73
TXN_1145,2024-01-24 20:00:00,CUST_369,Apparel,2,135.78,26.96,2024,1,January,Wednesday,271.56,53.92,217.64,80.14
TXN_1146,2024-01-24 20:30:00,CUST_415,Home Goods,4,102.46,31.4,2024,1,January,Wednesday,409.84,125.6,284.24,69.35
TXN_1148,2024-01-24 21:30:00,CUST_390,Apparel,1,557.91,311.76,2024,1,January,Wednesday,557.91,311.76,246.15,44.12
TXN_1153,2024-01-25 00:00:00,CUST_478,Home Goods,2,158.38,183.21,2024,1,January,Thursday,316.76,366.42,-49.66,-15.68
TXN_1154,2024-01-25 00:30:00,CUST_177,Electronics,1,204.69,171.72,2024,1,January,Thursday,204.69,171.72,32.97,16.11
TXN_1156,2024-01-25 01:30:00,CUST_231,Electronics,1,494.01,206.54,2024,1,January,Thursday,494.01,206.54,287.47,58.19
TXN_1158,2024-01-25 02:30:00,CUST_336,Home Goods,2,203.65,248.3,2024,1,January,Thursday,407.3,496.6,-89.3,-21.92
TXN_1159,2024-01-25 03:00:00,CUST_141,Apparel,3,196.63,99.51,2024,1,January,Thursday,589.89,298.53,291.36,49.39
TXN_1160,2024-01-25 03:30:00,CUST_188,Apparel,3,87.72,209.0,2024,1,January,Thursday,263.16,627.0,-363.84,-138.26
TXN_1162,2024-01-25 04:30:00,CUST_427,Home Goods,2,388.31,51.34,2024,1,January,Thursday,776.62,102.68,673.94,86.78
TXN_1163,2024-01-25 05:00:00,CUST_394,Apparel,4,30.78,277.19,2024,1,January,Thursday,123.12,1108.76,-985.64,-800.55
TXN_1164,2024-01-25 05:30:00,CUST_203,Electronics,5,402.48,245.87,2024,1,January,Thursday,2012.4,1229.35,783.05,38.91
TXN_1166,2024-01-25 06:30:00,CUST_387,Apparel,1,583.95,61.84,2024,1,January,Thursday,583.95,61.84,522.11,89.41
TXN_1168,2024-01-25 07:30:00,CUST_224,Electronics,5,115.22,55.26,2024,1,January,Thursday,576.1,276.3,299.8,52.04
TXN_1170,2024-01-25 08:30:00,CUST_122,Apparel,2,299.06,129.81,2024,1,January,Thursday,598.12,259.62,338.5,56.59
TXN_1171,2024-01-25 09:00:00,CUST_162,Apparel,1,124.42,45.85,2024,1,January,Thursday,124.42,45.85,78.57,63.15
TXN_1172,2024-01-25 09:30:00,CUST_242,Apparel,5,423.76,107.5,2024,1,January,Thursday,2118.8,537.5,1581.3,74.63
TXN_1174,2024-01-25 10:30:00,CUST_244,Home Goods,3,32.77,176.83,2024,1,January,Thursday,98.31,530.49,-432.18,-439.61
TXN_1175,2024-01-25 11:00:00,CUST_324,Apparel,4,393.25,332.91,2024,1,January,Thursday,1573.0,1331.64,241.36,15.34
TXN_1178,2024-01-25 12:30:00,CUST_203,Apparel,5,219.16,313.19,2024,1,January,Thursday,1095.8,1565.95,-470.15,-42.9
TXN_1179,2024-01-25 13:00:00,CUST_138,Apparel,4,357.75,224.23,2024,1,January,Thursday,1431.0,896.92,534.08,37.32
TXN_1181,2024-01-25 14:00:00,CUST_233,Electronics,3,513.84,346.89,2024,1,January,Thursday,1541.52,1040.67,500.85,32.49
TXN_1182,2024-01-25 14:30:00,CUST_166,Home Goods,5,31.08,73.72,2024,1,January,Thursday,155.4,368.6,-213.2,-137.19
TXN_1183,2024-01-25 15:00:00,CUST_490,Electronics,2,75.16,187.91,2024,1,January,Thursday,150.32,375.82,-225.5,-150.01
TXN_1184,2024-01-25 15:30:00,CUST_278,Apparel,1,82.92,280.88,2024,1,January,Thursday,82.92,280.88,-197.96,-238.74
TXN_1185,2024-01-25 16:00:00,CUST_141,Electronics,3,323.94,10.22,2024,1,January,Thursday,971.82,30.66,941.16,96.85
TXN_1186,2024-01-25 16:30:00,CUST_114,Home Goods,4,377.77,248.69,2024,1,January,Thursday,1511.08,994.76,516.32,34.17
TXN_1187,2024-01-25 17:00:00,CUST_210,Electronics,4,251.19,100.61,2024,1,January,Thursday,1004.76,402.44,602.32,59.95
TXN_1188,2024-01-25 17:30:00,CUST_256,Electronics,3,183.87,67.71,2024,1,January,Thursday,551.61,203.13,348.48,63.18
TXN_1190,2024-01-25 18:30:00,CUST_330,Electronics,2,54.95,338.72,2024,1,January,Thursday,109.9,677.44,-567.54,-516.41
TXN_1192,2024-01-25 19:30:00,CUST_137,Apparel,2,37.88,82.68,2024,1,January,Thursday,75.76,165.36,-89.6,-118.27
TXN_1195,2024-01-25 21:00:00,CUST_353,Electronics,4,128.97,211.39,2024,1,January,Thursday,515.88,845.56,-329.68,-63.91
TXN_1197,2024-01-25 22:00:00,CUST_185,Apparel,3,495.25,338.47,2024,1,January,Thursday,1485.75,1015.41,470.34,31.66
TXN_1200,2024-01-25 23:30:00,CUST_104,Electronics,3,409.9,58.39,2024,1,January,Thursday,1229.7,175.17,1054.53,85.76
TXN_1201,2024-01-26 00:00:00,CUST_222,Electronics,1,205.97,35.17,2024,1,January,Friday,205.97,35.17,170.8,82.92
TXN_1202,2024-01-26 00:30:00,CUST_429,Electronics,4,334.74,212.65,2024,1,January,Friday,1338.96,850.6,488.36,36.47
TXN_1203,2024-01-26 01:00:00,CUST_452,Home Goods,2,274.99,193.28,2024,1,January,Friday,549.98,386.56,163.42,29.71
TXN_1204,2024-01-26 01:30:00,CUST_217,Unknown,5,90.11,297.67,2024,1,January,Friday,450.55,1488.35,-1037.8,-230.34
TXN_1205,2024-01-26 02:00:00,CUST_393,Apparel,2,545.7,119.69,2024,1,January,Friday,1091.4,239.38,852.02,78.07
TXN_1206,2024-01-26 02:30:00,CUST_496,Electronics,2,348.23,23.49,2024,1,January,Friday,696.46,46.98,649.48,93.25
TXN_1208,2024-01-26 03:30:00,CUST_402,Electronics,5,496.94,339.52,2024,1,January,Friday,2484.7,1697.6,787.1,31.68
TXN_1210,2024-01-26 04:30:00,CUST_464,Electronics,4,136.25,21.48,2024,1,January,Friday,545.0,85.92,459.08,84.23
TXN_1212,2024-01-26 05:30:00,CUST_283,Electronics,1,501.01,170.37,2024,1,January,Friday,501.01,170.37,330.64,65.99
TXN_1213,2024-01-26 06:00:00,CUST_114,Home Goods,2,519.53,134.02,2024,1,January,Friday,1039.06,268.04,771.02,74.2
TXN_1216,2024-01-26 07:30:00,CUST_360,Apparel,2,94.34,190.4,2024,1,January,Friday,188.68,380.8,-192.12,-101.82
TXN_1217,2024-01-26 08:00:00,CUST_256,Apparel,4,490.93,233.25,2024,1,January,Friday,1963.72,933.0,1030.72,52.49
TXN_1218,2024-01-26 08:30:00,CUST_146,Apparel,4,558.58,205.04,2024,1,January,Friday,2234.32,820.16,1414.16,63.29
TXN_1219,2024-01-26 09:00:00,CUST_423,Apparel,3,131.69,58.94,2024,1,January,Friday,395.07,176.82,218.25,55.24
TXN_1220,2024-01-26 09:30:00,CUST_431,Apparel,4,21.52,97.46,2024,1,January,Friday,86.08,389.84,-303.76,-352.88
TXN_1221,2024-01-26 10:00:00,CUST_272,Unknown,4,208.61,295.95,2024,1,January,Friday,834.44,1183.8,-349.36,-41.87
TXN_1222,2024-01-26 10:30:00,CUST_229,Apparel,2,32.84,235.51,2024,1,January,Friday,65.68,471.02,-405.34,-617.14
TXN_1223,2024-01-26 11:00:00,CUST_194,Home Goods,1,499.37,162.46,2024,1,January,Friday,499.37,162.46,336.91,67.47
TXN_1225,2024-01-26 12:00:00,CUST_342,Electronics,2,390.49,12.61,2024,1,January,Friday,780.98,25.22,755.76,96.77
TXN_1229,2024-01-26 14:00:00,CUST_382,Home Goods,4,465.76,289.41,2024,1,January,Friday,1863.04,1157.64,705.4,37.86
TXN_1230,2024-01-26 14:30:00,CUST_168,Apparel,3,421.9,107.04,2024,1,January,Friday,1265.7,321.12,944.58,74.63
TXN_1231,2024-01-26 15:00:00,CUST_247,Apparel,1,226.03,298.24,2024,1,January,Friday,226.03,298.24,-72.21,-31.95
TXN_1232,2024-01-26 15:30:00,CUST_110,Apparel,3,202.85,249.55,2024,1,January,Friday,608.55,748.65,-140.1,-23.02
TXN_1233,2024-01-26 16:00:00,CUST_353,Electronics,5,15.73,52.59,2024,1,January,Friday,78.65,262.95,-184.3,-234.33
TXN_1234,2024-01-26 16:30:00,CUST_429,Apparel,3,52.18,229.15,2024,1,January,Friday,156.54,687.45,-530.91,-339.15
TXN_1235,2024-01-26 17:00:00,CUST_459,Home Goods,3,379.6,61.57,2024,1,January,Friday,1138.8,184.71,954.09,83.78
TXN_1237,2024-01-26 18:00:00,CUST_233,Apparel,4,269.36,58.52,2024,1,January,Friday,1077.44,234.08,843.36,78.27
TXN_1239,2024-01-26 19:00:00,CUST_122,Electronics,4,309.78,202.64,2024,1,January,Friday,1239.12,810.56,428.56,34.59
TXN_1241,2024-01-26 20:00:00,CUST_445,Unknown,4,109.33,62.12,2024,1,January,Friday,437.32,248.48,188.84,43.18
TXN_1243,2024-01-26 21:00:00,CUST_462,Electronics,4,352.11,167.19,2024,1,January,Friday,1408.44,668.76,739.68,52.52
TXN_1244,2024-01-26 21:30:00,CUST_495,Electronics,4,69.09,301.89,2024,1,January,Friday,276.36,1207.56,-931.2,-336.95
TXN_1245,2024-01-26 22:00:00,CUST_317,Apparel,3,394.61,73.67,2024,1,January,Friday,1183.83,221.01,962.82,81.33
TXN_1246,2024-01-26 22:30:00,CUST_240,Apparel,5,263.67,128.14,2024,1,January,Friday,1318.35,640.7,677.65,51.4
TXN_1247,2024-01-26 23:00:00,CUST_203,Apparel,4,489.66,171.76,2024,1,January,Friday,1958.64,687.04,1271.6,64.92
TXN_1248,2024-01-26 23:30:00,CUST_309,Electronics,5,552.57,110.56,2024,1,January,Friday,2762.85,552.8,2210.05,79.99
TXN_1249,2024-01-27 00:00:00,CUST_210,Home Goods,5,366.27,222.75,2024,1,January,Saturday,1831.35,1113.75,717.6,39.18
TXN_1250,2024-01-27 00:30:00,CUST_203,Electronics,2,442.99,97.24,2024,1,January,Saturday,885.98,194.48,691.5,78.05
TXN_1251,2024-01-27 01:00:00,CUST_415,Electronics,2,48.11,272.6,2024,1,January,Saturday,96.22,545.2,-448.98,-466.62
TXN_1252,2024-01-27 01:30:00,CUST_270,Apparel,1,342.75,181.75,2024,1,January,Saturday,342.75,181.75,161.0,46.97
TXN_1255,2024-01-27 03:00:00,CUST_232,Home Goods,2,362.23,203.54,2024,1,January,Saturday,724.46,407.08,317.38,43.81
TXN_1256,2024-01-27 03:30:00,CUST_475,Electronics,4,540.88,125.12,2024,1,January,Saturday,2163.52,500.48,1663.04,76.87
TXN_1257,2024-01-27 04:00:00,CUST_392,Home Goods,5,130.89,13.79,2024,1,January,Saturday,654.45,68.95,585.5,89.46
TXN_1259,2024-01-27 05:00:00,CUST_226,Home Goods,1,419.03,147.94,2024,1,January,Saturday,419.03,147.94,271.09,64.69
TXN_1260,2024-01-27 05:30:00,CUST_205,Electronics,2,496.37,77.97,2024,1,January,Saturday,992.74,155.94,836.8,84.29
TXN_1261,2024-01-27 06:00:00,CUST_191,Apparel,3,512.54,206.35,2024,1,January,Saturday,1537.62,619.05,918.57,59.74
TXN_1264,2024-01-27 07:30:00,CUST_492,Electronics,1,424.89,229.97,2024,1,January,Saturday,424.89,229.97,194.92,45.88
TXN_1265,2024-01-27 08:00:00,CUST_150,Apparel,4,66.12,244.26,2024,1,January,Saturday,264.48,977.04,-712.56,-269.42
TXN_1267,2024-01-27 09:00:00,CUST_395,Electronics,5,119.93,345.07,2024,1,January,Saturday,599.65,1725.35,-1125.7,-187.73
TXN_1268,2024-01-27 09:30:00,CUST_396,Apparel,4,153.42,98.74,2024,1,January,Saturday,613.68,394.96,218.72,35.64
TXN_1269,2024-01-27 10:00:00,CUST_313,Home Goods,4,245.87,100.53,2024,1,January,Saturday,983.48,402.12,581.36,59.11
TXN_1271,2024-01-27 11:00:00,CUST_356,Home Goods,3,203.17,175.13,2024,1,January,Saturday,609.51,525.39,84.12,13.8
TXN_1272,2024-01-27 11:30:00,CUST_401,Electronics,3,114.02,42.69,2024,1,January,Saturday,342.06,128.07,213.99,62.56
TXN_1278,2024-01-27 14:30:00,CUST_100,Apparel,5,494.95,142.35,2024,1,January,Saturday,2474.75,711.75,1763.0,71.24
TXN_1279,2024-01-27 15:00:00,CUST_418,Apparel,2,258.63,304.15,2024,1,January,Saturday,517.26,608.3,-91.04,-17.6
TXN_1280,2024-01-27 15:30:00,CUST_154,Apparel,4,442.3,307.65,2024,1,January,Saturday,1769.2,1230.6,538.6,30.44
TXN_1283,2024-01-27 17:00:00,CUST_248,Apparel,2,410.44,78.61,2024,1,January,Saturday,820.88,157.22,663.66,80.85
TXN_1284,2024-01-27 17:30:00,CUST_408,Electronics,5,394.55,40.97,2024,1,January,Saturday,1972.75,204.85,1767.9,89.62
TXN_1285,2024-01-27 18:00:00,CUST_236,Electronics,4,483.95,321.02,2024,1,January,Saturday,1935.8,1284.08,651.72,33.67
TXN_1286,2024-01-27 18:30:00,CUST_301,Apparel,2,375.42,28.89,2024,1,January,Saturday,750.84,57.78,693.06,92.3
TXN_1287,2024-01-27 19:00:00,CUST_412,Apparel,4,106.78,110.6,2024,1,January,Saturday,427.12,442.4,-15.28,-3.58
TXN_1288,2024-01-27 19:30:00,CUST_216,Electronics,3,514.1,175.57,2024,1,January,Saturday,1542.3,526.71,1015.59,65.85
TXN_1290,2024-01-27 20:30:00,CUST_390,Apparel,3,487.45,318.35,2024,1,January,Saturday,1462.35,955.05,507.3,34.69
TXN_1291,2024-01-27 21:00:00,CUST_162,Electronics,1,467.85,107.62,2024,1,January,Saturday,467.85,107.62,360.23,77.0
TXN_1292,2024-01-27 21:30:00,CUST_343,Home Goods,5,189.25,19.69,2024,1,January,Saturday,946.25,98.45,847.8,89.6
TXN_1294,2024-01-27 22:30:00,CUST_189,Apparel,2,118.26,115.87,2024,1,January,Saturday,236.52,231.74,4.78,2.02
TXN_1295,2024-01-27 23:00:00,CUST_174,Apparel,4,69.32,308.1,2024,1,January,Saturday,277.28,1232.4,-955.12,-344.46
TXN_1297,2024-01-28 00:00:00,CUST_485,Apparel,1,283.83,235.46,2024,1,January,Sunday,283.83,235.46,48.37,17.04
TXN_1298,2024-01-28 00:30:00,CUST_490,Electronics,5,545.48,91.97,2024,1,January,Sunday,2727.4,459.85,2267.55,83.14
TXN_1299,2024-01-28 01:00:00,CUST_309,Home Goods,5,525.13,180.98,2024,1,January,Sunday,2625.65,904.9,1720.75,65.54
TXN_1300,2024-01-28 01:30:00,CUST_446,Home Goods,5,435.38,97.6,2024,1,January,Sunday,2176.9,488.0,1688.9,77.58
TXN_1301,2024-01-28 02:00:00,CUST_116,Apparel,2,29.11,333.37,2024,1,January,Sunday,58.22,666.74,-608.52,-1045.21
TXN_1303,2024-01-28 03:00:00,CUST_463,Electronics,3,414.17,103.39,2024,1,January,Sunday,1242.51,310.17,932.34,75.04
TXN_1304,2024-01-28 03:30:00,CUST_350,Electronics,1,90.48,313.66,2024,1,January,Sunday,90.48,313.66,-223.18,-246.66
TXN_1305,2024-01-28 04:00:00,CUST_278,Apparel,2,483.64,173.21,2024,1,January,Sunday,967.28,346.42,620.86,64.19
TXN_1306,2024-01-28 04:30:00,CUST_281,Electronics,4,550.03,214.03,2024,1,January,Sunday,2200.12,856.12,1344.0,61.09
TXN_1307,2024-01-28 05:00:00,CUST_251,Apparel,2,222.15,231.58,2024,1,January,Sunday,444.3,463.16,-18.86,-4.24
TXN_1308,2024-01-28 05:30:00,CUST_124,Electronics,4,427.92,34.12,2024,1,January,Sunday,1711.68,136.48,1575.2,92.03
TXN_1309,2024-01-28 06:00:00,CUST_279,Unknown,4,101.7,16.03,2024,1,January,Sunday,406.8,64.12,342.68,84.24
TXN_1310,2024-01-28 06:30:00,CUST_297,Electronics,5,419.13,328.87,2024,1,January,Sunday,2095.65,1644.35,451.3,21.54
TXN_1311,2024-01-28 07:00:00,CUST_443,Home Goods,2,27.55,102.31,2024,1,January,Sunday,55.1,204.62,-149.52,-271.36
TXN_1312,2024-01-28 07:30:00,CUST_260,Home Goods,3,103.2,139.31,2024,1,January,Sunday,309.6,417.93,-108.33,-34.99
TXN_1313,2024-01-28 08:00:00,CUST_276,Apparel,4,430.28,241.91,2024,1,January,Sunday,1721.12,967.64,753.48,43.78
TXN_1315,2024-01-28 09:00:00,CUST_162,Apparel,5,390.08,259.24,2024,1,January,Sunday,1950.4,1296.2,654.2,33.54
TXN_1316,2024-01-28 09:30:00,CUST_249,Apparel,3,294.26,165.8,2024,1,January,Sunday,882.78,497.4,385.38,43.66
TXN_1317,2024-01-28 10:00:00,CUST_253,Electronics,2,409.82,301.25,2024,1,January,Sunday,819.64,602.5,217.14,26.49
TXN_1318,2024-01-28 10:30:00,CUST_255,Electronics,3,467.67,104.7,2024,1,January,Sunday,1403.01,314.1,1088.91,77.61
TXN_1319,2024-01-28 11:00:00,CUST_469,Apparel,2,580.39,79.3,2024,1,January,Sunday,1160.78,158.6,1002.18,86.34
TXN_1320,2024-01-28 11:30:00,CUST_148,Apparel,4,534.86,292.77,2024,1,January,Sunday,2139.44,1171.08,968.36,45.26
TXN_1321,2024-01-28 12:00:00,CUST_436,Apparel,1,479.8,120.95,2024,1,January,Sunday,479.8,120.95,358.85,74.79
TXN_1322,2024-01-28 12:30:00,CUST_183,Electronics,1,421.43,150.04,2024,1,January,Sunday,421.43,150.04,271.39,64.4
TXN_1325,2024-01-28 14:00:00,CUST_247,Electronics,4,111.85,160.19,2024,1,January,Sunday,447.4,640.76,-193.36,-43.22
TXN_1326,2024-01-28 14:30:00,CUST_217,Electronics,3,494.86,94.96,2024,1,January,Sunday,1484.58,284.88,1199.7,80.81
TXN_1327,2024-01-28 15:00:00,CUST_441,Electronics,2,484.94,269.83,2024,1,January,Sunday,969.88,539.66,430.22,44.36
TXN_1328,2024-01-28 15:30:00,CUST_162,Electronics,1,374.46,71.35,2024,1,January,Sunday,374.46,71.35,303.11,80.95
TXN_1329,2024-01-28 16:00:00,CUST_288,Home Goods,2,271.72,325.62,2024,1,January,Sunday,543.44,651.24,-107.8,-19.84
TXN_1330,2024-01-28 16:30:00,CUST_459,Electronics,4,30.23,61.11,2024,1,January,Sunday,120.92,244.44,-123.52,-102.15
TXN_1331,2024-01-28 17:00:00,CUST_148,Apparel,3,206.4,283.68,2024,1,January,Sunday,619.2,851.04,-231.84,-37.44
TXN_1333,2024-01-28 18:00:00,CUST_356,Home Goods,2,299.2,73.24,2024,1,January,Sunday,598.4,146.48,451.92,75.52
TXN_1334,2024-01-28 18:30:00,CUST_323,Apparel,3,558.65,146.81,2024,1,January,Sunday,1675.95,440.43,1235.52,73.72
TXN_1336,2024-01-28 19:30:00,CUST_314,Apparel,1,318.54,56.24,2024,1,January,Sunday,318.54,56.24,262.3,82.34
TXN_1337,2024-01-28 20:00:00,CUST_478,Electronics,2,230.23,91.31,2024,1,January,Sunday,460.46,182.62,277.84,60.34
TXN_1338,2024-01-28 20:30:00,CUST_310,Apparel,5,594.21,304.92,2024,1,January,Sunday,2971.05,1524.6,1446.45,48.68
TXN_1339,2024-01-28 21:00:00,CUST_417,Electronics,1,519.19,46.02,2024,1,January,Sunday,519.19,46.02,473.17,91.14
TXN_1340,2024-01-28 21:30:00,CUST_131,Unknown,3,271.69,340.66,2024,1,January,Sunday,815.07,1021.98,-206.91,-25.39
TXN_1341,2024-01-28 22:00:00,CUST_257,Apparel,4,599.82,11.7,2024,1,January,Sunday,2399.28,46.8,2352.48,98.05
TXN_1342,2024-01-28 22:30:00,CUST_384,Electronics,5,315.73,233.8,2024,1,January,Sunday,1578.65,1169.0,409.65,25.95
TXN_1344,2024-01-28 23:30:00,CUST_385,Electronics,2,340.19,327.55,2024,1,January,Sunday,680.38,655.1,25.28,3.72
TXN_1346,2024-01-29 00:30:00,CUST_118,Apparel,1,387.24,247.39,2024,1,January,Monday,387.24,247.39,139.85,36.11
TXN_1347,2024-01-29 01:00:00,CUST_117,Apparel,2,563.4,46.5,2024,1,January,Monday,1126.8,93.0,1033.8,91.75
TXN_1348,2024-01-29 01:30:00,CUST_356,Electronics,2,474.93,129.89,2024,1,January,Monday,949.86,259.78,690.08,72.65
TXN_1349,2024-01-29 02:00:00,CUST_177,Home Goods,5,174.8,258.85,2024,1,January,Monday,874.0,1294.25,-420.25,-48.08
TXN_1350,2024-01-29 02:30:00,CUST_470,Apparel,5,188.66,127.63,2024,1,January,Monday,943.3,638.15,305.15,32.35
TXN_1351,2024-01-29 03:00:00,CUST_274,Electronics,5,55.53,116.55,2024,1,January,Monday,277.65,582.75,-305.1,-109.89
TXN_1352,2024-01-29 03:30:00,CUST_293,Electronics,5,182.23,49.46,2024,1,January,Monday,911.15,247.3,663.85,72.86
TXN_1353,2024-01-29 04:00:00,CUST_212,Electronics,4,69.19,32.59,2024,1,January,Monday,276.76,130.36,146.4,52.9
TXN_1354,2024-01-29 04:30:00,CUST_213,Unknown,3,307.18,49.19,2024,1,January,Monday,921.54,147.57,773.97,83.99
TXN_1355,2024-01-29 05:00:00,CUST_321,Electronics,5,429.38,307.66,2024,1,January,Monday,2146.9,1538.3,608.6,28.35
TXN_1356,2024-01-29 05:30:00,CUST_265,Apparel,1,454.44,13.81,2024,1,January,Monday,454.44,13.81,440.63,96.96
TXN_1357,2024-01-29 06:00:00,CUST_418,Electronics,2,49.82,245.57,2024,1,January,Monday,99.64,491.14,-391.5,-392.91
TXN_1359,2024-01-29 07:00:00,CUST_484,Apparel,5,183.58,203.08,2024,1,January,Monday,917.9,1015.4,-97.5,-10.62
TXN_1360,2024-01-29 07:30:00,CUST_363,Unknown,1,76.02,258.46,2024,1,January,Monday,76.02,258.46,-182.44,-239.99
TXN_1361,2024-01-29 08:00:00,CUST_154,Apparel,4,227.05,231.77,2024,1,January,Monday,908.2,927.08,-18.88,-2.08
TXN_1362,2024-01-29 08:30:00,CUST_458,Home Goods,1,190.1,164.89,2024,1,January,Monday,190.1,164.89,25.21,13.26
TXN_1365,2024-01-29 10:00:00,CUST_365,Electronics,1,281.08,340.46,2024,1,January,Monday,281.08,340.46,-59.38,-21.13
TXN_1366,2024-01-29 10:30:00,CUST_465,Apparel,4,451.8,231.43,2024,1,January,Monday,1807.2,925.72,881.48,48.78
TXN_1368,2024-01-29 11:30:00,CUST_479,Home Goods,4,538.56,162.29,2024,1,January,Monday,2154.24,649.16,1505.08,69.87
TXN_1369,2024-01-29 12:00:00,CUST_186,Electronics,2,104.27,178.82,2024,1,January,Monday,208.54,357.64,-149.1,-71.5
TXN_1370,2024-01-29 12:30:00,CUST_154,Electronics,5,127.38,267.71,2024,1,January,Monday,636.9,1338.55,-701.65,-110.17
TXN_1372,2024-01-29 13:30:00,CUST_277,Home Goods,1,196.16,185.04,2024,1,January,Monday,196.16,185.04,11.12,5.67
TXN_1373,2024-01-29 14:00:00,CUST_490,Home Goods,3,338.16,241.32,2024,1,January,Monday,1014.48,723.96,290.52,28.64
TXN_1374,2024-01-29 14:30:00,CUST_448,Home Goods,3,592.98,18.18,2024,1,January,Monday,1778.94,54.54,1724.4,96.93
TXN_1376,2024-01-29 15:30:00,CUST_420,Apparel,2,237.55,81.95,2024,1,January,Monday,475.1,163.9,311.2,65.5
TXN_1377,2024-01-29 16:00:00,CUST_412,Apparel,3,351.87,233.18,2024,1,January,Monday,1055.61,699.54,356.07,33.73
TXN_1378,2024-01-29 16:30:00,CUST_346,Electronics,2,379.64,48.75,2024,1,January,Monday,759.28,97.5,661.78,87.16
TXN_1379,2024-01-29 17:00:00,CUST_422,Apparel,5,496.3,48.92,2024,1,January,Monday,2481.5,244.6,2236.9,90.14
TXN_1381,2024-01-29 18:00:00,CUST_427,Electronics,2,348.04,319.48,2024,1,January,Monday,696.08,638.96,57.12,8.21
TXN_1382,2024-01-29 18:30:00,CUST_153,Home Goods,4,406.47,215.55,2024,1,January,Monday,1625.88,862.2,763.68,46.97
TXN_1383,2024-01-29 19:00:00,CUST_348,Home Goods,4,451.36,133.07,2024,1,January,Monday,1805.44,532.28,1273.16,70.52
TXN_1385,2024-01-29 20:00:00,CUST_328,Apparel,4,132.27,222.87,2024,1,January,Monday,529.08,891.48,-362.4,-68.5
TXN_1387,2024-01-29 21:00:00,CUST_150,Apparel,4,512.5,175.59,2024,1,January,Monday,2050.0,702.36,1347.64,65.74
TXN_1388,2024-01-29 21:30:00,CUST_196,Home Goods,4,254.42,12.7,2024,1,January,Monday,1017.68,50.8,966.88,95.01
TXN_1389,2024-01-29 22:00:00,CUST_191,Home Goods,4,588.24,97.88,2024,1,January,Monday,2352.96,391.52,1961.44,83.36
TXN_1390,2024-01-29 22:30:00,CUST_363,Apparel,4,141.4,47.09,2024,1,January,Monday,565.6,188.36,377.24,66.7
TXN_1392,2024-01-29 23:30:00,CUST_195,Electronics,4,236.44,94.53,2024,1,January,Monday,945.76,378.12,567.64,60.02
TXN_1393,2024-01-30 00:00:00,CUST_187,Apparel,4,559.22,163.06,2024,1,January,Tuesday,2236.88,652.24,1584.64,70.84
TXN_1394,2024-01-30 00:30:00,CUST_177,Electronics,5,181.95,130.17,2024,1,January,Tuesday,909.75,650.85,258.9,28.46
TXN_1396,2024-01-30 01:30:00,CUST_219,Electronics,4,124.53,335.85,2024,1,January,Tuesday,498.12,1343.4,-845.28,-169.69
TXN_1397,2024-01-30 02:00:00,CUST_401,Electronics,2,319.94,327.36,2024,1,January,Tuesday,639.88,654.72,-14.84,-2.32
TXN_1399,2024-01-30 03:00:00,CUST_264,Unknown,5,192.86,291.3,2024,1,January,Tuesday,964.3,1456.5,-492.2,-51.04
TXN_1401,2024-01-30 04:00:00,CUST_497,Apparel,3,548.12,273.07,2024,1,January,Tuesday,1644.36,819.21,825.15,50.18
TXN_1402,2024-01-30 04:30:00,CUST_322,Apparel,1,57.68,61.39,2024,1,January,Tuesday,57.68,61.39,-3.71,-6.43
TXN_1405,2024-01-30 06:00:00,CUST_429,Apparel,5,117.57,315.26,2024,1,January,Tuesday,587.85,1576.3,-988.45,-168.15
TXN_1406,2024-01-30 06:30:00,CUST_362,Apparel,4,366.66,168.41,2024,1,January,Tuesday,1466.64,673.64,793.0,54.07
TXN_1407,2024-01-30 07:00:00,CUST_260,Home Goods,5,427.78,305.85,2024,1,January,Tuesday,2138.9,1529.25,609.65,28.5
TXN_1408,2024-01-30 07:30:00,CUST_250,Electronics,1,245.94,236.94,2024,1,January,Tuesday,245.94,236.94,9.0,3.66
TXN_1409,2024-01-30 08:00:00,CUST_184,Electronics,1,37.92,72.9,2024,1,January,Tuesday,37.92,72.9,-34.98,-92.25
TXN_1411,2024-01-30 09:00:00,CUST_211,Electronics,4,442.49,56.26,2024,1,January,Tuesday,1769.96,225.04,1544.92,87.29
TXN_1412,2024-01-30 09:30:00,CUST_480,Apparel,4,173.93,273.14,2024,1,January,Tuesday,695.72,1092.56,-396.84,-57.04
TXN_1413,2024-01-30 10:00:00,CUST_135,Home Goods,2,305.67,344.99,2024,1,January,Tuesday,611.34,689.98,-78.64,-12.86
TXN_1414,2024-01-30 10:30:00,CUST_384,Electronics,1,31.26,195.77,2024,1,January,Tuesday,31.26,195.77,-164.51,-526.26
TXN_1415,2024-01-30 11:00:00,CUST_287,Apparel,4,213.48,232.99,2024,1,January,Tuesday,853.92,931.96,-78.04,-9.14
TXN_1416,2024-01-30 11:30:00,CUST_181,Electronics,1,320.68,263.67,2024,1,January,Tuesday,320.68,263.67,57.01,17.78
TXN_1417,2024-01-30 12:00:00,CUST_101,Electronics,2,317.58,86.25,2024,1,January,Tuesday,635.16,172.5,462.66,72.84
TXN_1418,2024-01-30 12:30:00,CUST_484,Electronics,3,136.79,124.24,2024,1,January,Tuesday,410.37,372.72,37.65,9.17
TXN_1419,2024-01-30 13:00:00,CUST_402,Home Goods,1,469.4,150.19,2024,1,January,Tuesday,469.4,150.19,319.21,68.0
TXN_1420,2024-01-30 13:30:00,CUST_296,Electronics,2,189.83,212.16,2024,1,January,Tuesday,379.66,424.32,-44.66,-11.76
TXN_1421,2024-01-30 14:00:00,CUST_110,Apparel,2,354.54,299.17,2024,1,January,Tuesday,709.08,598.34,110.74,15.62
TXN_1423,2024-01-30 15:00:00,CUST_485,Apparel,2,263.72,170.1,2024,1,January,Tuesday,527.44,340.2,187.24,35.5
TXN_1424,2024-01-30 15:30:00,CUST_294,Apparel,5,136.4,265.52,2024,1,January,Tuesday,682.0,1327.6,-645.6,-94.66
TXN_1426,2024-01-30 16:30:00,CUST_495,Electronics,4,263.97,184.38,2024,1,January,Tuesday,1055.88,737.52,318.36,30.15
TXN_1427,2024-01-30 17:00:00,CUST_119,Apparel,1,24.43,59.09,2024,1,January,Tuesday,24.43,59.09,-34.66,-141.87
TXN_1429,2024-01-30 18:00:00,CUST_392,Unknown,5,290.61,271.06,2024,1,January,Tuesday,1453.05,1355.3,97.75,6.73
TXN_1430,2024-01-30 18:30:00,CUST_355,Home Goods,1,122.19,90.56,2024,1,January,Tuesday,122.19,90.56,31.63,25.89
TXN_1432,2024-01-30 19:30:00,CUST_492,Home Goods,5,253.79,123.83,2024,1,January,Tuesday,1268.95,619.15,649.8,51.21
TXN_1433,2024-01-30 20:00:00,CUST_325,Apparel,4,397.84,74.87,2024,1,January,Tuesday,1591.36,299.48,1291.88,81.18
TXN_1434,2024-01-30 20:30:00,CUST_152,Apparel,2,572.15,168.21,2024,1,January,Tuesday,1144.3,336.42,807.88,70.6
TXN_1437,2024-01-30 22:00:00,CUST_463,Unknown,1,455.53,121.37,2024,1,January,Tuesday,455.53,121.37,334.16,73.36
TXN_1438,2024-01-30 22:30:00,CUST_379,Apparel,2,554.25,232.08,2024,1,January,Tuesday,1108.5,464.16,644.34,58.13
TXN_1440,2024-01-30 23:30:00,CUST_301,Apparel,4,498.99,34.08,2024,1,January,Tuesday,1995.96,136.32,1859.64,93.17
TXN_1441,2024-01-31 00:00:00,CUST_257,Unknown,1,544.73,122.88,2024,1,January,Wednesday,544.73,122.88,421.85,77.44
TXN_1442,2024-01-31 00:30:00,CUST_219,Electronics,3,244.77,289.13,2024,1,January,Wednesday,734.31,867.39,-133.08,-18.12
TXN_1443,2024-01-31 01:00:00,CUST_158,Apparel,3,198.58,339.13,2024,1,January,Wednesday,595.74,1017.39,-421.65,-70.78
TXN_1444,2024-01-31 01:30:00,CUST_314,Apparel,3,571.94,23.52,2024,1,January,Wednesday,1715.82,70.56,1645.26,95.89
TXN_1445,2024-01-31 02:00:00,CUST_227,Electronics,4,382.17,203.56,2024,1,January,Wednesday,1528.68,814.24,714.44,46.74
TXN_1446,2024-01-31 02:30:00,CUST_323,Home Goods,3,237.7,45.8,2024,1,January,Wednesday,713.1,137.4,575.7,80.73
TXN_1449,2024-01-31 04:00:00,CUST_214,Electronics,1,118.2,15.01,2024,1,January,Wednesday,118.2,15.01,103.19,87.3
TXN_1454,2024-01-31 06:30:00,CUST_336,Unknown,3,491.53,344.98,2024,1,January,Wednesday,1474.59,1034.94,439.65,29.82
TXN_1457,2024-01-31 08:00:00,CUST_300,Apparel,1,136.96,200.11,2024,1,January,Wednesday,136.96,200.11,-63.15,-46.11
TXN_1459,2024-01-31 09:00:00,CUST_377,Apparel,4,516.66,324.4,2024,1,January,Wednesday,2066.64,1297.6,769.04,37.21
TXN_1460,2024-01-31 09:30:00,CUST_334,Apparel,2,141.35,266.37,2024,1,January,Wednesday,282.7,532.74,-250.04,-88.45
TXN_1462,2024-01-31 10:30:00,CUST_253,Apparel,5,180.48,101.65,2024,1,January,Wednesday,902.4,508.25,394.15,43.68
TXN_1463,2024-01-31 11:00:00,CUST_128,Apparel,3,35.18,157.67,2024,1,January,Wednesday,105.54,473.01,-367.47,-348.18
TXN_1464,2024-01-31 11:30:00,CUST_208,Electronics,5,79.31,175.72,2024,1,January,Wednesday,396.55,878.6,-482.05,-121.56
TXN_1465,2024-01-31 12:00:00,CUST_197,Apparel,2,451.34,111.63,2024,1,January,Wednesday,902.68,223.26,679.42,75.27
TXN_1466,2024-01-31 12:30:00,CUST_314,Electronics,4,168.31,42.24,2024,1,January,Wednesday,673.24,168.96,504.28,74.9
TXN_1468,2024-01-31 13:30:00,CUST_174,Home Goods,4,424.03,71.43,2024,1,January,Wednesday,1696.12,285.72,1410.4,83.15
TXN_1469,2024-01-31 14:00:00,CUST_425,Apparel,2,216.89,79.24,2024,1,January,Wednesday,433.78,158.48,275.3,63.47
TXN_1470,2024-01-31 14:30:00,CUST_245,Apparel,5,292.83,92.37,2024,1,January,Wednesday,1464.15,461.85,1002.3,68.46
TXN_1472,2024-01-31 15:30:00,CUST_440,Home Goods,3,569.2,164.94,2024,1,January,Wednesday,1707.6,494.82,1212.78,71.02
TXN_1473,2024-01-31 16:00:00,CUST_141,Apparel,1,202.17,183.25,2024,1,January,Wednesday,202.17,183.25,18.92,9.36
TXN_1475,2024-01-31 17:00:00,CUST_140,Electronics,4,228.87,318.48,2024,1,January,Wednesday,915.48,1273.92,-358.44,-39.15
TXN_1476,2024-01-31 17:30:00,CUST_133,Unknown,2,406.67,198.07,2024,1,January,Wednesday,813.34,396.14,417.2,51.29
TXN_1478,2024-01-31 18:30:00,CUST_264,Home Goods,5,555.57,324.24,2024,1,January,Wednesday,2777.85,1621.2,1156.65,41.64
TXN_1479,2024-01-31 19:00:00,CUST_252,Electronics,3,530.83,65.47,2024,1,January,Wednesday,1592.49,196.41,1396.08,87.67
TXN_1480,2024-01-31 19:30:00,CUST_477,Electronics,5,183.67,155.48,2024,1,January,Wednesday,918.35,777.4,140.95,15.35
TXN_1481,2024-01-31 20:00:00,CUST_175,Electronics,3,281.27,157.29,2024,1,January,Wednesday,843.81,471.87,371.94,44.08
TXN_1483,2024-01-31 21:00:00,CUST_216,Home Goods,1,551.17,13.03,2024,1,January,Wednesday,551.17,13.03,538.14,97.64
TXN_1484,2024-01-31 21:30:00,CUST_461,Electronics,1,212.24,287.43,2024,1,January,Wednesday,212.24,287.43,-75.19,-35.43
TXN_1486,2024-01-31 22:30:00,CUST_126,Electronics,2,541.19,348.46,2024,1,January,Wednesday,1082.38,696.92,385.46,35.61
TXN_1487,2024-01-31 23:00:00,CUST_412,Electronics,2,224.71,272.81,2024,1,January,Wednesday,449.42,545.62,-96.2,-21.41
TXN_1488,2024-01-31 23:30:00,CUST_386,Electronics,3,296.1,207.2,2024,1,January,Wednesday,888.3,621.6,266.7,30.02
TXN_1489,2024-02-01 00:00:00,CUST_233,Home Goods,3,544.13,62.57,2024,2,February,Thursday,1632.39,187.71,1444.68,88.5
TXN_1490,2024-02-01 00:30:00,CUST_318,Apparel,3,484.31,185.23,2024,2,February,Thursday,1452.93,555.69,897.24,61.75
TXN_1491,2024-02-01 01:00:00,CUST_267,Electronics,3,157.41,98.78,2024,2,February,Thursday,472.23,296.34,175.89,37.25
TXN_1495,2024-02-01 03:00:00,CUST_408,Apparel,1,599.38,163.25,2024,2,February,Thursday,599.38,163.25,436.13,72.76
TXN_1496,2024-02-01 03:30:00,CUST_493,Apparel,2,467.79,296.61,2024,2,February,Thursday,935.58,593.22,342.36,36.59
TXN_1498,2024-02-01 04:30:00,CUST_289,Apparel,2,20.95,212.17,2024,2,February,Thursday,41.9,424.34,-382.44,-912.74
TXN_1499,2024-02-01 05:00:00,CUST_221,Electronics,4,423.03,206.59,2024,2,February,Thursday,1692.12,826.36,865.76,51.16
TXN_1500,2024-02-01 05:30:00,CUST_145,Unknown,2,242.78,154.57,2024,2,February,Thursday,485.56,309.14,176.42,36.33
TXN_1501,2024-02-01 06:00:00,CUST_163,Home Goods,2,385.3,292.12,2024,2,February,Thursday,770.6,584.24,186.36,24.18
TXN_1502,2024-02-01 06:30:00,CUST_229,Home Goods,5,369.92,330.58,2024,2,February,Thursday,1849.6,1652.9,196.7,10.63
TXN_1503,2024-02-01 07:00:00,CUST_409,Electronics,5,296.29,168.21,2024,2,February,Thursday,1481.45,841.05,640.4,43.23
TXN_1505,2024-02-01 08:00:00,CUST_292,Home Goods,4,28.54,180.7,2024,2,February,Thursday,114.16,722.8,-608.64,-533.15
TXN_1506,2024-02-01 08:30:00,CUST_406,Home Goods,3,431.6,255.86,2024,2,February,Thursday,1294.8,767.58,527.22,40.72
TXN_1507,2024-02-01 09:00:00,CUST_280,Electronics,4,254.76,237.14,2024,2,February,Thursday,1019.04,948.56,70.48,6.92
TXN_1508,2024-02-01 09:30:00,CUST_391,Apparel,4,432.57,85.76,2024,2,February,Thursday,1730.28,343.04,1387.24,80.17
TXN_1509,2024-02-01 10:00:00,CUST_470,Unknown,1,410.0,31.72,2024,2,February,Thursday,410.0,31.72,378.28,92.26
TXN_1511,2024-02-01 11:00:00,CUST_128,Apparel,2,181.92,98.76,2024,2,February,Thursday,363.84,197.52,166.32,45.71
TXN_1512,2024-02-01 11:30:00,CUST_248,Home Goods,1,125.62,227.12,2024,2,February,Thursday,125.62,227.12,-101.5,-80.8
TXN_1516,2024-02-01 13:30:00,CUST_263,Home Goods,2,292.72,46.69,2024,2,February,Thursday,585.44,93.38,492.06,84.05
TXN_1518,2024-02-01 14:30:00,CUST_286,Apparel,4,354.44,29.77,2024,2,February,Thursday,1417.76,119.08,1298.68,91.6
TXN_1519,2024-02-01 15:00:00,CUST_394,Apparel,2,436.54,158.98,2024,2,February,Thursday,873.08,317.96,555.12,63.58
TXN_1520,2024-02-01 15:30:00,CUST_331,Home Goods,3,208.68,192.52,2024,2,February,Thursday,626.04,577.56,48.48,7.74
TXN_1521,2024-02-01 16:00:00,CUST_326,Apparel,3,367.77,278.76,2024,2,February,Thursday,1103.31,836.28,267.03,24.2
TXN_1522,2024-02-01 16:30:00,CUST_409,Home Goods,4,497.54,51.18,2024,2,February,Thursday,1990.16,204.72,1785.44,89.71
TXN_1524,2024-02-01 17:30:00,CUST_154,Electronics,5,430.74,111.9,2024,2,February,Thursday,2153.7,559.5,1594.2,74.02
TXN_1525,2024-02-01 18:00:00,CUST_210,Apparel,3,204.04,116.08,2024,2,February,Thursday,612.12,348.24,263.88,43.11
TXN_1526,2024-02-01 18:30:00,CUST_251,Electronics,4,86.75,274.79,2024,2,February,Thursday,347.0,1099.16,-752.16,-216.76
TXN_1527,2024-02-01 19:00:00,CUST_345,Electronics,1,334.21,11.86,2024,2,February,Thursday,334.21,11.86,322.35,96.45
TXN_1528,2024-02-01 19:30:00,CUST_168,Apparel,5,147.36,264.69,2024,2,February,Thursday,736.8,1323.45,-586.65,-79.62
TXN_1529,2024-02-01 20:00:00,CUST_411,Home Goods,3,495.5,285.54,2024,2,February,Thursday,1486.5,856.62,629.88,42.37
TXN_1530,2024-02-01 20:30:00,CUST_388,Home Goods,4,40.09,316.46,2024,2,February,Thursday,160.36,1265.84,-1105.48,-689.37
TXN_1531,2024-02-01 21:00:00,CUST_349,Electronics,4,72.71,223.14,2024,2,February,Thursday,290.84,892.56,-601.72,-206.89
TXN_1532,2024-02-01 21:30:00,CUST_135,Electronics,1,319.78,123.37,2024,2,February,Thursday,319.78,123.37,196.41,61.42
TXN_1533,2024-02-01 22:00:00,CUST_338,Apparel,1,359.53,155.26,2024,2,February,Thursday,359.53,155.26,204.27,56.82
TXN_1534,2024-02-01 22:30:00,CUST_247,Apparel,5,441.98,339.71,2024,2,February,Thursday,2209.9,1698.55,511.35,23.14
TXN_1536,2024-02-01 23:30:00,CUST_343,Home Goods,3,507.43,167.6,2024,2,February,Thursday,1522.29,502.8,1019.49,66.97
TXN_1537,2024-02-02 00:00:00,CUST_436,Home Goods,4,572.59,330.64,2024,2,February,Friday,2290.36,1322.56,967.8,42.26
TXN_1538,2024-02-02 00:30:00,CUST_464,Apparel,5,306.94,289.8,2024,2,February,Friday,1534.7,1449.0,85.7,5.58
TXN_1540,2024-02-02 01:30:00,CUST_253,Electronics,5,322.04,242.21,2024,2,February,Friday,1610.2,1211.05,399.15,24.79
TXN_1542,2024-02-02 02:30:00,CUST_300,Apparel,1,205.78,313.2,2024,2,February,Friday,205.78,313.2,-107.42,-52.2
TXN_1543,2024-02-02 03:00:00,CUST_395,Electronics,4,66.18,41.29,2024,2,February,Friday,264.72,165.16,99.56,37.61
TXN_1544,2024-02-02 03:30:00,CUST_116,Home Goods,2,593.49,338.17,2024,2,February,Friday,1186.98,676.34,510.64,43.02
TXN_1547,2024-02-02 05:00:00,CUST_160,Electronics,1,181.34,279.25,2024,2,February,Friday,181.34,279.25,-97.91,-53.99
TXN_1549,2024-02-02 06:00:00,CUST_141,Electronics,4,138.08,313.64,2024,2,February,Friday,552.32,1254.56,-702.24,-127.14
TXN_1550,2024-02-02 06:30:00,CUST_124,Apparel,5,474.38,146.2,2024,2,February,Friday,2371.9,731.0,1640.9,69.18
TXN_1552,2024-02-02 07:30:00,CUST_390,Electronics,5,538.66,20.77,2024,2,February,Friday,2693.3,103.85,2589.45,96.14
TXN_1553,2024-02-02 08:00:00,CUST_230,Apparel,3,506.65,167.33,2024,2,February,Friday,1519.95,501.99,1017.96,66.97
TXN_1554,2024-02-02 08:30:00,CUST_328,Apparel,2,412.1,256.18,2024,2,February,Friday,824.2,512.36,311.84,37.84
TXN_1555,2024-02-02 09:00:00,CUST_207,Apparel,1,54.44,112.4,2024,2,February,Friday,54.44,112.4,-57.96,-106.47
TXN_1558,2024-02-02 10:30:00,CUST_453,Apparel,3,86.36,272.75,2024,2,February,Friday,259.08,818.25,-559.17,-215.83
TXN_1559,2024-02-02 11:00:00,CUST_111,Apparel,3,106.22,30.57,2024,2,February,Friday,318.66,91.71,226.95,71.22
TXN_1560,2024-02-02 11:30:00,CUST_374,Electronics,2,333.24,249.83,2024,2,February,Friday,666.48,499.66,166.82,25.03
TXN_1561,2024-02-02 12:00:00,CUST_200,Electronics,1,175.39,138.84,2024,2,February,Friday,175.39,138.84,36.55,20.84
TXN_1562,2024-02-02 12:30:00,CUST_143,Electronics,1,144.91,24.14,2024,2,February,Friday,144.91,24.14,120.77,83.34
TXN_1563,2024-02-02 13:00:00,CUST_404,Apparel,5,351.85,300.18,2024,2,February,Friday,1759.25,1500.9,258.35,14.69
TXN_1564,2024-02-02 13:30:00,CUST_116,Electronics,1,232.96,175.83,2024,2,February,Friday,232.96,175.83,57.13,24.52
TXN_1565,2024-02-02 14:00:00,CUST_429,Electronics,3,97.23,213.77,2024,2,February,Friday,291.69,641.31,-349.62,-119.86
TXN_1566,2024-02-02 14:30:00,CUST_156,Home Goods,5,327.89,258.89,2024,2,February,Friday,1639.45,1294.45,345.0,21.04
TXN_1567,2024-02-02 15:00:00,CUST_410,Electronics,1,241.4,232.73,2024,2,February,Friday,241.4,232.73,8.67,3.59
TXN_1570,2024-02-02 16:30:00,CUST_417,Home Goods,2,378.06,210.31,2024,2,February,Friday,756.12,420.62,335.5,44.37
TXN_1571,2024-02-02 17:00:00,CUST_179,Electronics,3,270.35,134.32,2024,2,February,Friday,811.05,402.96,408.09,50.32
TXN_1572,2024-02-02 17:30:00,CUST_315,Apparel,4,252.55,92.67,2024,2,February,Friday,1010.2,370.68,639.52,63.31
TXN_1573,2024-02-02 18:00:00,CUST_438,Apparel,2,150.89,316.99,2024,2,February,Friday,301.78,633.98,-332.2,-110.08
TXN_1574,2024-02-02 18:30:00,CUST_363,Apparel,2,32.8,339.77,2024,2,February,Friday,65.6,679.54,-613.94,-935.88
TXN_1575,2024-02-02 19:00:00,CUST_248,Apparel,1,510.9,131.61,2024,2,February,Friday,510.9,131.61,379.29,74.24
TXN_1576,2024-02-02 19:30:00,CUST_180,Home Goods,5,205.95,48.19,2024,2,February,Friday,1029.75,240.95,788.8,76.6
TXN_1577,2024-02-02 20:00:00,CUST_314,Electronics,5,413.44,85.66,2024,2,February,Friday,2067.2,428.3,1638.9,79.28
TXN_1579,2024-02-02 21:00:00,CUST_297,Electronics,3,345.52,68.8,2024,2,February,Friday,1036.56,206.4,830.16,80.09
TXN_1580,2024-02-02 21:30:00,CUST_299,Electronics,1,247.33,275.24,2024,2,February,Friday,247.33,275.24,-27.91,-11.28
TXN_1581,2024-02-02 22:00:00,CUST_124,Electronics,5,171.94,323.83,2024,2,February,Friday,859.7,1619.15,-759.45,-88.34
TXN_1584,2024-02-02 23:30:00,CUST_242,Apparel,4,404.19,335.77,2024,2,February,Friday,1616.76,1343.08,273.68,16.93
TXN_1586,2024-02-03 00:30:00,CUST_464,Apparel,1,509.35,38.58,2024,2,February,Saturday,509.35,38.58,470.77,92.43
TXN_1587,2024-02-03 01:00:00,CUST_125,Electronics,1,432.5,151.18,2024,2,February,Saturday,432.5,151.18,281.32,65.05
TXN_1588,2024-02-03 01:30:00,CUST_146,Electronics,5,180.66,248.02,2024,2,February,Saturday,903.3,1240.1,-336.8,-37.29
TXN_1589,2024-02-03 02:00:00,CUST_387,Apparel,2,365.75,335.27,2024,2,February,Saturday,731.5,670.54,60.96,8.33
TXN_1590,2024-02-03 02:30:00,CUST_365,Electronics,1,266.66,65.81,2024,2,February,Saturday,266.66,65.81,200.85,75.32
TXN_1591,2024-02-03 03:00:00,CUST_115,Electronics,2,18.86,53.43,2024,2,February,Saturday,37.72,106.86,-69.14,-183.3
TXN_1592,2024-02-03 03:30:00,CUST_298,Apparel,3,487.46,170.6,2024,2,February,Saturday,1462.38,511.8,950.58,65.0
TXN_1594,2024-02-03 04:30:00,CUST_185,Apparel,3,313.32,340.27,2024,2,February,Saturday,939.96,1020.81,-80.85,-8.6
TXN_1595,2024-02-03 05:00:00,CUST_349,Electronics,5,211.69,87.49,2024,2,February,Saturday,1058.45,437.45,621.0,58.67
TXN_1596,2024-02-03 05:30:00,CUST_490,Home Goods,3,215.12,118.58,2024,2,February,Saturday,645.36,355.74,289.62,44.88
TXN_1600,2024-02-03 07:30:00,CUST_106,Apparel,5,121.66,313.67,2024,2,February,Saturday,608.3,1568.35,-960.05,-157.83
TXN_1601,2024-02-03 08:00:00,CUST_236,Electronics,5,373.96,83.13,2024,2,February,Saturday,1869.8,415.65,1454.15,77.77
TXN_1603,2024-02-03 09:00:00,CUST_275,Apparel,2,76.75,26.51,2024,2,February,Saturday,153.5,53.02,100.48,65.46
TXN_1605,2024-02-03 10:00:00,CUST_414,Apparel,2,28.39,214.53,2024,2,February,Saturday,56.78,429.06,-372.28,-655.65
TXN_1606,2024-02-03 10:30:00,CUST_314,Home Goods,3,267.23,335.07,2024,2,February,Saturday,801.69,1005.21,-203.52,-25.39
TXN_1607,2024-02-03 11:00:00,CUST_181,Home Goods,2,264.63,336.41,2024,2,February,Saturday,529.26,672.82,-143.56,-27.12
TXN_1608,2024-02-03 11:30:00,CUST_322,Home Goods,1,123.54,27.28,2024,2,February,Saturday,123.54,27.28,96.26,77.92
TXN_1609,2024-02-03 12:00:00,CUST_471,Home Goods,4,473.65,64.58,2024,2,February,Saturday,1894.6,258.32,1636.28,86.37
TXN_1610,2024-02-03 12:30:00,CUST_202,Home Goods,1,90.62,174.63,2024,2,February,Saturday,90.62,174.63,-84.01,-92.71
TXN_1611,2024-02-03 13:00:00,CUST_372,Electronics,1,550.46,309.03,2024,2,February,Saturday,550.46,309.03,241.43,43.86
TXN_1612,2024-02-03 13:30:00,CUST_113,Electronics,5,358.73,286.91,2024,2,February,Saturday,1793.65,1434.55,359.1,20.02
TXN_1613,2024-02-03 14:00:00,CUST_258,Apparel,4,31.16,337.89,2024,2,February,Saturday,124.64,1351.56,-1226.92,-984.37
TXN_1614,2024-02-03 14:30:00,CUST_251,Home Goods,5,578.34,220.15,2024,2,February,Saturday,2891.7,1100.75,1790.95,61.93
TXN_1615,2024-02-03 15:00:00,CUST_207,Apparel,2,195.15,97.23,2024,2,February,Saturday,390.3,194.46,195.84,50.18
TXN_1620,2024-02-03 17:30:00,CUST_392,Electronics,2,92.44,119.11,2024,2,February,Saturday,184.88,238.22,-53.34,-28.85
TXN_1621,2024-02-03 18:00:00,CUST_270,Electronics,4,75.96,307.74,2024,2,February,Saturday,303.84,1230.96,-927.12,-305.13
TXN_1622,2024-02-03 18:30:00,CUST_282,Electronics,3,439.34,144.27,2024,2,February,Saturday,1318.02,432.81,885.21,67.16
TXN_1623,2024-02-03 19:00:00,CUST_463,Electronics,2,153.69,114.81,2024,2,February,Saturday,307.38,229.62,77.76,25.3
TXN_1624,2024-02-03 19:30:00,CUST_138,Apparel,1,95.61,183.01,2024,2,February,Saturday,95.61,183.01,-87.4,-91.41
TXN_1625,2024-02-03 20:00:00,CUST_114,Electronics,4,307.17,160.37,2024,2,February,Saturday,1228.68,641.48,587.2,47.79
TXN_1626,2024-02-03 20:30:00,CUST_475,Apparel,4,484.62,320.69,2024,2,February,Saturday,1938.48,1282.76,655.72,33.83
TXN_1627,2024-02-03 21:00:00,CUST_103,Electronics,2,178.09,169.21,2024,2,February,Saturday,356.18,338.42,17.76,4.99
TXN_1628,2024-02-03 21:30:00,CUST_448,Home Goods,2,176.71,104.29,2024,2,February,Saturday,353.42,208.58,144.84,40.98
TXN_1629,2024-02-03 22:00:00,CUST_496,Electronics,5,502.82,296.47,2024,2,February,Saturday,2514.1,1482.35,1031.75,41.04
TXN_1630,2024-02-03 22:30:00,CUST_309,Apparel,5,101.48,349.57,2024,2,February,Saturday,507.4,1747.85,-1240.45,-244.47
TXN_1631,2024-02-03 23:00:00,CUST_260,Apparel,1,375.79,230.38,2024,2,February,Saturday,375.79,230.38,145.41,38.69
TXN_1632,2024-02-03 23:30:00,CUST_115,Electronics,4,573.68,95.16,2024,2,February,Saturday,2294.72,380.64,1914.08,83.41
TXN_1634,2024-02-04 00:30:00,CUST_481,Apparel,3,51.16,29.62,2024,2,February,Sunday,153.48,88.86,64.62,42.1
TXN_1635,2024-02-04 01:00:00,CUST_410,Apparel,3,202.15,36.28,2024,2,February,Sunday,606.45,108.84,497.61,82.05
TXN_1636,2024-02-04 01:30:00,CUST_326,Electronics,4,98.29,321.09,2024,2,February,Sunday,393.16,1284.36,-891.2,-226.68
TXN_1637,2024-02-04 02:00:00,CUST_269,Home Goods,1,570.31,42.81,2024,2,February,Sunday,570.31,42.81,527.5,92.49
TXN_1639,2024-02-04 03:00:00,CUST_350,Electronics,5,152.47,247.36,2024,2,February,Sunday,762.35,1236.8,-474.45,-62.24
TXN_1640,2024-02-04 03:30:00,CUST_346,Electronics,5,406.77,299.12,2024,2,February,Sunday,2033.85,1495.6,538.25,26.46
TXN_1641,2024-02-04 04:00:00,CUST_368,Home Goods,5,507.35,68.23,2024,2,February,Sunday,2536.75,341.15,2195.6,86.55
TXN_1642,2024-02-04 04:30:00,CUST_240,Apparel,3,151.7,158.84,2024,2,February,Sunday,455.1,476.52,-21.42,-4.71
TXN_1643,2024-02-04 05:00:00,CUST_373,Home Goods,3,124.79,95.5,2024,2,February,Sunday,374.37,286.5,87.87,23.47
TXN_1644,2024-02-04 05:30:00,CUST_195,Apparel,1,21.56,96.98,2024,2,February,Sunday,21.56,96.98,-75.42,-349.81
TXN_1645,2024-02-04 06:00:00,CUST_326,Apparel,3,256.0,113.31,2024,2,February,Sunday,768.0,339.93,428.07,55.74
TXN_1646,2024-02-04 06:30:00,CUST_478,Electronics,2,541.17,209.62,2024,2,February,Sunday,1082.34,419.24,663.1,61.27
TXN_1647,2024-02-04 07:00:00,CUST_138,Electronics,3,543.24,15.64,2024,2,February,Sunday,1629.72,46.92,1582.8,97.12
TXN_1648,2024-02-04 07:30:00,CUST_401,Apparel,5,89.73,148.98,2024,2,February,Sunday,448.65,744.9,-296.25,-66.03
TXN_1649,2024-02-04 08:00:00,CUST_128,Unknown,1,134.55,73.52,2024,2,February,Sunday,134.55,73.52,61.03,45.36
TXN_1650,2024-02-04 08:30:00,CUST_417,Electronics,4,253.71,338.82,2024,2,February,Sunday,1014.84,1355.28,-340.44,-33.55
TXN_1651,2024-02-04 09:00:00,CUST_344,Apparel,4,471.67,208.13,2024,2,February,Sunday,1886.68,832.52,1054.16,55.87
TXN_1652,2024-02-04 09:30:00,CUST_335,Apparel,1,372.93,305.15,2024,2,February,Sunday,372.93,305.15,67.78,18.17
TXN_1653,2024-02-04 10:00:00,CUST_284,Apparel,2,315.6,76.53,2024,2,February,Sunday,631.2,153.06,478.14,75.75
TXN_1654,2024-02-04 10:30:00,CUST_371,Home Goods,4,361.28,285.41,2024,2,February,Sunday,1445.12,1141.64,303.48,21.0
TXN_1655,2024-02-04 11:00:00,CUST_335,Home Goods,5,71.28,151.03,2024,2,February,Sunday,356.4,755.15,-398.75,-111.88
TXN_1656,2024-02-04 11:30:00,CUST_338,Electronics,4,294.43,70.42,2024,2,February,Sunday,1177.72,281.68,896.04,76.08
TXN_1657,2024-02-04 12:00:00,CUST_476,Unknown,4,595.36,268.82,2024,2,February,Sunday,2381.44,1075.28,1306.16,54.85
TXN_1658,2024-02-04 12:30:00,CUST_365,Home Goods,5,66.74,269.08,2024,2,February,Sunday,333.7,1345.4,-1011.7,-303.18
TXN_1659,2024-02-04 13:00:00,CUST_458,Home Goods,3,318.76,348.6,2024,2,February,Sunday,956.28,1045.8,-89.52,-9.36
TXN_1660,2024-02-04 13:30:00,CUST_439,Apparel,2,187.95,275.52,2024,2,February,Sunday,375.9,551.04,-175.14,-46.59
TXN_1662,2024-02-04 14:30:00,CUST_164,Electronics,5,350.68,119.67,2024,2,February,Sunday,1753.4,598.35,1155.05,65.87
TXN_1663,2024-02-04 15:00:00,CUST_276,Electronics,5,352.82,163.59,2024,2,February,Sunday,1764.1,817.95,946.15,53.63
TXN_1665,2024-02-04 16:00:00,CUST_241,Electronics,1,243.0,277.93,2024,2,February,Sunday,243.0,277.93,-34.93,-14.37
TXN_1666,2024-02-04 16:30:00,CUST_475,Electronics,2,317.07,189.08,2024,2,February,Sunday,634.14,378.16,255.98,40.37
TXN_1667,2024-02-04 17:00:00,CUST_257,Home Goods,3,21.39,331.11,2024,2,February,Sunday,64.17,993.33,-929.16,-1447.97
TXN_1670,2024-02-04 18:30:00,CUST_392,Home Goods,5,492.68,34.28,2024,2,February,Sunday,2463.4,171.4,2292.0,93.04
TXN_1675,2024-02-04 21:00:00,CUST_404,Electronics,3,202.08,285.43,2024,2,February,Sunday,606.24,856.29,-250.05,-41.25
TXN_1679,2024-02-04 23:00:00,CUST_286,Home Goods,5,37.02,195.24,2024,2,February,Sunday,185.1,976.2,-791.1,-427.39
TXN_1680,2024-02-04 23:30:00,CUST_392,Home Goods,5,314.22,148.99,2024,2,February,Sunday,1571.1,744.95,826.15,52.58
TXN_1681,2024-02-05 00:00:00,CUST_160,Apparel,1,140.04,194.18,2024,2,February,Monday,140.04,194.18,-54.14,-38.66
TXN_1682,2024-02-05 00:30:00,CUST_479,Home Goods,4,318.8,101.41,2024,2,February,Monday,1275.2,405.64,869.56,68.19
TXN_1683,2024-02-05 01:00:00,CUST_297,Electronics,2,97.35,179.23,2024,2,February,Monday,194.7,358.46,-163.76,-84.11
TXN_1684,2024-02-05 01:30:00,CUST_394,Electronics,1,266.47,222.43,2024,2,February,Monday,266.47,222.43,44.04,16.53
TXN_1685,2024-02-05 02:00:00,CUST_418,Home Goods,3,364.78,37.61,2024,2,February,Monday,1094.34,112.83,981.51,89.69
TXN_1687,2024-02-05 03:00:00,CUST_443,Electronics,5,248.27,250.22,2024,2,February,Monday,1241.35,1251.1,-9.75,-0.79
TXN_1689,2024-02-05 04:00:00,CUST_161,Apparel,5,155.61,154.79,2024,2,February,Monday,778.05,773.95,4.1,0.53
TXN_1691,2024-02-05 05:00:00,CUST_325,Electronics,2,359.3,166.9,2024,2,February,Monday,718.6,333.8,384.8,53.55
TXN_1692,2024-02-05 05:30:00,CUST_252,Electronics,1,383.96,56.79,2024,2,February,Monday,383.96,56.79,327.17,85.21
TXN_1693,2024-02-05 06:00:00,CUST_298,Electronics,1,107.95,230.13,2024,2,February,Monday,107.95,230.13,-122.18,-113.18
TXN_1694,2024-02-05 06:30:00,CUST_151,Apparel,3,182.14,26.02,2024,2,February,Monday,546.42,78.06,468.36,85.71
TXN_1696,2024-02-05 07:30:00,CUST_158,Apparel,1,331.19,38.17,2024,2,February,Monday,331.19,38.17,293.02,88.47
TXN_1697,2024-02-05 08:00:00,CUST_171,Home Goods,1,284.72,11.14,2024,2,February,Monday,284.72,11.14,273.58,96.09
TXN_1698,2024-02-05 08:30:00,CUST_247,Home Goods,4,208.22,336.59,2024,2,February,Monday,832.88,1346.36,-513.48,-61.65
TXN_1699,2024-02-05 09:00:00,CUST_448,Electronics,2,474.82,348.68,2024,2,February,Monday,949.64,697.36,252.28,26.57
TXN_1701,2024-02-05 10:00:00,CUST_409,Apparel,1,585.31,91.24,2024,2,February,Monday,585.31,91.24,494.07,84.41
TXN_1702,2024-02-05 10:30:00,CUST_472,Home Goods,3,83.18,319.77,2024,2,February,Monday,249.54,959.31,-709.77,-284.43
TXN_1704,2024-02-05 11:30:00,CUST_465,Electronics,5,230.41,300.53,2024,2,February,Monday,1152.05,1502.65,-350.6,-30.43
TXN_1707,2024-02-05 13:00:00,CUST_325,Electronics,1,234.21,40.07,2024,2,February,Monday,234.21,40.07,194.14,82.89
TXN_1708,2024-02-05 13:30:00,CUST_412,Electronics,1,211.23,314.85,2024,2,February,Monday,211.23,314.85,-103.62,-49.06
TXN_1710,2024-02-05 14:30:00,CUST_340,Apparel,5,591.55,157.7,2024,2,February,Monday,2957.75,788.5,2169.25,73.34
TXN_1711,2024-02-05 15:00:00,CUST_358,Electronics,4,126.04,121.57,2024,2,February,Monday,504.16,486.28,17.88,3.55
TXN_1712,2024-02-05 15:30:00,CUST_475,Apparel,2,383.52,229.0,2024,2,February,Monday,767.04,458.0,309.04,40.29
TXN_1713,2024-02-05 16:00:00,CUST_361,Electronics,4,328.28,284.38,2024,2,February,Monday,1313.12,1137.52,175.6,13.37
TXN_1714,2024-02-05 16:30:00,CUST_104,Apparel,3,105.31,258.77,2024,2,February,Monday,315.93,776.31,-460.38,-145.72
TXN_1716,2024-02-05 17:30:00,CUST_153,Electronics,1,593.71,88.71,2024,2,February,Monday,593.71,88.71,505.0,85.06
TXN_1717,2024-02-05 18:00:00,CUST_146,Apparel,4,279.85,99.25,2024,2,February,Monday,1119.4,397.0,722.4,64.53
TXN_1718,2024-02-05 18:30:00,CUST_314,Electronics,2,88.59,256.18,2024,2,February,Monday,177.18,512.36,-335.18,-189.17
TXN_1719,2024-02-05 19:00:00,CUST_276,Apparel,3,140.65,282.89,2024,2,February,Monday,421.95,848.67,-426.72,-101.13
TXN_1721,2024-02-05 20:00:00,CUST_198,Apparel,4,313.89,73.68,2024,2,February,Monday,1255.56,294.72,960.84,76.53
TXN_1722,2024-02-05 20:30:00,CUST_119,Electronics,1,211.3,241.36,2024,2,February,Monday,211.3,241.36,-30.06,-14.23
TXN_1723,2024-02-05 21:00:00,CUST_477,Apparel,2,281.18,142.26,2024,2,February,Monday,562.36,284.52,277.84,49.41
TXN_1724,2024-02-05 21:30:00,CUST_340,Home Goods,1,112.4,201.52,2024,2,February,Monday,112.4,201.52,-89.12,-79.29
TXN_1725,2024-02-05 22:00:00,CUST_160,Electronics,1,206.14,219.04,2024,2,February,Monday,206.14,219.04,-12.9,-6.26
TXN_1726,2024-02-05 22:30:00,CUST_478,Apparel,3,56.14,273.91,2024,2,February,Monday,168.42,821.73,-653.31,-387.91
TXN_1727,2024-02-05 23:00:00,CUST_277,Electronics,2,535.48,283.94,2024,2,February,Monday,1070.96,567.88,503.08,46.97
TXN_1728,2024-02-05 23:30:00,CUST_437,Apparel,5,131.27,105.23,2024,2,February,Monday,656.35,526.15,130.2,19.84
TXN_1730,2024-02-06 00:30:00,CUST_244,Apparel,1,219.49,52.0,2024,2,February,Tuesday,219.49,52.0,167.49,76.31
TXN_1731,2024-02-06 01:00:00,CUST_315,Apparel,2,292.52,296.29,2024,2,February,Tuesday,585.04,592.58,-7.54,-1.29
TXN_1732,2024-02-06 01:30:00,CUST_102,Home Goods,1,185.39,297.45,2024,2,February,Tuesday,185.39,297.45,-112.06,-60.45
TXN_1733,2024-02-06 02:00:00,CUST_259,Apparel,4,422.42,111.83,2024,2,February,Tuesday,1689.68,447.32,1242.36,73.53
TXN_1734,2024-02-06 02:30:00,CUST_326,Apparel,4,509.06,64.61,2024,2,February,Tuesday,2036.24,258.44,1777.8,87.31
TXN_1735,2024-02-06 03:00:00,CUST_368,Apparel,2,182.47,33.83,2024,2,February,Tuesday,364.94,67.66,297.28,81.46
TXN_1737,2024-02-06 04:00:00,CUST_480,Home Goods,3,413.64,41.09,2024,2,February,Tuesday,1240.92,123.27,1117.65,90.07
TXN_1738,2024-02-06 04:30:00,CUST_188,Electronics,5,129.16,241.4,2024,2,February,Tuesday,645.8,1207.0,-561.2,-86.9
TXN_1739,2024-02-06 05:00:00,CUST_428,Home Goods,4,389.31,240.56,2024,2,February,Tuesday,1557.24,962.24,595.0,38.21
TXN_1740,2024-02-06 05:30:00,CUST_167,Apparel,3,70.24,218.76,2024,2,February,Tuesday,210.72,656.28,-445.56,-211.45
TXN_1741,2024-02-06 06:00:00,CUST_497,Home Goods,5,377.78,308.03,2024,2,February,Tuesday,1888.9,1540.15,348.75,18.46
TXN_1742,2024-02-06 06:30:00,CUST_456,Home Goods,4,315.34,138.62,2024,2,February,Tuesday,1261.36,554.48,706.88,56.04
TXN_1743,2024-02-06 07:00:00,CUST_197,Electronics,5,81.63,316.77,2024,2,February,Tuesday,408.15,1583.85,-1175.7,-288.06
TXN_1745,2024-02-06 08:00:00,CUST_204,Electronics,1,276.24,48.34,2024,2,February,Tuesday,276.24,48.34,227.9,82.5
TXN_1746,2024-02-06 08:30:00,CUST_422,Electronics,2,142.01,150.15,2024,2,February,Tuesday,284.02,300.3,-16.28,-5.73
TXN_1747,2024-02-06 09:00:00,CUST_222,Electronics,4,221.73,211.96,2024,2,February,Tuesday,886.92,847.84,39.08,4.41
TXN_1748,2024-02-06 09:30:00,CUST_128,Apparel,4,302.88,21.01,2024,2,February,Tuesday,1211.52,84.04,1127.48,93.06
TXN_1749,2024-02-06 10:00:00,CUST_236,Electronics,1,68.56,202.93,2024,2,February,Tuesday,68.56,202.93,-134.37,-195.99
TXN_1750,2024-02-06 10:30:00,CUST_294,Electronics,4,575.2,114.52,2024,2,February,Tuesday,2300.8,458.08,1842.72,80.09
TXN_1751,2024-02-06 11:00:00,CUST_325,Apparel,4,404.35,311.63,2024,2,February,Tuesday,1617.4,1246.52,370.88,22.93
TXN_1753,2024-02-06 12:00:00,CUST_269,Electronics,4,496.37,209.88,2024,2,February,Tuesday,1985.48,839.52,1145.96,57.72
TXN_1754,2024-02-06 12:30:00,CUST_108,Electronics,4,203.69,331.51,2024,2,February,Tuesday,814.76,1326.04,-511.28,-62.75
TXN_1755,2024-02-06 13:00:00,CUST_139,Electronics,4,364.13,269.82,2024,2,February,Tuesday,1456.52,1079.28,377.24,25.9
TXN_1756,2024-02-06 13:30:00,CUST_124,Apparel,3,177.13,159.01,2024,2,February,Tuesday,531.39,477.03,54.36,10.23
TXN_1757,2024-02-06 14:00:00,CUST_360,Electronics,4,444.04,172.14,2024,2,February,Tuesday,1776.16,688.56,1087.6,61.23
TXN_1758,2024-02-06 14:30:00,CUST_494,Unknown,1,437.96,230.29,2024,2,February,Tuesday,437.96,230.29,207.67,47.42
TXN_1760,2024-02-06 15:30:00,CUST_223,Electronics,4,155.94,40.14,2024,2,February,Tuesday,623.76,160.56,463.2,74.26
TXN_1761,2024-02-06 16:00:00,CUST_137,Electronics,5,163.42,115.82,2024,2,February,Tuesday,817.1,579.1,238.0,29.13
TXN_1764,2024-02-06 17:30:00,CUST_488,Electronics,5,212.53,54.46,2024,2,February,Tuesday,1062.65,272.3,790.35,74.38
TXN_1765,2024-02-06 18:00:00,CUST_275,Electronics,1,415.35,84.47,2024,2,February,Tuesday,415.35,84.47,330.88,79.66
TXN_1766,2024-02-06 18:30:00,CUST_189,Home Goods,3,501.04,240.85,2024,2,February,Tuesday,1503.12,722.55,780.57,51.93
TXN_1769,2024-02-06 20:00:00,CUST_275,Home Goods,1,502.1,119.47,2024,2,February,Tuesday,502.1,119.47,382.63,76.21
TXN_1770,2024-02-06 20:30:00,CUST_383,Apparel,3,536.06,316.29,2024,2,February,Tuesday,1608.18,948.87,659.31,41.0
TXN_1771,2024-02-06 21:00:00,CUST_180,Electronics,2,254.86,163.6,2024,2,February,Tuesday,509.72,327.2,182.52,35.81
TXN_1772,2024-02-06 21:30:00,CUST_213,Apparel,5,30.74,184.66,2024,2,February,Tuesday,153.7,923.3,-769.6,-500.72
TXN_1776,2024-02-06 23:30:00,CUST_417,Home Goods,5,363.09,331.24,2024,2,February,Tuesday,1815.45,1656.2,159.25,8.77
TXN_1777,2024-02-07 00:00:00,CUST_448,Unknown,5,359.2,194.11,2024,2,February,Wednesday,1796.0,970.55,825.45,45.96
TXN_1781,2024-02-07 02:00:00,CUST_155,Electronics,3,410.91,215.71,2024,2,February,Wednesday,1232.73,647.13,585.6,47.5
TXN_1783,2024-02-07 03:00:00,CUST_453,Apparel,1,160.35,310.48,2024,2,February,Wednesday,160.35,310.48,-150.13,-93.63
TXN_1784,2024-02-07 03:30:00,CUST_139,Home Goods,3,369.8,155.08,2024,2,February,Wednesday,1109.4,465.24,644.16,58.06
TXN_1786,2024-02-07 04:30:00,CUST_336,Home Goods,5,584.73,12.71,2024,2,February,Wednesday,2923.65,63.55,2860.1,97.83
TXN_1787,2024-02-07 05:00:00,CUST_388,Home Goods,5,237.36,339.99,2024,2,February,Wednesday,1186.8,1699.95,-513.15,-43.24
TXN_1788,2024-02-07 05:30:00,CUST_361,Unknown,5,52.72,290.27,2024,2,February,Wednesday,263.6,1451.35,-1187.75,-450.59
TXN_1791,2024-02-07 07:00:00,CUST_435,Electronics,5,568.67,285.5,2024,2,February,Wednesday,2843.35,1427.5,1415.85,49.8
TXN_1792,2024-02-07 07:30:00,CUST_267,Electronics,2,75.74,326.83,2024,2,February,Wednesday,151.48,653.66,-502.18,-331.52
TXN_1793,2024-02-07 08:00:00,CUST_191,Electronics,5,215.09,141.26,2024,2,February,Wednesday,1075.45,706.3,369.15,34.33
TXN_1796,2024-02-07 09:30:00,CUST_158,Home Goods,3,530.0,338.21,2024,2,February,Wednesday,1590.0,1014.63,575.37,36.19
TXN_1797,2024-02-07 10:00:00,CUST_403,Apparel,5,308.27,344.94,2024,2,February,Wednesday,1541.35,1724.7,-183.35,-11.9
TXN_1800,2024-02-07 11:30:00,CUST_462,Electronics,4,359.08,178.83,2024,2,February,Wednesday,1436.32,715.32,721.0,50.2
TXN_1801,2024-02-07 12:00:00,CUST_144,Electronics,2,311.23,158.02,2024,2,February,Wednesday,622.46,316.04,306.42,49.23
TXN_1803,2024-02-07 13:00:00,CUST_280,Electronics,5,193.55,189.45,2024,2,February,Wednesday,967.75,947.25,20.5,2.12
TXN_1804,2024-02-07 13:30:00,CUST_269,Electronics,4,250.39,28.17,2024,2,February,Wednesday,1001.56,112.68,888.88,88.75
TXN_1806,2024-02-07 14:30:00,CUST_290,Apparel,3,371.93,154.18,2024,2,February,Wednesday,1115.79,462.54,653.25,58.55
TXN_1807,2024-02-07 15:00:00,CUST_254,Apparel,2,262.54,325.3,2024,2,February,Wednesday,525.08,650.6,-125.52,-23.9
TXN_1809,2024-02-07 16:00:00,CUST_106,Apparel,5,390.44,108.58,2024,2,February,Wednesday,1952.2,542.9,1409.3,72.19
TXN_1810,2024-02-07 16:30:00,CUST_232,Unknown,3,248.24,85.5,2024,2,February,Wednesday,744.72,256.5,488.22,65.56
TXN_1812,2024-02-07 17:30:00,CUST_144,Apparel,4,544.59,272.52,2024,2,February,Wednesday,2178.36,1090.08,1088.28,49.96
TXN_1815,2024-02-07 19:00:00,CUST_130,Home Goods,2,566.95,246.95,2024,2,February,Wednesday,1133.9,493.9,640.0,56.44
TXN_1816,2024-02-07 19:30:00,CUST_122,Electronics,5,397.61,113.03,2024,2,February,Wednesday,1988.05,565.15,1422.9,71.57
TXN_1817,2024-02-07 20:00:00,CUST_493,Apparel,3,326.64,85.25,2024,2,February,Wednesday,979.92,255.75,724.17,73.9
TXN_1818,2024-02-07 20:30:00,CUST_259,Electronics,2,134.07,259.88,2024,2,February,Wednesday,268.14,519.76,-251.62,-93.84
TXN_1819,2024-02-07 21:00:00,CUST_462,Apparel,4,502.52,240.95,2024,2,February,Wednesday,2010.08,963.8,1046.28,52.05
TXN_1821,2024-02-07 22:00:00,CUST_138,Electronics,5,160.23,330.5,2024,2,February,Wednesday,801.15,1652.5,-851.35,-106.27
TXN_1823,2024-02-07 23:00:00,CUST_455,Apparel,2,107.52,313.76,2024,2,February,Wednesday,215.04,627.52,-412.48,-191.82
TXN_1824,2024-02-07 23:30:00,CUST_357,Electronics,4,572.69,74.79,2024,2,February,Wednesday,2290.76,299.16,1991.6,86.94
TXN_1825,2024-02-08 00:00:00,CUST_305,Apparel,4,367.19,110.86,2024,2,February,Thursday,1468.76,443.44,1025.32,69.81
TXN_1826,2024-02-08 00:30:00,CUST_176,Apparel,3,388.13,45.54,2024,2,February,Thursday,1164.39,136.62,1027.77,88.27
TXN_1828,2024-02-08 01:30:00,CUST_394,Apparel,4,149.89,340.4,2024,2,February,Thursday,599.56,1361.6,-762.04,-127.1
TXN_1829,2024-02-08 02:00:00,CUST_323,Apparel,4,18.46,337.37,2024,2,February,Thursday,73.84,1349.48,-1275.64,-1727.57
TXN_1831,2024-02-08 03:00:00,CUST_145,Electronics,1,312.09,187.16,2024,2,February,Thursday,312.09,187.16,124.93,40.03
TXN_1832,2024-02-08 03:30:00,CUST_254,Electronics,4,294.43,275.47,2024,2,February,Thursday,1177.72,1101.88,75.84,6.44
TXN_1833,2024-02-08 04:00:00,CUST_212,Apparel,5,51.2,198.19,2024,2,February,Thursday,256.0,990.95,-734.95,-287.09
TXN_1836,2024-02-08 05:30:00,CUST_459,Electronics,2,175.62,213.63,2024,2,February,Thursday,351.24,427.26,-76.02,-21.64
TXN_1840,2024-02-08 07:30:00,CUST_443,Unknown,5,195.63,222.03,2024,2,February,Thursday,978.15,1110.15,-132.0,-13.49
TXN_1842,2024-02-08 08:30:00,CUST_262,Electronics,5,560.65,254.91,2024,2,February,Thursday,2803.25,1274.55,1528.7,54.53
TXN_1844,2024-02-08 09:30:00,CUST_173,Electronics,3,588.92,130.14,2024,2,February,Thursday,1766.76,390.42,1376.34,77.9
TXN_1845,2024-02-08 10:00:00,CUST_332,Home Goods,1,594.85,284.46,2024,2,February,Thursday,594.85,284.46,310.39,52.18
TXN_1848,2024-02-08 11:30:00,CUST_159,Apparel,1,576.05,308.57,2024,2,February,Thursday,576.05,308.57,267.48,46.43
TXN_1851,2024-02-08 13:00:00,CUST_136,Apparel,5,418.29,181.43,2024,2,February,Thursday,2091.45,907.15,1184.3,56.63
TXN_1853,2024-02-08 14:00:00,CUST_295,Electronics,2,213.52,218.36,2024,2,February,Thursday,427.04,436.72,-9.68,-2.27
TXN_1854,2024-02-08 14:30:00,CUST_451,Electronics,1,148.12,107.01,2024,2,February,Thursday,148.12,107.01,41.11,27.75
TXN_1855,2024-02-08 15:00:00,CUST_341,Apparel,1,158.31,60.03,2024,2,February,Thursday,158.31,60.03,98.28,62.08
TXN_1856,2024-02-08 15:30:00,CUST_423,Electronics,5,17.72,39.42,2024,2,February,Thursday,88.6,197.1,-108.5,-122.46
TXN_1857,2024-02-08 16:00:00,CUST_318,Electronics,1,530.21,92.18,2024,2,February,Thursday,530.21,92.18,438.03,82.61
TXN_1858,2024-02-08 16:30:00,CUST_291,Electronics,3,188.15,260.43,2024,2,February,Thursday,564.45,781.29,-216.84,-38.42
TXN_1859,2024-02-08 17:00:00,CUST_116,Electronics,5,65.53,294.92,2024,2,February,Thursday,327.65,1474.6,-1146.95,-350.05
TXN_1860,2024-02-08 17:30:00,CUST_111,Apparel,1,65.89,302.99,2024,2,February,Thursday,65.89,302.99,-237.1,-359.84
TXN_1861,2024-02-08 18:00:00,CUST_493,Unknown,1,340.27,101.85,2024,2,February,Thursday,340.27,101.85,238.42,70.07
TXN_1862,2024-02-08 18:30:00,CUST_473,Electronics,1,595.86,234.73,2024,2,February,Thursday,595.86,234.73,361.13,60.61
TXN_1863,2024-02-08 19:00:00,CUST_292,Home Goods,5,99.84,88.32,2024,2,February,Thursday,499.2,441.6,57.6,11.54
TXN_1864,2024-02-08 19:30:00,CUST_121,Apparel,2,73.28,221.74,2024,2,February,Thursday,146.56,443.48,-296.92,-202.59
TXN_1865,2024-02-08 20:00:00,CUST_219,Apparel,4,271.41,311.65,2024,2,February,Thursday,1085.64,1246.6,-160.96,-14.83
TXN_1869,2024-02-08 22:00:00,CUST_291,Apparel,1,263.32,268.97,2024,2,February,Thursday,263.32,268.97,-5.65,-2.15
TXN_1871,2024-02-08 23:00:00,CUST_384,Apparel,4,550.47,271.89,2024,2,February,Thursday,2201.88,1087.56,1114.32,50.61
TXN_1872,2024-02-08 23:30:00,CUST_303,Home Goods,4,39.54,348.16,2024,2,February,Thursday,158.16,1392.64,-1234.48,-780.53
TXN_1873,2024-02-09 00:00:00,CUST_263,Electronics,1,152.22,271.87,2024,2,February,Friday,152.22,271.87,-119.65,-78.6
TXN_1874,2024-02-09 00:30:00,CUST_350,Apparel,1,488.0,129.54,2024,2,February,Friday,488.0,129.54,358.46,73.45
TXN_1876,2024-02-09 01:30:00,CUST_480,Electronics,4,80.26,124.55,2024,2,February,Friday,321.04,498.2,-177.16,-55.18
TXN_1877,2024-02-09 02:00:00,CUST_106,Electronics,2,584.65,339.82,2024,2,February,Friday,1169.3,679.64,489.66,41.88
TXN_1878,2024-02-09 02:30:00,CUST_128,Apparel,4,420.61,316.05,2024,2,February,Friday,1682.44,1264.2,418.24,24.86
TXN_1879,2024-02-09 03:00:00,CUST_494,Home Goods,2,174.47,202.99,2024,2,February,Friday,348.94,405.98,-57.04,-16.35
TXN_1881,2024-02-09 04:00:00,CUST_233,Home Goods,3,188.83,319.29,2024,2,February,Friday,566.49,957.87,-391.38,-69.09
TXN_1882,2024-02-09 04:30:00,CUST_466,Apparel,2,102.76,92.82,2024,2,February,Friday,205.52,185.64,19.88,9.67
TXN_1884,2024-02-09 05:30:00,CUST_157,Electronics,5,354.35,173.78,2024,2,February,Friday,1771.75,868.9,902.85,50.96
TXN_1886,2024-02-09 06:30:00,CUST_325,Electronics,1,227.66,138.89,2024,2,February,Friday,227.66,138.89,88.77,38.99
TXN_1887,2024-02-09 07:00:00,CUST_384,Electronics,3,218.52,251.05,2024,2,February,Friday,655.56,753.15,-97.59,-14.89
TXN_1888,2024-02-09 07:30:00,CUST_103,Apparel,4,288.78,147.02,2024,2,February,Friday,1155.12,588.08,567.04,49.09
TXN_1889,2024-02-09 08:00:00,CUST_198,Apparel,2,392.07,47.77,2024,2,February,Friday,784.14,95.54,688.6,87.82
TXN_1890,2024-02-09 08:30:00,CUST_496,Electronics,3,454.7,46.42,2024,2,February,Friday,1364.1,139.26,1224.84,89.79
TXN_1892,2024-02-09 09:30:00,CUST_370,Electronics,5,358.02,21.06,2024,2,February,Friday,1790.1,105.3,1684.8,94.12
TXN_1893,2024-02-09 10:00:00,CUST_474,Apparel,2,242.78,191.21,2024,2,February,Friday,485.56,382.42,103.14,21.24
TXN_1895,2024-02-09 11:00:00,CUST_256,Electronics,4,111.33,53.09,2024,2,February,Friday,445.32,212.36,232.96,52.31
TXN_1896,2024-02-09 11:30:00,CUST_174,Home Goods,4,165.3,218.03,2024,2,February,Friday,661.2,872.12,-210.92,-31.9
TXN_1897,2024-02-09 12:00:00,CUST_471,Home Goods,2,264.25,213.23,2024,2,February,Friday,528.5,426.46,102.04,19.31
TXN_1898,2024-02-09 12:30:00,CUST_387,Electronics,5,535.31,60.01,2024,2,February,Friday,2676.55,300.05,2376.5,88.79
TXN_1899,2024-02-09 13:00:00,CUST_229,Apparel,1,350.4,147.39,2024,2,February,Friday,350.4,147.39,203.01,57.94
TXN_1900,2024-02-09 13:30:00,CUST_274,Electronics,1,579.76,266.75,2024,2,February,Friday,579.76,266.75,313.01,53.99
TXN_1901,2024-02-09 14:00:00,CUST_183,Home Goods,4,75.42,15.7,2024,2,February,Friday,301.68,62.8,238.88,79.18
TXN_1904,2024-02-09 15:30:00,CUST_294,Apparel,5,366.12,259.41,2024,2,February,Friday,1830.6,1297.05,533.55,29.15
TXN_1905,2024-02-09 16:00:00,CUST_436,Electronics,4,490.0,167.8,2024,2,February,Friday,1960.0,671.2,1288.8,65.76
TXN_1906,2024-02-09 16:30:00,CUST_481,Electronics,1,507.25,224.13,2024,2,February,Friday,507.25,224.13,283.12,55.81
TXN_1907,2024-02-09 17:00:00,CUST_335,Electronics,4,407.06,297.72,2024,2,February,Friday,1628.24,1190.88,437.36,26.86
TXN_1908,2024-02-09 17:30:00,CUST_191,Apparel,2,390.3,296.38,2024,2,February,Friday,780.6,592.76,187.84,24.06
TXN_1912,2024-02-09 19:30:00,CUST_183,Electronics,2,554.08,34.44,2024,2,February,Friday,1108.16,68.88,1039.28,93.78
TXN_1914,2024-02-09 20:30:00,CUST_246,Electronics,5,441.53,157.13,2024,2,February,Friday,2207.65,785.65,1422.0,64.41
TXN_1915,2024-02-09 21:00:00,CUST_486,Electronics,1,235.56,136.09,2024,2,February,Friday,235.56,136.09,99.47,42.23
TXN_1916,2024-02-09 21:30:00,CUST_356,Apparel,5,107.94,318.41,2024,2,February,Friday,539.7,1592.05,-1052.35,-194.99
TXN_1917,2024-02-09 22:00:00,CUST_157,Home Goods,5,358.1,50.22,2024,2,February,Friday,1790.5,251.1,1539.4,85.98
TXN_1918,2024-02-09 22:30:00,CUST_479,Home Goods,1,129.94,23.35,2024,2,February,Friday,129.94,23.35,106.59,82.03
TXN_1919,2024-02-09 23:00:00,CUST_114,Apparel,3,282.7,242.9,2024,2,February,Friday,848.1,728.7,119.4,14.08
TXN_1920,2024-02-09 23:30:00,CUST_261,Electronics,3,525.63,140.9,2024,2,February,Friday,1576.89,422.7,1154.19,73.19
TXN_1921,2024-02-10 00:00:00,CUST_262,Apparel,4,65.32,269.92,2024,2,February,Saturday,261.28,1079.68,-818.4,-313.23
TXN_1922,2024-02-10 00:30:00,CUST_419,Apparel,3,32.8,33.31,2024,2,February,Saturday,98.4,99.93,-1.53,-1.55
TXN_1923,2024-02-10 01:00:00,CUST_380,Electronics,2,369.79,140.48,2024,2,February,Saturday,739.58,280.96,458.62,62.01
TXN_1927,2024-02-10 03:00:00,CUST_370,Home Goods,5,65.67,165.7,2024,2,February,Saturday,328.35,828.5,-500.15,-152.32
TXN_1929,2024-02-10 04:00:00,CUST_126,Home Goods,4,540.58,321.23,2024,2,February,Saturday,2162.32,1284.92,877.4,40.58
TXN_1930,2024-02-10 04:30:00,CUST_171,Apparel,5,142.41,255.69,2024,2,February,Saturday,712.05,1278.45,-566.4,-79.54
TXN_1931,2024-02-10 05:00:00,CUST_159,Electronics,1,264.26,155.94,2024,2,February,Saturday,264.26,155.94,108.32,40.99
TXN_1933,2024-02-10 06:00:00,CUST_192,Electronics,3,498.66,244.49,2024,2,February,Saturday,1495.98,733.47,762.51,50.97
TXN_1934,2024-02-10 06:30:00,CUST_408,Electronics,1,78.14,307.48,2024,2,February,Saturday,78.14,307.48,-229.34,-293.5
TXN_1935,2024-02-10 07:00:00,CUST_107,Apparel,4,312.48,312.12,2024,2,February,Saturday,1249.92,1248.48,1.44,0.12
TXN_1937,2024-02-10 08:00:00,CUST_126,Electronics,2,423.56,285.64,2024,2,February,Saturday,847.12,571.28,275.84,32.56
TXN_1938,2024-02-10 08:30:00,CUST_273,Apparel,3,460.09,59.91,2024,2,February,Saturday,1380.27,179.73,1200.54,86.98
TXN_1939,2024-02-10 09:00:00,CUST_149,Home Goods,1,282.61,264.2,2024,2,February,Saturday,282.61,264.2,18.41,6.51
TXN_1942,2024-02-10 10:30:00,CUST_448,Electronics,3,394.01,324.44,2024,2,February,Saturday,1182.03,973.32,208.71,17.66
TXN_1943,2024-02-10 11:00:00,CUST_280,Apparel,5,371.03,183.11,2024,2,February,Saturday,1855.15,915.55,939.6,50.65
TXN_1944,2024-02-10 11:30:00,CUST_123,Electronics,2,56.26,232.73,2024,2,February,Saturday,112.52,465.46,-352.94,-313.67
TXN_1947,2024-02-10 13:00:00,CUST_486,Electronics,3,103.81,170.89,2024,2,February,Saturday,311.43,512.67,-201.24,-64.62
TXN_1949,2024-02-10 14:00:00,CUST_114,Electronics,2,464.07,316.58,2024,2,February,Saturday,928.14,633.16,294.98,31.78
TXN_1951,2024-02-10 15:00:00,CUST_321,Electronics,5,121.16,29.38,2024,2,February,Saturday,605.8,146.9,458.9,75.75
TXN_1952,2024-02-10 15:30:00,CUST_305,Apparel,5,288.33,146.69,2024,2,February,Saturday,1441.65,733.45,708.2,49.12
TXN_1953,2024-02-10 16:00:00,CUST_372,Apparel,1,347.84,246.65,2024,2,February,Saturday,347.84,246.65,101.19,29.09
TXN_1954,2024-02-10 16:30:00,CUST_481,Electronics,4,279.87,20.08,2024,2,February,Saturday,1119.48,80.32,1039.16,92.83
TXN_1955,2024-02-10 17:00:00,CUST_335,Electronics,1,552.58,90.18,2024,2,February,Saturday,552.58,90.18,462.4,83.68
TXN_1956,2024-02-10 17:30:00,CUST_439,Electronics,2,181.55,311.75,2024,2,February,Saturday,363.1,623.5,-260.4,-71.72
TXN_1957,2024-02-10 18:00:00,CUST_327,Apparel,1,401.88,54.13,2024,2,February,Saturday,401.88,54.13,347.75,86.53
TXN_1959,2024-02-10 19:00:00,CUST_265,Apparel,3,244.49,207.4,2024,2,February,Saturday,733.47,622.2,111.27,15.17
TXN_1961,2024-02-10 20:00:00,CUST_313,Electronics,1,146.52,293.77,2024,2,February,Saturday,146.52,293.77,-147.25,-100.5
TXN_1962,2024-02-10 20:30:00,CUST_216,Electronics,4,360.02,341.42,2024,2,February,Saturday,1440.08,1365.68,74.4,5.17
TXN_1966,2024-02-10 22:30:00,CUST_494,Apparel,4,409.88,155.06,2024,2,February,Saturday,1639.52,620.24,1019.28,62.17
TXN_1968,2024-02-10 23:30:00,CUST_304,Home Goods,2,551.9,162.39,2024,2,February,Saturday,1103.8,324.78,779.02,70.58
TXN_1969,2024-02-11 00:00:00,CUST_308,Electronics,5,147.08,286.75,2024,2,February,Sunday,735.4,1433.75,-698.35,-94.96
TXN_1970,2024-02-11 00:30:00,CUST_171,Apparel,4,85.19,322.02,2024,2,February,Sunday,340.76,1288.08,-947.32,-278.0
TXN_1971,2024-02-11 01:00:00,CUST_376,Home Goods,2,133.58,131.61,2024,2,February,Sunday,267.16,263.22,3.94,1.47
TXN_1972,2024-02-11 01:30:00,CUST_373,Apparel,4,114.2,167.16,2024,2,February,Sunday,456.8,668.64,-211.84,-46.37
TXN_1973,2024-02-11 02:00:00,CUST_419,Electronics,4,68.04,315.43,2024,2,February,Sunday,272.16,1261.72,-989.56,-363.59
TXN_1974,2024-02-11 02:30:00,CUST_437,Electronics,5,481.74,25.99,2024,2,February,Sunday,2408.7,129.95,2278.75,94.6
TXN_1975,2024-02-11 03:00:00,CUST_465,Electronics,3,304.89,276.52,2024,2,February,Sunday,914.67,829.56,85.11,9.3
TXN_1976,2024-02-11 03:30:00,CUST_194,Electronics,2,242.28,164.43,2024,2,February,Sunday,484.56,328.86,155.7,32.13
TXN_1977,2024-02-11 04:00:00,CUST_265,Apparel,4,571.12,138.02,2024,2,February,Sunday,2284.48,552.08,1732.4,75.83
TXN_1979,2024-02-11 05:00:00,CUST_110,Electronics,4,112.68,152.35,2024,2,February,Sunday,450.72,609.4,-158.68,-35.21
TXN_1980,2024-02-11 05:30:00,CUST_400,Apparel,1,175.32,267.25,2024,2,February,Sunday,175.32,267.25,-91.93,-52.44
TXN_1982,2024-02-11 06:30:00,CUST_388,Apparel,3,306.76,177.09,2024,2,February,Sunday,920.28,531.27,389.01,42.27
TXN_1983,2024-02-11 07:00:00,CUST_201,Apparel,5,185.53,293.13,2024,2,February,Sunday,927.65,1465.65,-538.0,-58.0
TXN_1985,2024-02-11 08:00:00,CUST_366,Electronics,2,406.54,122.43,2024,2,February,Sunday,813.08,244.86,568.22,69.88
TXN_1986,2024-02-11 08:30:00,CUST_313,Electronics,4,469.72,209.69,2024,2,February,Sunday,1878.88,838.76,1040.12,55.36
TXN_1988,2024-02-11 09:30:00,CUST_187,Home Goods,2,135.27,17.99,2024,2,February,Sunday,270.54,35.98,234.56,86.7
TXN_1989,2024-02-11 10:00:00,CUST_140,Electronics,5,82.8,144.62,2024,2,February,Sunday,414.0,723.1,-309.1,-74.66
TXN_1990,2024-02-11 10:30:00,CUST_175,Apparel,3,332.33,347.5,2024,2,February,Sunday,996.99,1042.5,-45.51,-4.56
TXN_1991,2024-02-11 11:00:00,CUST_476,Electronics,1,131.36,226.67,2024,2,February,Sunday,131.36,226.67,-95.31,-72.56
TXN_1992,2024-02-11 11:30:00,CUST_145,Apparel,3,64.69,123.64,2024,2,February,Sunday,194.07,370.92,-176.85,-91.13
TXN_1993,2024-02-11 12:00:00,CUST_259,Electronics,1,323.35,95.01,2024,2,February,Sunday,323.35,95.01,228.34,70.62
TXN_1994,2024-02-11 12:30:00,CUST_179,Electronics,2,206.17,81.22,2024,2,February,Sunday,412.34,162.44,249.9,60.61
TXN_1995,2024-02-11 13:00:00,CUST_409,Home Goods,3,457.35,146.56,2024,2,February,Sunday,1372.05,439.68,932.37,67.95
TXN_1996,2024-02-11 13:30:00,CUST_185,Apparel,3,198.8,75.71,2024,2,February,Sunday,596.4,227.13,369.27,61.92
TXN_1997,2024-02-11 14:00:00,CUST_191,Apparel,3,587.55,55.96,2024,2,February,Sunday,1762.65,167.88,1594.77,90.48
TXN_1998,2024-02-11 14:30:00,CUST_247,Electronics,5,458.74,133.78,2024,2,February,Sunday,2293.7,668.9,1624.8,70.84
TXN_1999,2024-02-11 15:00:00,CUST_260,Electronics,2,48.75,216.38,2024,2,February,Sunday,97.5,432.76,-335.26,-343.86
TXN_2001,2024-02-11 16:00:00,CUST_341,Home Goods,1,344.13,25.08,2024,2,February,Sunday,344.13,25.08,319.05,92.71
TXN_2002,2024-02-11 16:30:00,CUST_452,Unknown,3,421.75,21.78,2024,2,February,Sunday,1265.25,65.34,1199.91,94.84
TXN_2003,2024-02-11 17:00:00,CUST_101,Apparel,2,306.21,100.91,2024,2,February,Sunday,612.42,201.82,410.6,67.05
TXN_2006,2024-02-11 18:30:00,CUST_332,Apparel,5,173.8,164.94,2024,2,February,Sunday,869.0,824.7,44.3,5.1
TXN_2007,2024-02-11 19:00:00,CUST_176,Apparel,5,568.53,120.42,2024,2,February,Sunday,2842.65,602.1,2240.55,78.82
TXN_2009,2024-02-11 20:00:00,CUST_253,Apparel,2,52.1,181.68,2024,2,February,Sunday,104.2,363.36,-259.16,-248.71
TXN_2010,2024-02-11 20:30:00,CUST_202,Apparel,1,112.86,41.12,2024,2,February,Sunday,112.86,41.12,71.74,63.57
TXN_2011,2024-02-11 21:00:00,CUST_293,Home Goods,2,516.51,110.56,2024,2,February,Sunday,1033.02,221.12,811.9,78.59
TXN_2012,2024-02-11 21:30:00,CUST_265,Home Goods,2,358.18,340.94,2024,2,February,Sunday,716.36,681.88,34.48,4.81
TXN_2013,2024-02-11 22:00:00,CUST_458,Electronics,4,470.59,342.17,2024,2,February,Sunday,1882.36,1368.68,513.68,27.29
TXN_2015,2024-02-11 23:00:00,CUST_273,Home Goods,5,496.59,66.86,2024,2,February,Sunday,2482.95,334.3,2148.65,86.54
TXN_2016,2024-02-11 23:30:00,CUST_221,Electronics,1,337.11,178.53,2024,2,February,Sunday,337.11,178.53,158.58,47.04
TXN_2017,2024-02-12 00:00:00,CUST_242,Electronics,4,118.62,173.7,2024,2,February,Monday,474.48,694.8,-220.32,-46.43
TXN_2019,2024-02-12 01:00:00,CUST_474,Apparel,2,350.78,189.98,2024,2,February,Monday,701.56,379.96,321.6,45.84
TXN_2021,2024-02-12 02:00:00,CUST_459,Apparel,5,341.46,49.08,2024,2,February,Monday,1707.3,245.4,1461.9,85.63
TXN_2022,2024-02-12 02:30:00,CUST_416,Electronics,4,306.61,203.96,2024,2,February,Monday,1226.44,815.84,410.6,33.48
TXN_2024,2024-02-12 03:30:00,CUST_489,Electronics,4,33.79,56.83,2024,2,February,Monday,135.16,227.32,-92.16,-68.19
TXN_2025,2024-02-12 04:00:00,CUST_108,Electronics,1,34.21,249.64,2024,2,February,Monday,34.21,249.64,-215.43,-629.73
TXN_2027,2024-02-12 05:00:00,CUST_172,Apparel,2,127.98,109.95,2024,2,February,Monday,255.96,219.9,36.06,14.09
TXN_2028,2024-02-12 05:30:00,CUST_458,Electronics,1,396.54,300.06,2024,2,February,Monday,396.54,300.06,96.48,24.33
TXN_2029,2024-02-12 06:00:00,CUST_322,Electronics,4,334.75,165.21,2024,2,February,Monday,1339.0,660.84,678.16,50.65
TXN_2031,2024-02-12 07:00:00,CUST_469,Apparel,4,503.71,160.64,2024,2,February,Monday,2014.84,642.56,1372.28,68.11
TXN_2032,2024-02-12 07:30:00,CUST_303,Home Goods,1,256.68,37.62,2024,2,February,Monday,256.68,37.62,219.06,85.34
TXN_2033,2024-02-12 08:00:00,CUST_363,Apparel,4,375.6,212.27,2024,2,February,Monday,1502.4,849.08,653.32,43.49
TXN_2035,2024-02-12 09:00:00,CUST_277,Apparel,3,241.04,39.5,2024,2,February,Monday,723.12,118.5,604.62,83.61
TXN_2036,2024-02-12 09:30:00,CUST_447,Electronics,5,444.32,212.58,2024,2,February,Monday,2221.6,1062.9,1158.7,52.16
TXN_2037,2024-02-12 10:00:00,CUST_417,Unknown,2,379.26,13.36,2024,2,February,Monday,758.52,26.72,731.8,96.48
TXN_2038,2024-02-12 10:30:00,CUST_183,Home Goods,5,298.42,80.9,2024,2,February,Monday,1492.1,404.5,1087.6,72.89
TXN_2039,2024-02-12 11:00:00,CUST_417,Electronics,2,118.27,275.56,2024,2,February,Monday,236.54,551.12,-314.58,-132.99
TXN_2041,2024-02-12 12:00:00,CUST_350,Electronics,4,174.8,229.87,2024,2,February,Monday,699.2,919.48,-220.28,-31.5
TXN_2043,2024-02-12 13:00:00,CUST_106,Apparel,1,372.79,68.21,2024,2,February,Monday,372.79,68.21,304.58,81.7
TXN_2044,2024-02-12 13:30:00,CUST_183,Apparel,1,233.05,151.82,2024,2,February,Monday,233.05,151.82,81.23,34.86
TXN_2045,2024-02-12 14:00:00,CUST_307,Home Goods,4,38.75,205.67,2024,2,February,Monday,155.0,822.68,-667.68,-430.76
TXN_2046,2024-02-12 14:30:00,CUST_487,Apparel,2,150.97,163.14,2024,2,February,Monday,301.94,326.28,-24.34,-8.06
TXN_2047,2024-02-12 15:00:00,CUST_489,Apparel,4,535.11,220.93,2024,2,February,Monday,2140.44,883.72,1256.72,58.71
TXN_2048,2024-02-12 15:30:00,CUST_413,Apparel,2,493.51,147.39,2024,2,February,Monday,987.02,294.78,692.24,70.13
TXN_2049,2024-02-12 16:00:00,CUST_121,Electronics,4,351.29,60.49,2024,2,February,Monday,1405.16,241.96,1163.2,82.78
TXN_2050,2024-02-12 16:30:00,CUST_482,Electronics,4,287.8,40.28,2024,2,February,Monday,1151.2,161.12,990.08,86.0
TXN_2051,2024-02-12 17:00:00,CUST_102,Apparel,4,393.58,263.11,2024,2,February,Monday,1574.32,1052.44,521.88,33.15
TXN_2052,2024-02-12 17:30:00,CUST_226,Electronics,1,287.76,91.13,2024,2,February,Monday,287.76,91.13,196.63,68.33
TXN_2053,2024-02-12 18:00:00,CUST_396,Electronics,2,391.92,298.13,2024,2,February,Monday,783.84,596.26,187.58,23.93
TXN_2055,2024-02-12 19:00:00,CUST_461,Apparel,4,505.52,26.81,2024,2,February,Monday,2022.08,107.24,1914.84,94.7
TXN_2056,2024-02-12 19:30:00,CUST_113,Electronics,5,425.62,78.41,2024,2,February,Monday,2128.1,392.05,1736.05,81.58
TXN_2057,2024-02-12 20:00:00,CUST_111,Apparel,5,208.04,109.28,2024,2,February,Monday,1040.2,546.4,493.8,47.47
TXN_2060,2024-02-12 21:30:00,CUST_496,Electronics,1,117.16,30.51,2024,2,February,Monday,117.16,30.51,86.65,73.96
TXN_2061,2024-02-12 22:00:00,CUST_124,Home Goods,3,60.46,94.87,2024,2,February,Monday,181.38,284.61,-103.23,-56.91
TXN_2063,2024-02-12 23:00:00,CUST_342,Electronics,1,521.1,72.35,2024,2,February,Monday,521.1,72.35,448.75,86.12
TXN_2064,2024-02-12 23:30:00,CUST_221,Apparel,3,487.35,195.4,2024,2,February,Monday,1462.05,586.2,875.85,59.91
TXN_2065,2024-02-13 00:00:00,CUST_246,Home Goods,1,398.56,172.52,2024,2,February,Tuesday,398.56,172.52,226.04,56.71
TXN_2067,2024-02-13 01:00:00,CUST_337,Electronics,5,70.02,185.74,2024,2,February,Tuesday,350.1,928.7,-578.6,-165.27
TXN_2068,2024-02-13 01:30:00,CUST_455,Electronics,4,216.84,130.98,2024,2,February,Tuesday,867.36,523.92,343.44,39.6
TXN_2069,2024-02-13 02:00:00,CUST_272,Unknown,2,515.12,126.69,2024,2,February,Tuesday,1030.24,253.38,776.86,75.41
TXN_2071,2024-02-13 03:00:00,CUST_320,Apparel,4,156.2,193.75,2024,2,February,Tuesday,624.8,775.0,-150.2,-24.04
TXN_2072,2024-02-13 03:30:00,CUST_218,Home Goods,5,460.83,161.0,2024,2,February,Tuesday,2304.15,805.0,1499.15,65.06
TXN_2073,2024-02-13 04:00:00,CUST_408,Electronics,2,350.71,76.75,2024,2,February,Tuesday,701.42,153.5,547.92,78.12
TXN_2074,2024-02-13 04:30:00,CUST_282,Unknown,3,33.61,14.41,2024,2,February,Tuesday,100.83,43.23,57.6,57.13
TXN_2075,2024-02-13 05:00:00,CUST_387,Home Goods,3,332.61,61.32,2024,2,February,Tuesday,997.83,183.96,813.87,81.56
TXN_2076,2024-02-13 05:30:00,CUST_406,Home Goods,5,486.48,24.56,2024,2,February,Tuesday,2432.4,122.8,2309.6,94.95
TXN_2077,2024-02-13 06:00:00,CUST_399,Electronics,2,176.53,156.74,2024,2,February,Tuesday,353.06,313.48,39.58,11.21
TXN_2078,2024-02-13 06:30:00,CUST_181,Apparel,4,539.96,86.53,2024,2,February,Tuesday,2159.84,346.12,1813.72,83.97
TXN_2079,2024-02-13 07:00:00,CUST_310,Home Goods,5,153.21,152.95,2024,2,February,Tuesday,766.05,764.75,1.3,0.17
TXN_2080,2024-02-13 07:30:00,CUST_249,Unknown,3,59.74,122.01,2024,2,February,Tuesday,179.22,366.03,-186.81,-104.24
TXN_2081,2024-02-13 08:00:00,CUST_136,Electronics,5,108.56,192.93,2024,2,February,Tuesday,542.8,964.65,-421.85,-77.72
TXN_2082,2024-02-13 08:30:00,CUST_451,Home Goods,4,504.65,256.11,2024,2,February,Tuesday,2018.6,1024.44,994.16,49.25
TXN_2083,2024-02-13 09:00:00,CUST_411,Electronics,1,259.12,172.97,2024,2,February,Tuesday,259.12,172.97,86.15,33.25
TXN_2088,2024-02-13 11:30:00,CUST_342,Apparel,1,262.74,25.27,2024,2,February,Tuesday,262.74,25.27,237.47,90.38
TXN_2089,2024-02-13 12:00:00,CUST_134,Unknown,4,484.19,121.43,2024,2,February,Tuesday,1936.76,485.72,1451.04,74.92
TXN_2091,2024-02-13 13:00:00,CUST_306,Apparel,2,387.24,40.61,2024,2,February,Tuesday,774.48,81.22,693.26,89.51
TXN_2092,2024-02-13 13:30:00,CUST_452,Electronics,5,426.01,332.5,2024,2,February,Tuesday,2130.05,1662.5,467.55,21.95
TXN_2093,2024-02-13 14:00:00,CUST_490,Electronics,4,540.97,301.27,2024,2,February,Tuesday,2163.88,1205.08,958.8,44.31
TXN_2094,2024-02-13 14:30:00,CUST_431,Apparel,1,146.23,292.81,2024,2,February,Tuesday,146.23,292.81,-146.58,-100.24
TXN_2096,2024-02-13 15:30:00,CUST_449,Apparel,3,268.46,37.22,2024,2,February,Tuesday,805.38,111.66,693.72,86.14
TXN_2099,2024-02-13 17:00:00,CUST_123,Electronics,4,93.53,47.82,2024,2,February,Tuesday,374.12,191.28,182.84,48.87
TXN_2102,2024-02-13 18:30:00,CUST_319,Electronics,4,238.67,95.67,2024,2,February,Tuesday,954.68,382.68,572.0,59.92
TXN_2103,2024-02-13 19:00:00,CUST_463,Apparel,4,499.66,93.04,2024,2,February,Tuesday,1998.64,372.16,1626.48,81.38
TXN_2105,2024-02-13 20:00:00,CUST_119,Electronics,1,380.49,42.95,2024,2,February,Tuesday,380.49,42.95,337.54,88.71
TXN_2106,2024-02-13 20:30:00,CUST_251,Apparel,1,522.88,132.5,2024,2,February,Tuesday,522.88,132.5,390.38,74.66
TXN_2109,2024-02-13 22:00:00,CUST_195,Apparel,4,450.96,184.93,2024,2,February,Tuesday,1803.84,739.72,1064.12,58.99
TXN_2110,2024-02-13 22:30:00,CUST_204,Apparel,4,265.07,229.8,2024,2,February,Tuesday,1060.28,919.2,141.08,13.31
TXN_2112,2024-02-13 23:30:00,CUST_216,Home Goods,2,325.5,325.83,2024,2,February,Tuesday,651.0,651.66,-0.66,-0.1
TXN_2113,2024-02-14 00:00:00,CUST_453,Electronics,3,462.44,119.63,2024,2,February,Wednesday,1387.32,358.89,1028.43,74.13
TXN_2114,2024-02-14 00:30:00,CUST_327,Electronics,5,60.96,250.33,2024,2,February,Wednesday,304.8,1251.65,-946.85,-310.65
TXN_2115,2024-02-14 01:00:00,CUST_165,Apparel,5,360.17,334.57,2024,2,February,Wednesday,1800.85,1672.85,128.0,7.11
TXN_2118,2024-02-14 02:30:00,CUST_394,Apparel,5,421.95,49.86,2024,2,February,Wednesday,2109.75,249.3,1860.45,88.18
TXN_2119,2024-02-14 03:00:00,CUST_342,Apparel,1,552.09,142.69,2024,2,February,Wednesday,552.09,142.69,409.4,74.15
TXN_2122,2024-02-14 04:30:00,CUST_345,Electronics,1,498.15,321.95,2024,2,February,Wednesday,498.15,321.95,176.2,35.37
TXN_2123,2024-02-14 05:00:00,CUST_224,Home Goods,2,86.42,236.89,2024,2,February,Wednesday,172.84,473.78,-300.94,-174.11
TXN_2125,2024-02-14 06:00:00,CUST_230,Home Goods,1,531.41,195.81,2024,2,February,Wednesday,531.41,195.81,335.6,63.15
TXN_2129,2024-02-14 08:00:00,CUST_120,Apparel,4,309.71,140.85,2024,2,February,Wednesday,1238.84,563.4,675.44,54.52
TXN_2130,2024-02-14 08:30:00,CUST_498,Electronics,3,195.71,321.28,2024,2,February,Wednesday,587.13,963.84,-376.71,-64.16
TXN_2131,2024-02-14 09:00:00,CUST_324,Electronics,3,252.18,134.97,2024,2,February,Wednesday,756.54,404.91,351.63,46.48
TXN_2133,2024-02-14 10:00:00,CUST_381,Home Goods,3,132.99,65.09,2024,2,February,Wednesday,398.97,195.27,203.7,51.06
TXN_2134,2024-02-14 10:30:00,CUST_107,Apparel,3,354.07,260.23,2024,2,February,Wednesday,1062.21,780.69,281.52,26.5
TXN_2135,2024-02-14 11:00:00,CUST_199,Electronics,5,63.7,200.5,2024,2,February,Wednesday,318.5,1002.5,-684.0,-214.76
TXN_2137,2024-02-14 12:00:00,CUST_186,Home Goods,5,461.54,332.04,2024,2,February,Wednesday,2307.7,1660.2,647.5,28.06
TXN_2138,2024-02-14 12:30:00,CUST_397,Apparel,4,192.02,312.82,2024,2,February,Wednesday,768.08,1251.28,-483.2,-62.91
TXN_2139,2024-02-14 13:00:00,CUST_113,Apparel,2,591.67,234.23,2024,2,February,Wednesday,1183.34,468.46,714.88,60.41
TXN_2141,2024-02-14 14:00:00,CUST_101,Apparel,1,317.18,202.03,2024,2,February,Wednesday,317.18,202.03,115.15,36.3
TXN_2142,2024-02-14 14:30:00,CUST_474,Apparel,1,36.24,291.16,2024,2,February,Wednesday,36.24,291.16,-254.92,-703.42
TXN_2143,2024-02-14 15:00:00,CUST_392,Home Goods,5,574.57,149.22,2024,2,February,Wednesday,2872.85,746.1,2126.75,74.03
TXN_2145,2024-02-14 16:00:00,CUST_140,Unknown,3,329.93,348.01,2024,2,February,Wednesday,989.79,1044.03,-54.24,-5.48
TXN_2146,2024-02-14 16:30:00,CUST_417,Electronics,4,246.47,66.31,2024,2,February,Wednesday,985.88,265.24,720.64,73.1
TXN_2147,2024-02-14 17:00:00,CUST_415,Electronics,2,258.12,95.51,2024,2,February,Wednesday,516.24,191.02,325.22,63.0
TXN_2148,2024-02-14 17:30:00,CUST_480,Home Goods,5,391.33,65.46,2024,2,February,Wednesday,1956.65,327.3,1629.35,83.27
TXN_2150,2024-02-14 18:30:00,CUST_113,Apparel,4,105.26,108.36,2024,2,February,Wednesday,421.04,433.44,-12.4,-2.95
TXN_2152,2024-02-14 19:30:00,CUST_183,Home Goods,4,477.43,348.8,2024,2,February,Wednesday,1909.72,1395.2,514.52,26.94
TXN_2153,2024-02-14 20:00:00,CUST_229,Unknown,5,274.32,27.85,2024,2,February,Wednesday,1371.6,139.25,1232.35,89.85
TXN_2154,2024-02-14 20:30:00,CUST_330,Electronics,4,112.0,274.67,2024,2,February,Wednesday,448.0,1098.68,-650.68,-145.24
TXN_2156,2024-02-14 21:30:00,CUST_244,Electronics,3,139.24,16.74,2024,2,February,Wednesday,417.72,50.22,367.5,87.98
TXN_2157,2024-02-14 22:00:00,CUST_478,Apparel,4,88.6,227.12,2024,2,February,Wednesday,354.4,908.48,-554.08,-156.34
TXN_2158,2024-02-14 22:30:00,CUST_444,Home Goods,2,235.88,306.93,2024,2,February,Wednesday,471.76,613.86,-142.1,-30.12
TXN_2159,2024-02-14 23:00:00,CUST_127,Electronics,4,331.45,69.94,2024,2,February,Wednesday,1325.8,279.76,1046.04,78.9
TXN_2161,2024-02-15 00:00:00,CUST_262,Apparel,1,368.24,67.38,2024,2,February,Thursday,368.24,67.38,300.86,81.7
TXN_2163,2024-02-15 01:00:00,CUST_360,Unknown,4,579.01,101.92,2024,2,February,Thursday,2316.04,407.68,1908.36,82.4
TXN_2165,2024-02-15 02:00:00,CUST_400,Apparel,5,170.81,314.21,2024,2,February,Thursday,854.05,1571.05,-717.0,-83.95
TXN_2166,2024-02-15 02:30:00,CUST_402,Home Goods,1,28.11,197.98,2024,2,February,Thursday,28.11,197.98,-169.87,-604.3
TXN_2167,2024-02-15 03:00:00,CUST_386,Apparel,5,502.62,327.17,2024,2,February,Thursday,2513.1,1635.85,877.25,34.91
TXN_2169,2024-02-15 04:00:00,CUST_109,Apparel,2,135.29,166.94,2024,2,February,Thursday,270.58,333.88,-63.3,-23.39
TXN_2170,2024-02-15 04:30:00,CUST_294,Electronics,3,333.51,208.01,2024,2,February,Thursday,1000.53,624.03,376.5,37.63
TXN_2171,2024-02-15 05:00:00,CUST_217,Electronics,2,119.35,88.31,2024,2,February,Thursday,238.7,176.62,62.08,26.01
TXN_2172,2024-02-15 05:30:00,CUST_369,Home Goods,1,502.77,346.78,2024,2,February,Thursday,502.77,346.78,155.99,31.03
TXN_2175,2024-02-15 07:00:00,CUST_365,Home Goods,3,492.43,116.41,2024,2,February,Thursday,1477.29,349.23,1128.06,76.36
TXN_2176,2024-02-15 07:30:00,CUST_431,Apparel,4,143.53,116.43,2024,2,February,Thursday,574.12,465.72,108.4,18.88
TXN_2177,2024-02-15 08:00:00,CUST_449,Electronics,1,441.4,45.31,2024,2,February,Thursday,441.4,45.31,396.09,89.73
TXN_2178,2024-02-15 08:30:00,CUST_460,Apparel,3,222.84,200.36,2024,2,February,Thursday,668.52,601.08,67.44,10.09
TXN_2181,2024-02-15 10:00:00,CUST_375,Electronics,5,427.77,87.07,2024,2,February,Thursday,2138.85,435.35,1703.5,79.65
TXN_2182,2024-02-15 10:30:00,CUST_363,Electronics,3,583.68,95.37,2024,2,February,Thursday,1751.04,286.11,1464.93,83.66
TXN_2183,2024-02-15 11:00:00,CUST_270,Apparel,5,40.51,181.39,2024,2,February,Thursday,202.55,906.95,-704.4,-347.77
TXN_2186,2024-02-15 12:30:00,CUST_163,Apparel,5,266.88,192.25,2024,2,February,Thursday,1334.4,961.25,373.15,27.96
TXN_2188,2024-02-15 13:30:00,CUST_383,Electronics,3,487.05,205.24,2024,2,February,Thursday,1461.15,615.72,845.43,57.86
TXN_2192,2024-02-15 15:30:00,CUST_303,Apparel,2,226.75,181.94,2024,2,February,Thursday,453.5,363.88,89.62,19.76
TXN_2193,2024-02-15 16:00:00,CUST_264,Apparel,2,221.63,187.34,2024,2,February,Thursday,443.26,374.68,68.58,15.47
TXN_2196,2024-02-15 17:30:00,CUST_143,Electronics,5,23.42,120.35,2024,2,February,Thursday,117.1,601.75,-484.65,-413.88
TXN_2198,2024-02-15 18:30:00,CUST_255,Home Goods,1,139.66,25.22,2024,2,February,Thursday,139.66,25.22,114.44,81.94
TXN_2199,2024-02-15 19:00:00,CUST_466,Home Goods,3,220.69,210.19,2024,2,February,Thursday,662.07,630.57,31.5,4.76
TXN_2200,2024-02-15 19:30:00,CUST_306,Electronics,1,185.5,256.36,2024,2,February,Thursday,185.5,256.36,-70.86,-38.2
TXN_2201,2024-02-15 20:00:00,CUST_489,Electronics,2,406.08,131.15,2024,2,February,Thursday,812.16,262.3,549.86,67.7
TXN_2202,2024-02-15 20:30:00,CUST_207,Apparel,1,499.46,83.9,2024,2,February,Thursday,499.46,83.9,415.56,83.2
TXN_2203,2024-02-15 21:00:00,CUST_350,Electronics,4,127.37,82.55,2024,2,February,Thursday,509.48,330.2,179.28,35.19
TXN_2204,2024-02-15 21:30:00,CUST_469,Home Goods,4,344.34,37.83,2024,2,February,Thursday,1377.36,151.32,1226.04,89.01
TXN_2205,2024-02-15 22:00:00,CUST_433,Apparel,2,230.17,40.5,2024,2,February,Thursday,460.34,81.0,379.34,82.4
TXN_2206,2024-02-15 22:30:00,CUST_229,Apparel,1,310.88,66.67,2024,2,February,Thursday,310.88,66.67,244.21,78.55
TXN_2207,2024-02-15 23:00:00,CUST_392,Electronics,3,378.14,16.52,2024,2,February,Thursday,1134.42,49.56,1084.86,95.63
TXN_2208,2024-02-15 23:30:00,CUST_119,Apparel,2,537.76,100.52,2024,2,February,Thursday,1075.52,201.04,874.48,81.31
TXN_2209,2024-02-16 00:00:00,CUST_381,Apparel,4,127.49,114.18,2024,2,February,Friday,509.96,456.72,53.24,10.44
TXN_2210,2024-02-16 00:30:00,CUST_384,Home Goods,2,65.9,348.38,2024,2,February,Friday,131.8,696.76,-564.96,-428.65
TXN_2211,2024-02-16 01:00:00,CUST_100,Electronics,1,381.92,347.17,2024,2,February,Friday,381.92,347.17,34.75,9.1
TXN_2212,2024-02-16 01:30:00,CUST_218,Electronics,1,245.57,73.6,2024,2,February,Friday,245.57,73.6,171.97,70.03
TXN_2213,2024-02-16 02:00:00,CUST_134,Electronics,1,110.3,82.43,2024,2,February,Friday,110.3,82.43,27.87,25.27
TXN_2214,2024-02-16 02:30:00,CUST_297,Electronics,5,83.5,177.25,2024,2,February,Friday,417.5,886.25,-468.75,-112.28
TXN_2215,2024-02-16 03:00:00,CUST_344,Apparel,1,341.96,60.59,2024,2,February,Friday,341.96,60.59,281.37,82.28
TXN_2217,2024-02-16 04:00:00,CUST_424,Electronics,4,598.49,145.79,2024,2,February,Friday,2393.96,583.16,1810.8,75.64
TXN_2219,2024-02-16 05:00:00,CUST_278,Electronics,4,139.19,289.69,2024,2,February,Friday,556.76,1158.76,-602.0,-108.13
TXN_2220,2024-02-16 05:30:00,CUST_305,Electronics,5,382.88,291.56,2024,2,February,Friday,1914.4,1457.8,456.6,23.85
TXN_2221,2024-02-16 06:00:00,CUST_111,Electronics,4,157.89,345.88,2024,2,February,Friday,631.56,1383.52,-751.96,-119.06
TXN_2222,2024-02-16 06:30:00,CUST_375,Electronics,4,304.04,85.85,2024,2,February,Friday,1216.16,343.4,872.76,71.76
TXN_2223,2024-02-16 07:00:00,CUST_280,Home Goods,2,297.31,312.01,2024,2,February,Friday,594.62,624.02,-29.4,-4.94
TXN_2226,2024-02-16 08:30:00,CUST_350,Apparel,1,141.72,314.74,2024,2,February,Friday,141.72,314.74,-173.02,-122.09
TXN_2229,2024-02-16 10:00:00,CUST_316,Electronics,2,209.88,128.27,2024,2,February,Friday,419.76,256.54,163.22,38.88
TXN_2231,2024-02-16 11:00:00,CUST_384,Apparel,2,178.53,219.12,2024,2,February,Friday,357.06,438.24,-81.18,-22.74
TXN_2236,2024-02-16 13:30:00,CUST_277,Apparel,4,72.72,27.15,2024,2,February,Friday,290.88,108.6,182.28,62.67
TXN_2238,2024-02-16 14:30:00,CUST_439,Apparel,3,78.93,39.96,2024,2,February,Friday,236.79,119.88,116.91,49.37
TXN_2239,2024-02-16 15:00:00,CUST_250,Unknown,1,165.15,207.18,2024,2,February,Friday,165.15,207.18,-42.03,-25.45
TXN_2240,2024-02-16 15:30:00,CUST_483,Home Goods,3,505.04,306.36,2024,2,February,Friday,1515.12,919.08,596.04,39.34
TXN_2241,2024-02-16 16:00:00,CUST_225,Home Goods,4,374.88,153.09,2024,2,February,Friday,1499.52,612.36,887.16,59.16
TXN_2242,2024-02-16 16:30:00,CUST_400,Home Goods,5,147.98,282.04,2024,2,February,Friday,739.9,1410.2,-670.3,-90.59
TXN_2243,2024-02-16 17:00:00,CUST_407,Electronics,2,524.98,283.3,2024,2,February,Friday,1049.96,566.6,483.36,46.04
TXN_2246,2024-02-16 18:30:00,CUST_479,Electronics,4,510.87,244.95,2024,2,February,Friday,2043.48,979.8,1063.68,52.05
TXN_2248,2024-02-16 19:30:00,CUST_107,Apparel,4,308.34,195.36,2024,2,February,Friday,1233.36,781.44,451.92,36.64
TXN_2249,2024-02-16 20:00:00,CUST_440,Apparel,3,233.75,212.12,2024,2,February,Friday,701.25,636.36,64.89,9.25
TXN_2250,2024-02-16 20:30:00,CUST_228,Home Goods,5,145.9,61.42,2024,2,February,Friday,729.5,307.1,422.4,57.9
TXN_2251,2024-02-16 21:00:00,CUST_363,Apparel,2,341.09,150.07,2024,2,February,Friday,682.18,300.14,382.04,56.0
TXN_2253,2024-02-16 22:00:00,CUST_451,Electronics,5,362.48,60.87,2024,2,February,Friday,1812.4,304.35,1508.05,83.21
TXN_2254,2024-02-16 22:30:00,CUST_457,Electronics,5,552.97,184.17,2024,2,February,Friday,2764.85,920.85,1844.0,66.69
TXN_2255,2024-02-16 23:00:00,CUST_104,Apparel,5,223.8,205.02,2024,2,February,Friday,1119.0,1025.1,93.9,8.39
TXN_2256,2024-02-16 23:30:00,CUST_185,Electronics,1,421.66,59.72,2024,2,February,Friday,421.66,59.72,361.94,85.84
TXN_2257,2024-02-17 00:00:00,CUST_274,Electronics,5,394.47,266.91,2024,2,February,Saturday,1972.35,1334.55,637.8,32.34
TXN_2259,2024-02-17 01:00:00,CUST_292,Electronics,4,392.35,323.02,2024,2,February,Saturday,1569.4,1292.08,277.32,17.67
TXN_2260,2024-02-17 01:30:00,CUST_410,Apparel,1,144.67,141.81,2024,2,February,Saturday,144.67,141.81,2.86,1.98
TXN_2262,2024-02-17 02:30:00,CUST_317,Apparel,1,587.5,267.71,2024,2,February,Saturday,587.5,267.71,319.79,54.43
TXN_2263,2024-02-17 03:00:00,CUST_213,Apparel,5,41.5,203.05,2024,2,February,Saturday,207.5,1015.25,-807.75,-389.28
TXN_2268,2024-02-17 05:30:00,CUST_331,Apparel,4,451.03,19.98,2024,2,February,Saturday,1804.12,79.92,1724.2,95.57
TXN_2270,2024-02-17 06:30:00,CUST_175,Apparel,2,246.36,314.89,2024,2,February,Saturday,492.72,629.78,-137.06,-27.82
TXN_2271,2024-02-17 07:00:00,CUST_427,Electronics,5,345.05,280.41,2024,2,February,Saturday,1725.25,1402.05,323.2,18.73
TXN_2272,2024-02-17 07:30:00,CUST_444,Apparel,1,537.0,19.7,2024,2,February,Saturday,537.0,19.7,517.3,96.33
TXN_2273,2024-02-17 08:00:00,CUST_401,Apparel,2,596.4,309.63,2024,2,February,Saturday,1192.8,619.26,573.54,48.08
TXN_2275,2024-02-17 09:00:00,CUST_100,Apparel,2,434.94,74.9,2024,2,February,Saturday,869.88,149.8,720.08,82.78
TXN_2276,2024-02-17 09:30:00,CUST_246,Apparel,1,98.79,265.82,2024,2,February,Saturday,98.79,265.82,-167.03,-169.08
TXN_2278,2024-02-17 10:30:00,CUST_241,Apparel,2,497.75,96.13,2024,2,February,Saturday,995.5,192.26,803.24,80.69
TXN_2279,2024-02-17 11:00:00,CUST_152,Electronics,4,506.95,64.85,2024,2,February,Saturday,2027.8,259.4,1768.4,87.21
TXN_2280,2024-02-17 11:30:00,CUST_403,Apparel,4,451.62,175.45,2024,2,February,Saturday,1806.48,701.8,1104.68,61.15
TXN_2281,2024-02-17 12:00:00,CUST_168,Electronics,5,178.76,41.75,2024,2,February,Saturday,893.8,208.75,685.05,76.64
TXN_2282,2024-02-17 12:30:00,CUST_460,Electronics,5,389.29,277.11,2024,2,February,Saturday,1946.45,1385.55,560.9,28.82
TXN_2284,2024-02-17 13:30:00,CUST_319,Unknown,2,278.63,161.97,2024,2,February,Saturday,557.26,323.94,233.32,41.87
TXN_2285,2024-02-17 14:00:00,CUST_291,Electronics,1,238.72,10.63,2024,2,February,Saturday,238.72,10.63,228.09,95.55
TXN_2286,2024-02-17 14:30:00,CUST_162,Apparel,4,549.48,288.07,2024,2,February,Saturday,2197.92,1152.28,1045.64,47.57
TXN_2287,2024-02-17 15:00:00,CUST_172,Electronics,3,151.98,177.56,2024,2,February,Saturday,455.94,532.68,-76.74,-16.83
TXN_2288,2024-02-17 15:30:00,CUST_260,Apparel,5,352.9,159.56,2024,2,February,Saturday,1764.5,797.8,966.7,54.79
TXN_2290,2024-02-17 16:30:00,CUST_188,Unknown,4,402.9,31.39,2024,2,February,Saturday,1611.6,125.56,1486.04,92.21
TXN_2293,2024-02-17 18:00:00,CUST_172,Apparel,2,74.44,166.6,2024,2,February,Saturday,148.88,333.2,-184.32,-123.8
TXN_2295,2024-02-17 19:00:00,CUST_176,Home Goods,4,463.31,111.75,2024,2,February,Saturday,1853.24,447.0,1406.24,75.88
TXN_2296,2024-02-17 19:30:00,CUST_258,Home Goods,4,230.74,112.07,2024,2,February,Saturday,922.96,448.28,474.68,51.43
TXN_2297,2024-02-17 20:00:00,CUST_423,Apparel,2,111.98,347.27,2024,2,February,Saturday,223.96,694.54,-470.58,-210.12
TXN_2298,2024-02-17 20:30:00,CUST_197,Electronics,5,309.44,120.91,2024,2,February,Saturday,1547.2,604.55,942.65,60.93
TXN_2299,2024-02-17 21:00:00,CUST_480,Electronics,5,396.5,79.76,2024,2,February,Saturday,1982.5,398.8,1583.7,79.88
TXN_2300,2024-02-17 21:30:00,CUST_201,Electronics,3,41.22,289.7,2024,2,February,Saturday,123.66,869.1,-745.44,-602.81
TXN_2301,2024-02-17 22:00:00,CUST_231,Home Goods,3,185.6,153.2,2024,2,February,Saturday,556.8,459.6,97.2,17.46
TXN_2302,2024-02-17 22:30:00,CUST_201,Apparel,5,488.51,160.91,2024,2,February,Saturday,2442.55,804.55,1638.0,67.06
TXN_2303,2024-02-17 23:00:00,CUST_118,Electronics,5,319.34,196.62,2024,2,February,Saturday,1596.7,983.1,613.6,38.43
TXN_2305,2024-02-18 00:00:00,CUST_496,Home Goods,5,179.94,210.79,2024,2,February,Sunday,899.7,1053.95,-154.25,-17.14
TXN_2306,2024-02-18 00:30:00,CUST_378,Electronics,5,388.9,21.73,2024,2,February,Sunday,1944.5,108.65,1835.85,94.41
TXN_2307,2024-02-18 01:00:00,CUST_438,Home Goods,4,131.63,288.41,2024,2,February,Sunday,526.52,1153.64,-627.12,-119.11
TXN_2308,2024-02-18 01:30:00,CUST_464,Home Goods,3,499.02,76.25,2024,2,February,Sunday,1497.06,228.75,1268.31,84.72
TXN_2309,2024-02-18 02:00:00,CUST_430,Home Goods,2,410.8,109.4,2024,2,February,Sunday,821.6,218.8,602.8,73.37
TXN_2310,2024-02-18 02:30:00,CUST_228,Electronics,1,290.76,68.97,2024,2,February,Sunday,290.76,68.97,221.79,76.28
TXN_2311,2024-02-18 03:00:00,CUST_443,Electronics,2,550.64,270.81,2024,2,February,Sunday,1101.28,541.62,559.66,50.82
TXN_2313,2024-02-18 04:00:00,CUST_188,Electronics,1,152.52,266.8,2024,2,February,Sunday,152.52,266.8,-114.28,-74.93
TXN_2314,2024-02-18 04:30:00,CUST_312,Electronics,4,401.92,232.16,2024,2,February,Sunday,1607.68,928.64,679.04,42.24
TXN_2316,2024-02-18 05:30:00,CUST_164,Apparel,3,211.12,112.51,2024,2,February,Sunday,633.36,337.53,295.83,46.71
TXN_2317,2024-02-18 06:00:00,CUST_175,Home Goods,1,216.04,182.47,2024,2,February,Sunday,216.04,182.47,33.57,15.54
TXN_2318,2024-02-18 06:30:00,CUST_298,Electronics,5,247.95,113.68,2024,2,February,Sunday,1239.75,568.4,671.35,54.15
TXN_2320,2024-02-18 07:30:00,CUST_415,Home Goods,4,430.49,305.74,2024,2,February,Sunday,1721.96,1222.96,499.0,28.98
TXN_2321,2024-02-18 08:00:00,CUST_192,Home Goods,1,396.04,264.25,2024,2,February,Sunday,396.04,264.25,131.79,33.28
TXN_2322,2024-02-18 08:30:00,CUST_404,Home Goods,5,272.85,127.37,2024,2,February,Sunday,1364.25,636.85,727.4,53.32
TXN_2324,2024-02-18 09:30:00,CUST_390,Home Goods,4,228.55,223.36,2024,2,February,Sunday,914.2,893.44,20.76,2.27
TXN_2326,2024-02-18 10:30:00,CUST_366,Apparel,1,65.13,139.29,2024,2,February,Sunday,65.13,139.29,-74.16,-113.86
TXN_2327,2024-02-18 11:00:00,CUST_454,Electronics,5,171.9,108.77,2024,2,February,Sunday,859.5,543.85,315.65,36.72
TXN_2328,2024-02-18 11:30:00,CUST_209,Electronics,3,202.9,84.09,2024,2,February,Sunday,608.7,252.27,356.43,58.56
TXN_2330,2024-02-18 12:30:00,CUST_364,Electronics,4,467.67,330.4,2024,2,February,Sunday,1870.68,1321.6,549.08,29.35
TXN_2331,2024-02-18 13:00:00,CUST_102,Electronics,1,246.49,175.35,2024,2,February,Sunday,246.49,175.35,71.14,28.86
TXN_2332,2024-02-18 13:30:00,CUST_184,Electronics,5,567.68,298.22,2024,2,February,Sunday,2838.4,1491.1,1347.3,47.47
TXN_2333,2024-02-18 14:00:00,CUST_381,Electronics,3,499.0,82.83,2024,2,February,Sunday,1497.0,248.49,1248.51,83.4
TXN_2335,2024-02-18 15:00:00,CUST_403,Electronics,5,527.58,312.19,2024,2,February,Sunday,2637.9,1560.95,1076.95,40.83
TXN_2337,2024-02-18 16:00:00,CUST_320,Electronics,3,365.11,314.35,2024,2,February,Sunday,1095.33,943.05,152.28,13.9
TXN_2338,2024-02-18 16:30:00,CUST_253,Home Goods,1,90.77,31.43,2024,2,February,Sunday,90.77,31.43,59.34,65.37
TXN_2339,2024-02-18 17:00:00,CUST_252,Home Goods,5,437.6,321.59,2024,2,February,Sunday,2188.0,1607.95,580.05,26.51
TXN_2341,2024-02-18 18:00:00,CUST_232,Apparel,5,311.56,62.83,2024,2,February,Sunday,1557.8,314.15,1243.65,79.83
TXN_2342,2024-02-18 18:30:00,CUST_403,Electronics,2,420.57,242.35,2024,2,February,Sunday,841.14,484.7,356.44,42.38
TXN_2343,2024-02-18 19:00:00,CUST_392,Unknown,4,274.77,280.95,2024,2,February,Sunday,1099.08,1123.8,-24.72,-2.25
TXN_2344,2024-02-18 19:30:00,CUST_399,Home Goods,5,321.46,26.11,2024,2,February,Sunday,1607.3,130.55,1476.75,91.88
TXN_2346,2024-02-18 20:30:00,CUST_370,Apparel,3,434.66,246.99,2024,2,February,Sunday,1303.98,740.97,563.01,43.18
TXN_2347,2024-02-18 21:00:00,CUST_142,Electronics,4,527.82,119.28,2024,2,February,Sunday,2111.28,477.12,1634.16,77.4
TXN_2348,2024-02-18 21:30:00,CUST_442,Home Goods,1,506.89,61.44,2024,2,February,Sunday,506.89,61.44,445.45,87.88
TXN_2350,2024-02-18 22:30:00,CUST_401,Apparel,4,23.07,84.99,2024,2,February,Sunday,92.28,339.96,-247.68,-268.4
TXN_2351,2024-02-18 23:00:00,CUST_463,Electronics,2,548.45,178.01,2024,2,February,Sunday,1096.9,356.02,740.88,67.54
TXN_2352,2024-02-18 23:30:00,CUST_478,Home Goods,1,175.8,275.84,2024,2,February,Sunday,175.8,275.84,-100.04,-56.91
TXN_2353,2024-02-19 00:00:00,CUST_120,Electronics,5,534.46,234.44,2024,2,February,Monday,2672.3,1172.2,1500.1,56.14
TXN_2356,2024-02-19 01:30:00,CUST_402,Home Goods,1,453.4,335.43,2024,2,February,Monday,453.4,335.43,117.97,26.02
TXN_2358,2024-02-19 02:30:00,CUST_223,Electronics,1,258.31,104.46,2024,2,February,Monday,258.31,104.46,153.85,59.56
TXN_2359,2024-02-19 03:00:00,CUST_498,Electronics,2,411.99,229.47,2024,2,February,Monday,823.98,458.94,365.04,44.3
TXN_2360,2024-02-19 03:30:00,CUST_380,Home Goods,3,336.14,271.97,2024,2,February,Monday,1008.42,815.91,192.51,19.09
TXN_2361,2024-02-19 04:00:00,CUST_391,Unknown,1,176.31,344.61,2024,2,February,Monday,176.31,344.61,-168.3,-95.46
TXN_2363,2024-02-19 05:00:00,CUST_150,Apparel,3,134.48,320.68,2024,2,February,Monday,403.44,962.04,-558.6,-138.46
TXN_2364,2024-02-19 05:30:00,CUST_370,Home Goods,4,420.98,158.01,2024,2,February,Monday,1683.92,632.04,1051.88,62.47
TXN_2366,2024-02-19 06:30:00,CUST_376,Apparel,2,336.03,208.72,2024,2,February,Monday,672.06,417.44,254.62,37.89
TXN_2367,2024-02-19 07:00:00,CUST_240,Apparel,5,249.62,15.87,2024,2,February,Monday,1248.1,79.35,1168.75,93.64
TXN_2371,2024-02-19 09:00:00,CUST_480,Electronics,1,579.71,171.42,2024,2,February,Monday,579.71,171.42,408.29,70.43
TXN_2374,2024-02-19 10:30:00,CUST_126,Apparel,3,295.2,292.52,2024,2,February,Monday,885.6,877.56,8.04,0.91
TXN_2375,2024-02-19 11:00:00,CUST_256,Electronics,1,244.4,239.5,2024,2,February,Monday,244.4,239.5,4.9,2.0
TXN_2381,2024-02-19 14:00:00,CUST_205,Home Goods,2,174.02,296.19,2024,2,February,Monday,348.04,592.38,-244.34,-70.2
TXN_2382,2024-02-19 14:30:00,CUST_257,Home Goods,5,175.37,72.47,2024,2,February,Monday,876.85,362.35,514.5,58.68
TXN_2383,2024-02-19 15:00:00,CUST_245,Home Goods,4,51.19,308.78,2024,2,February,Monday,204.76,1235.12,-1030.36,-503.2
TXN_2384,2024-02-19 15:30:00,CUST_101,Apparel,4,374.08,188.93,2024,2,February,Monday,1496.32,755.72,740.6,49.49
TXN_2385,2024-02-19 16:00:00,CUST_176,Electronics,3,277.12,58.99,2024,2,February,Monday,831.36,176.97,654.39,78.71
TXN_2387,2024-02-19 17:00:00,CUST_189,Electronics,4,334.93,186.82,2024,2,February,Monday,1339.72,747.28,592.44,44.22
TXN_2388,2024-02-19 17:30:00,CUST_444,Electronics,3,482.32,19.58,2024,2,February,Monday,1446.96,58.74,1388.22,95.94
TXN_2389,2024-02-19 18:00:00,CUST_449,Apparel,5,454.34,145.74,2024,2,February,Monday,2271.7,728.7,1543.0,67.92
TXN_2391,2024-02-19 19:00:00,CUST_450,Unknown,1,307.05,198.84,2024,2,February,Monday,307.05,198.84,108.21,35.24
TXN_2392,2024-02-19 19:30:00,CUST_207,Apparel,2,222.02,105.89,2024,2,February,Monday,444.04,211.78,232.26,52.31
TXN_2393,2024-02-19 20:00:00,CUST_173,Apparel,5,561.06,325.74,2024,2,February,Monday,2805.3,1628.7,1176.6,41.94
TXN_2394,2024-02-19 20:30:00,CUST_138,Apparel,5,46.75,90.84,2024,2,February,Monday,233.75,454.2,-220.45,-94.31
TXN_2395,2024-02-19 21:00:00,CUST_496,Apparel,4,104.28,95.93,2024,2,February,Monday,417.12,383.72,33.4,8.01
TXN_2396,2024-02-19 21:30:00,CUST_258,Electronics,4,260.47,130.58,2024,2,February,Monday,1041.88,522.32,519.56,49.87
TXN_2397,2024-02-19 22:00:00,CUST_170,Apparel,2,374.17,314.14,2024,2,February,Monday,748.34,628.28,120.06,16.04
TXN_2398,2024-02-19 22:30:00,CUST_411,Apparel,1,19.8,182.59,2024,2,February,Monday,19.8,182.59,-162.79,-822.17
TXN_2399,2024-02-19 23:00:00,CUST_340,Apparel,5,435.8,241.94,2024,2,February,Monday,2179.0,1209.7,969.3,44.48
TXN_2401,2024-02-20 00:00:00,CUST_135,Electronics,4,298.55,276.32,2024,2,February,Tuesday,1194.2,1105.28,88.92,7.45
TXN_2402,2024-02-20 00:30:00,CUST_183,Electronics,5,262.74,68.68,2024,2,February,Tuesday,1313.7,343.4,970.3,73.86
TXN_2403,2024-02-20 01:00:00,CUST_473,Electronics,1,318.9,278.04,2024,2,February,Tuesday,318.9,278.04,40.86,12.81
TXN_2404,2024-02-20 01:30:00,CUST_362,Electronics,3,109.64,264.43,2024,2,February,Tuesday,328.92,793.29,-464.37,-141.18
TXN_2405,2024-02-20 02:00:00,CUST_409,Home Goods,1,78.6,89.09,2024,2,February,Tuesday,78.6,89.09,-10.49,-13.35
TXN_2406,2024-02-20 02:30:00,CUST_484,Home Goods,5,184.44,120.62,2024,2,February,Tuesday,922.2,603.1,319.1,34.6
TXN_2407,2024-02-20 03:00:00,CUST_271,Electronics,5,430.06,251.44,2024,2,February,Tuesday,2150.3,1257.2,893.1,41.53
TXN_2408,2024-02-20 03:30:00,CUST_475,Apparel,2,359.15,91.05,2024,2,February,Tuesday,718.3,182.1,536.2,74.65
TXN_2409,2024-02-20 04:00:00,CUST_272,Apparel,5,295.87,80.78,2024,2,February,Tuesday,1479.35,403.9,1075.45,72.7
TXN_2410,2024-02-20 04:30:00,CUST_461,Electronics,4,349.34,249.18,2024,2,February,Tuesday,1397.36,996.72,400.64,28.67
TXN_2412,2024-02-20 05:30:00,CUST_478,Unknown,2,194.62,35.51,2024,2,February,Tuesday,389.24,71.02,318.22,81.75
TXN_2413,2024-02-20 06:00:00,CUST_240,Apparel,5,72.01,161.61,2024,2,February,Tuesday,360.05,808.05,-448.0,-124.43
TXN_2414,2024-02-20 06:30:00,CUST_474,Unknown,1,539.62,216.44,2024,2,February,Tuesday,539.62,216.44,323.18,59.89
TXN_2415,2024-02-20 07:00:00,CUST_217,Electronics,5,365.95,239.93,2024,2,February,Tuesday,1829.75,1199.65,630.1,34.44
TXN_2416,2024-02-20 07:30:00,CUST_376,Apparel,1,423.18,348.71,2024,2,February,Tuesday,423.18,348.71,74.47,17.6
TXN_2417,2024-02-20 08:00:00,CUST_313,Electronics,1,286.44,242.12,2024,2,February,Tuesday,286.44,242.12,44.32,15.47
TXN_2418,2024-02-20 08:30:00,CUST_319,Electronics,5,457.54,220.85,2024,2,February,Tuesday,2287.7,1104.25,1183.45,51.73
TXN_2419,2024-02-20 09:00:00,CUST_492,Apparel,1,356.93,346.51,2024,2,February,Tuesday,356.93,346.51,10.42,2.92
TXN_2421,2024-02-20 10:00:00,CUST_108,Electronics,3,535.71,35.31,2024,2,February,Tuesday,1607.13,105.93,1501.2,93.41
TXN_2422,2024-02-20 10:30:00,CUST_370,Electronics,2,193.74,200.63,2024,2,February,Tuesday,387.48,401.26,-13.78,-3.56
TXN_2423,2024-02-20 11:00:00,CUST_109,Electronics,5,95.67,131.95,2024,2,February,Tuesday,478.35,659.75,-181.4,-37.92
TXN_2425,2024-02-20 12:00:00,CUST_220,Apparel,3,436.46,114.19,2024,2,February,Tuesday,1309.38,342.57,966.81,73.84
TXN_2426,2024-02-20 12:30:00,CUST_224,Electronics,1,426.82,239.28,2024,2,February,Tuesday,426.82,239.28,187.54,43.94
TXN_2427,2024-02-20 13:00:00,CUST_269,Electronics,1,424.59,309.41,2024,2,February,Tuesday,424.59,309.41,115.18,27.13
TXN_2428,2024-02-20 13:30:00,CUST_171,Electronics,2,550.72,42.07,2024,2,February,Tuesday,1101.44,84.14,1017.3,92.36
TXN_2429,2024-02-20 14:00:00,CUST_251,Apparel,3,219.13,193.65,2024,2,February,Tuesday,657.39,580.95,76.44,11.63
TXN_2430,2024-02-20 14:30:00,CUST_307,Electronics,3,343.26,110.68,2024,2,February,Tuesday,1029.78,332.04,697.74,67.76
TXN_2431,2024-02-20 15:00:00,CUST_148,Home Goods,5,377.4,236.89,2024,2,February,Tuesday,1887.0,1184.45,702.55,37.23
TXN_2432,2024-02-20 15:30:00,CUST_253,Electronics,1,588.0,196.81,2024,2,February,Tuesday,588.0,196.81,391.19,66.53
TXN_2434,2024-02-20 16:30:00,CUST_392,Home Goods,4,574.45,22.81,2024,2,February,Tuesday,2297.8,91.24,2206.56,96.03
TXN_2436,2024-02-20 17:30:00,CUST_149,Electronics,5,461.94,75.54,2024,2,February,Tuesday,2309.7,377.7,1932.0,83.65
TXN_2437,2024-02-20 18:00:00,CUST_251,Home Goods,5,385.24,192.51,2024,2,February,Tuesday,1926.2,962.55,963.65,50.03
TXN_2438,2024-02-20 18:30:00,CUST_118,Apparel,5,492.88,300.22,2024,2,February,Tuesday,2464.4,1501.1,963.3,39.09
TXN_2439,2024-02-20 19:00:00,CUST_199,Home Goods,2,31.78,319.85,2024,2,February,Tuesday,63.56,639.7,-576.14,-906.45
TXN_2440,2024-02-20 19:30:00,CUST_159,Apparel,2,60.71,145.4,2024,2,February,Tuesday,121.42,290.8,-169.38,-139.5
TXN_2441,2024-02-20 20:00:00,CUST_266,Apparel,5,55.77,286.01,2024,2,February,Tuesday,278.85,1430.05,-1151.2,-412.84
TXN_2443,2024-02-20 21:00:00,CUST_444,Electronics,4,367.72,12.14,2024,2,February,Tuesday,1470.88,48.56,1422.32,96.7
TXN_2444,2024-02-20 21:30:00,CUST_245,Apparel,3,545.07,300.78,2024,2,February,Tuesday,1635.21,902.34,732.87,44.82
TXN_2445,2024-02-20 22:00:00,CUST_263,Apparel,3,288.55,50.6,2024,2,February,Tuesday,865.65,151.8,713.85,82.46
TXN_2446,2024-02-20 22:30:00,CUST_341,Electronics,1,54.81,15.99,2024,2,February,Tuesday,54.81,15.99,38.82,70.83
TXN_2447,2024-02-20 23:00:00,CUST_168,Electronics,3,137.57,130.29,2024,2,February,Tuesday,412.71,390.87,21.84,5.29
TXN_2449,2024-02-21 00:00:00,CUST_148,Apparel,3,469.38,36.25,2024,2,February,Wednesday,1408.14,108.75,1299.39,92.28
TXN_2450,2024-02-21 00:30:00,CUST_207,Apparel,4,492.13,286.82,2024,2,February,Wednesday,1968.52,1147.28,821.24,41.72
TXN_2451,2024-02-21 01:00:00,CUST_325,Apparel,3,598.8,147.9,2024,2,February,Wednesday,1796.4,443.7,1352.7,75.3
TXN_2453,2024-02-21 02:00:00,CUST_218,Apparel,4,26.29,99.97,2024,2,February,Wednesday,105.16,399.88,-294.72,-280.26
TXN_2454,2024-02-21 02:30:00,CUST_248,Home Goods,2,152.32,183.91,2024,2,February,Wednesday,304.64,367.82,-63.18,-20.74
TXN_2455,2024-02-21 03:00:00,CUST_249,Electronics,4,358.84,270.69,2024,2,February,Wednesday,1435.36,1082.76,352.6,24.57
TXN_2456,2024-02-21 03:30:00,CUST_392,Apparel,2,577.74,318.1,2024,2,February,Wednesday,1155.48,636.2,519.28,44.94
TXN_2457,2024-02-21 04:00:00,CUST_242,Home Goods,4,75.59,339.98,2024,2,February,Wednesday,302.36,1359.92,-1057.56,-349.77
TXN_2458,2024-02-21 04:30:00,CUST_259,Home Goods,5,86.12,155.09,2024,2,February,Wednesday,430.6,775.45,-344.85,-80.09
TXN_2461,2024-02-21 06:00:00,CUST_177,Electronics,2,161.55,12.37,2024,2,February,Wednesday,323.1,24.74,298.36,92.34
TXN_2462,2024-02-21 06:30:00,CUST_176,Home Goods,2,490.69,270.99,2024,2,February,Wednesday,981.38,541.98,439.4,44.77
TXN_2463,2024-02-21 07:00:00,CUST_353,Electronics,3,90.34,70.67,2024,2,February,Wednesday,271.02,212.01,59.01,21.77
TXN_2464,2024-02-21 07:30:00,CUST_357,Electronics,2,556.56,27.83,2024,2,February,Wednesday,1113.12,55.66,1057.46,95.0
TXN_2465,2024-02-21 08:00:00,CUST_419,Electronics,4,132.6,324.16,2024,2,February,Wednesday,530.4,1296.64,-766.24,-144.46
TXN_2466,2024-02-21 08:30:00,CUST_390,Home Goods,5,62.59,279.22,2024,2,February,Wednesday,312.95,1396.1,-1083.15,-346.11
TXN_2467,2024-02-21 09:00:00,CUST_362,Apparel,5,213.62,44.91,2024,2,February,Wednesday,1068.1,224.55,843.55,78.98
TXN_2468,2024-02-21 09:30:00,CUST_184,Electronics,3,124.89,274.15,2024,2,February,Wednesday,374.67,822.45,-447.78,-119.51
TXN_2469,2024-02-21 10:00:00,CUST_245,Electronics,4,323.26,296.96,2024,2,February,Wednesday,1293.04,1187.84,105.2,8.14
TXN_2470,2024-02-21 10:30:00,CUST_422,Home Goods,4,416.81,317.8,2024,2,February,Wednesday,1667.24,1271.2,396.04,23.75
TXN_2471,2024-02-21 11:00:00,CUST_141,Home Goods,1,302.19,194.86,2024,2,February,Wednesday,302.19,194.86,107.33,35.52
TXN_2472,2024-02-21 11:30:00,CUST_473,Apparel,2,401.46,249.16,2024,2,February,Wednesday,802.92,498.32,304.6,37.94
TXN_2473,2024-02-21 12:00:00,CUST_224,Apparel,3,228.48,269.16,2024,2,February,Wednesday,685.44,807.48,-122.04,-17.8
TXN_2474,2024-02-21 12:30:00,CUST_266,Apparel,5,31.33,244.14,2024,2,February,Wednesday,156.65,1220.7,-1064.05,-679.25
TXN_2477,2024-02-21 14:00:00,CUST_287,Electronics,1,57.95,172.93,2024,2,February,Wednesday,57.95,172.93,-114.98,-198.41
TXN_2478,2024-02-21 14:30:00,CUST_401,Apparel,4,277.77,348.68,2024,2,February,Wednesday,1111.08,1394.72,-283.64,-25.53
TXN_2479,2024-02-21 15:00:00,CUST_118,Electronics,2,386.49,124.77,2024,2,February,Wednesday,772.98,249.54,523.44,67.72
TXN_2480,2024-02-21 15:30:00,CUST_167,Apparel,5,126.5,40.01,2024,2,February,Wednesday,632.5,200.05,432.45,68.37
TXN_2482,2024-02-21 16:30:00,CUST_201,Apparel,1,327.18,82.7,2024,2,February,Wednesday,327.18,82.7,244.48,74.72
TXN_2483,2024-02-21 17:00:00,CUST_141,Electronics,4,136.84,191.12,2024,2,February,Wednesday,547.36,764.48,-217.12,-39.67
TXN_2484,2024-02-21 17:30:00,CUST_387,Apparel,5,97.61,42.57,2024,2,February,Wednesday,488.05,212.85,275.2,56.39
TXN_2485,2024-02-21 18:00:00,CUST_266,Electronics,5,458.99,220.56,2024,2,February,Wednesday,2294.95,1102.8,1192.15,51.95
TXN_2486,2024-02-21 18:30:00,CUST_208,Electronics,4,203.71,330.96,2024,2,February,Wednesday,814.84,1323.84,-509.0,-62.47
TXN_2487,2024-02-21 19:00:00,CUST_135,Electronics,4,157.76,255.72,2024,2,February,Wednesday,631.04,1022.88,-391.84,-62.09
TXN_2488,2024-02-21 19:30:00,CUST_331,Home Goods,3,446.66,82.94,2024,2,February,Wednesday,1339.98,248.82,1091.16,81.43
TXN_2489,2024-02-21 20:00:00,CUST_328,Apparel,5,445.6,340.19,2024,2,February,Wednesday,2228.0,1700.95,527.05,23.66
TXN_2490,2024-02-21 20:30:00,CUST_452,Apparel,4,176.69,114.41,2024,2,February,Wednesday,706.76,457.64,249.12,35.25
TXN_2496,2024-02-21 23:30:00,CUST_478,Apparel,1,138.78,133.06,2024,2,February,Wednesday,138.78,133.06,5.72,4.12
TXN_2498,2024-02-22 00:30:00,CUST_295,Home Goods,2,397.33,327.91,2024,2,February,Thursday,794.66,655.82,138.84,17.47
TXN_2501,2024-02-22 02:00:00,CUST_415,Electronics,3,334.53,91.73,2024,2,February,Thursday,1003.59,275.19,728.4,72.58
TXN_2502,2024-02-22 02:30:00,CUST_229,Apparel,4,131.55,268.92,2024,2,February,Thursday,526.2,1075.68,-549.48,-104.42
TXN_2503,2024-02-22 03:00:00,CUST_104,Electronics,2,254.97,291.68,2024,2,February,Thursday,509.94,583.36,-73.42,-14.4
TXN_2504,2024-02-22 03:30:00,CUST_126,Electronics,3,326.21,156.48,2024,2,February,Thursday,978.63,469.44,509.19,52.03
TXN_2505,2024-02-22 04:00:00,CUST_259,Home Goods,5,471.34,204.47,2024,2,February,Thursday,2356.7,1022.35,1334.35,56.62
TXN_2506,2024-02-22 04:30:00,CUST_248,Electronics,2,397.53,340.44,2024,2,February,Thursday,795.06,680.88,114.18,14.36
TXN_2508,2024-02-22 05:30:00,CUST_329,Apparel,3,585.02,161.25,2024,2,February,Thursday,1755.06,483.75,1271.31,72.44
TXN_2509,2024-02-22 06:00:00,CUST_299,Home Goods,4,78.06,235.96,2024,2,February,Thursday,312.24,943.84,-631.6,-202.28
TXN_2510,2024-02-22 06:30:00,CUST_149,Electronics,4,135.98,276.64,2024,2,February,Thursday,543.92,1106.56,-562.64,-103.44
TXN_2512,2024-02-22 07:30:00,CUST_399,Apparel,3,148.71,210.04,2024,2,February,Thursday,446.13,630.12,-183.99,-41.24
TXN_2513,2024-02-22 08:00:00,CUST_480,Electronics,5,380.88,344.74,2024,2,February,Thursday,1904.4,1723.7,180.7,9.49
TXN_2516,2024-02-22 09:30:00,CUST_441,Electronics,3,186.61,46.11,2024,2,February,Thursday,559.83,138.33,421.5,75.29
TXN_2517,2024-02-22 10:00:00,CUST_425,Electronics,1,414.76,347.97,2024,2,February,Thursday,414.76,347.97,66.79,16.1
TXN_2518,2024-02-22 10:30:00,CUST_229,Home Goods,3,527.38,217.24,2024,2,February,Thursday,1582.14,651.72,930.42,58.81
TXN_2519,2024-02-22 11:00:00,CUST_314,Electronics,3,482.12,85.79,2024,2,February,Thursday,1446.36,257.37,1188.99,82.21
TXN_2521,2024-02-22 12:00:00,CUST_357,Apparel,4,345.76,301.22,2024,2,February,Thursday,1383.04,1204.88,178.16,12.88
TXN_2523,2024-02-22 13:00:00,CUST_308,Electronics,5,196.66,321.59,2024,2,February,Thursday,983.3,1607.95,-624.65,-63.53
TXN_2525,2024-02-22 14:00:00,CUST_453,Apparel,3,282.15,14.58,2024,2,February,Thursday,846.45,43.74,802.71,94.83
TXN_2526,2024-02-22 14:30:00,CUST_385,Home Goods,2,102.72,316.11,2024,2,February,Thursday,205.44,632.22,-426.78,-207.74
TXN_2527,2024-02-22 15:00:00,CUST_215,Home Goods,4,271.55,331.92,2024,2,February,Thursday,1086.2,1327.68,-241.48,-22.23
TXN_2528,2024-02-22 15:30:00,CUST_363,Apparel,4,130.85,22.82,2024,2,February,Thursday,523.4,91.28,432.12,82.56
TXN_2529,2024-02-22 16:00:00,CUST_249,Electronics,3,245.02,110.02,2024,2,February,Thursday,735.06,330.06,405.0,55.1
TXN_2531,2024-02-22 17:00:00,CUST_135,Electronics,2,219.49,128.62,2024,2,February,Thursday,438.98,257.24,181.74,41.4
TXN_2532,2024-02-22 17:30:00,CUST_432,Apparel,3,563.13,268.06,2024,2,February,Thursday,1689.39,804.18,885.21,52.4
TXN_2533,2024-02-22 18:00:00,CUST_386,Apparel,2,344.08,131.76,2024,2,February,Thursday,688.16,263.52,424.64,61.71
TXN_2534,2024-02-22 18:30:00,CUST_402,Unknown,4,508.09,335.24,2024,2,February,Thursday,2032.36,1340.96,691.4,34.02
TXN_2535,2024-02-22 19:00:00,CUST_410,Electronics,2,460.03,348.3,2024,2,February,Thursday,920.06,696.6,223.46,24.29
TXN_2537,2024-02-22 20:00:00,CUST_205,Apparel,3,305.68,182.99,2024,2,February,Thursday,917.04,548.97,368.07,40.14
TXN_2538,2024-02-22 20:30:00,CUST_257,Apparel,1,16.27,199.62,2024,2,February,Thursday,16.27,199.62,-183.35,-1126.92
TXN_2539,2024-02-22 21:00:00,CUST_220,Home Goods,1,373.88,207.0,2024,2,February,Thursday,373.88,207.0,166.88,44.63
TXN_2540,2024-02-22 21:30:00,CUST_154,Electronics,2,223.24,137.23,2024,2,February,Thursday,446.48,274.46,172.02,38.53
TXN_2542,2024-02-22 22:30:00,CUST_111,Apparel,3,275.11,28.55,2024,2,February,Thursday,825.33,85.65,739.68,89.62
TXN_2543,2024-02-22 23:00:00,CUST_244,Electronics,5,445.3,46.16,2024,2,February,Thursday,2226.5,230.8,1995.7,89.63
TXN_2544,2024-02-22 23:30:00,CUST_499,Home Goods,1,577.58,316.44,2024,2,February,Thursday,577.58,316.44,261.14,45.21
TXN_2545,2024-02-23 00:00:00,CUST_495,Apparel,4,233.85,105.33,2024,2,February,Friday,935.4,421.32,514.08,54.96
TXN_2547,2024-02-23 01:00:00,CUST_102,Apparel,3,512.98,222.0,2024,2,February,Friday,1538.94,666.0,872.94,56.72
TXN_2548,2024-02-23 01:30:00,CUST_243,Home Goods,3,210.39,35.6,2024,2,February,Friday,631.17,106.8,524.37,83.08
TXN_2550,2024-02-23 02:30:00,CUST_336,Home Goods,1,179.9,221.33,2024,2,February,Friday,179.9,221.33,-41.43,-23.03
TXN_2553,2024-02-23 04:00:00,CUST_214,Electronics,5,207.59,166.56,2024,2,February,Friday,1037.95,832.8,205.15,19.76
TXN_2555,2024-02-23 05:00:00,CUST_217,Electronics,4,510.56,195.87,2024,2,February,Friday,2042.24,783.48,1258.76,61.64
TXN_2556,2024-02-23 05:30:00,CUST_104,Electronics,5,563.56,260.87,2024,2,February,Friday,2817.8,1304.35,1513.45,53.71
TXN_2557,2024-02-23 06:00:00,CUST_459,Unknown,4,264.1,106.15,2024,2,February,Friday,1056.4,424.6,631.8,59.81
TXN_2558,2024-02-23 06:30:00,CUST_347,Electronics,1,560.19,157.15,2024,2,February,Friday,560.19,157.15,403.04,71.95
TXN_2559,2024-02-23 07:00:00,CUST_463,Home Goods,3,109.45,279.53,2024,2,February,Friday,328.35,838.59,-510.24,-155.4
TXN_2560,2024-02-23 07:30:00,CUST_420,Unknown,4,106.76,323.67,2024,2,February,Friday,427.04,1294.68,-867.64,-203.18
TXN_2561,2024-02-23 08:00:00,CUST_220,Electronics,3,570.31,313.05,2024,2,February,Friday,1710.93,939.15,771.78,45.11
TXN_2562,2024-02-23 08:30:00,CUST_385,Apparel,2,313.16,172.39,2024,2,February,Friday,626.32,344.78,281.54,44.95
TXN_2563,2024-02-23 09:00:00,CUST_248,Electronics,2,123.76,187.09,2024,2,February,Friday,247.52,374.18,-126.66,-51.17
TXN_2564,2024-02-23 09:30:00,CUST_183,Electronics,1,300.47,189.9,2024,2,February,Friday,300.47,189.9,110.57,36.8
TXN_2565,2024-02-23 10:00:00,CUST_330,Apparel,1,473.18,305.36,2024,2,February,Friday,473.18,305.36,167.82,35.47
TXN_2567,2024-02-23 11:00:00,CUST_260,Electronics,1,520.42,115.92,2024,2,February,Friday,520.42,115.92,404.5,77.73
TXN_2568,2024-02-23 11:30:00,CUST_371,Apparel,2,348.2,65.37,2024,2,February,Friday,696.4,130.74,565.66,81.23
TXN_2569,2024-02-23 12:00:00,CUST_137,Apparel,4,522.16,138.85,2024,2,February,Friday,2088.64,555.4,1533.24,73.41
TXN_2573,2024-02-23 14:00:00,CUST_250,Apparel,5,263.88,71.61,2024,2,February,Friday,1319.4,358.05,961.35,72.86
TXN_2575,2024-02-23 15:00:00,CUST_336,Home Goods,1,219.85,39.4,2024,2,February,Friday,219.85,39.4,180.45,82.08
TXN_2577,2024-02-23 16:00:00,CUST_460,Electronics,5,127.51,159.3,2024,2,February,Friday,637.55,796.5,-158.95,-24.93
TXN_2578,2024-02-23 16:30:00,CUST_440,Apparel,5,101.81,212.34,2024,2,February,Friday,509.05,1061.7,-552.65,-108.56
TXN_2579,2024-02-23 17:00:00,CUST_357,Electronics,2,186.45,121.41,2024,2,February,Friday,372.9,242.82,130.08,34.88
TXN_2581,2024-02-23 18:00:00,CUST_430,Apparel,4,449.9,77.6,2024,2,February,Friday,1799.6,310.4,1489.2,82.75
TXN_2582,2024-02-23 18:30:00,CUST_422,Electronics,2,166.35,205.25,2024,2,February,Friday,332.7,410.5,-77.8,-23.38
TXN_2583,2024-02-23 19:00:00,CUST_279,Apparel,1,87.68,148.66,2024,2,February,Friday,87.68,148.66,-60.98,-69.55
TXN_2584,2024-02-23 19:30:00,CUST_289,Unknown,2,423.99,298.75,2024,2,February,Friday,847.98,597.5,250.48,29.54
TXN_2585,2024-02-23 20:00:00,CUST_253,Electronics,2,508.11,151.35,2024,2,February,Friday,1016.22,302.7,713.52,70.21
TXN_2586,2024-02-23 20:30:00,CUST_295,Home Goods,2,26.63,160.9,2024,2,February,Friday,53.26,321.8,-268.54,-504.21
TXN_2587,2024-02-23 21:00:00,CUST_410,Apparel,1,151.66,211.34,2024,2,February,Friday,151.66,211.34,-59.68,-39.35
TXN_2588,2024-02-23 21:30:00,CUST_361,Apparel,1,567.96,51.88,2024,2,February,Friday,567.96,51.88,516.08,90.87
TXN_2589,2024-02-23 22:00:00,CUST_242,Home Goods,2,240.37,63.31,2024,2,February,Friday,480.74,126.62,354.12,73.66
TXN_2590,2024-02-23 22:30:00,CUST_441,Electronics,2,564.08,278.68,2024,2,February,Friday,1128.16,557.36,570.8,50.6
TXN_2591,2024-02-23 23:00:00,CUST_415,Apparel,5,175.41,102.96,2024,2,February,Friday,877.05,514.8,362.25,41.3
TXN_2592,2024-02-23 23:30:00,CUST_200,Apparel,4,142.57,242.8,2024,2,February,Friday,570.28,971.2,-400.92,-70.3
TXN_2593,2024-02-24 00:00:00,CUST_343,Electronics,5,140.25,43.13,2024,2,February,Saturday,701.25,215.65,485.6,69.25
TXN_2595,2024-02-24 01:00:00,CUST_338,Home Goods,4,539.41,346.0,2024,2,February,Saturday,2157.64,1384.0,773.64,35.86
TXN_2597,2024-02-24 02:00:00,CUST_141,Electronics,4,573.39,181.88,2024,2,February,Saturday,2293.56,727.52,1566.04,68.28
TXN_2598,2024-02-24 02:30:00,CUST_265,Apparel,2,513.44,160.52,2024,2,February,Saturday,1026.88,321.04,705.84,68.74
TXN_2599,2024-02-24 03:00:00,CUST_181,Electronics,5,510.43,314.02,2024,2,February,Saturday,2552.15,1570.1,982.05,38.48
TXN_2600,2024-02-24 03:30:00,CUST_390,Apparel,4,401.73,13.38,2024,2,February,Saturday,1606.92,53.52,1553.4,96.67
TXN_2602,2024-02-24 04:30:00,CUST_315,Apparel,4,136.88,231.81,2024,2,February,Saturday,547.52,927.24,-379.72,-69.35
TXN_2603,2024-02-24 05:00:00,CUST_257,Electronics,1,241.93,140.01,2024,2,February,Saturday,241.93,140.01,101.92,42.13
TXN_2604,2024-02-24 05:30:00,CUST_233,Electronics,4,389.89,84.57,2024,2,February,Saturday,1559.56,338.28,1221.28,78.31
TXN_2606,2024-02-24 06:30:00,CUST_435,Apparel,2,401.37,282.16,2024,2,February,Saturday,802.74,564.32,238.42,29.7
TXN_2607,2024-02-24 07:00:00,CUST_106,Unknown,3,505.83,32.48,2024,2,February,Saturday,1517.49,97.44,1420.05,93.58
TXN_2608,2024-02-24 07:30:00,CUST_113,Home Goods,1,292.26,201.7,2024,2,February,Saturday,292.26,201.7,90.56,30.99
TXN_2609,2024-02-24 08:00:00,CUST_172,Electronics,3,434.62,114.33,2024,2,February,Saturday,1303.86,342.99,960.87,73.69
TXN_2610,2024-02-24 08:30:00,CUST_498,Electronics,2,588.29,100.18,2024,2,February,Saturday,1176.58,200.36,976.22,82.97
TXN_2612,2024-02-24 09:30:00,CUST_165,Home Goods,3,557.25,315.27,2024,2,February,Saturday,1671.75,945.81,725.94,43.42
TXN_2613,2024-02-24 10:00:00,CUST_446,Home Goods,4,320.58,220.15,2024,2,February,Saturday,1282.32,880.6,401.72,31.33
TXN_2614,2024-02-24 10:30:00,CUST_229,Electronics,3,391.28,278.13,2024,2,February,Saturday,1173.84,834.39,339.45,28.92
TXN_2615,2024-02-24 11:00:00,CUST_305,Unknown,5,528.55,214.23,2024,2,February,Saturday,2642.75,1071.15,1571.6,59.47
TXN_2616,2024-02-24 11:30:00,CUST_375,Electronics,2,254.65,247.22,2024,2,February,Saturday,509.3,494.44,14.86,2.92
TXN_2617,2024-02-24 12:00:00,CUST_355,Apparel,5,259.94,157.02,2024,2,February,Saturday,1299.7,785.1,514.6,39.59
TXN_2618,2024-02-24 12:30:00,CUST_365,Home Goods,3,323.4,324.83,2024,2,February,Saturday,970.2,974.49,-4.29,-0.44
TXN_2620,2024-02-24 13:30:00,CUST_380,Home Goods,5,305.55,197.6,2024,2,February,Saturday,1527.75,988.0,539.75,35.33
TXN_2621,2024-02-24 14:00:00,CUST_352,Electronics,1,185.29,188.49,2024,2,February,Saturday,185.29,188.49,-3.2,-1.73
TXN_2622,2024-02-24 14:30:00,CUST_409,Unknown,3,557.85,117.5,2024,2,February,Saturday,1673.55,352.5,1321.05,78.94
TXN_2624,2024-02-24 15:30:00,CUST_263,Unknown,5,283.7,35.1,2024,2,February,Saturday,1418.5,175.5,1243.0,87.63
TXN_2625,2024-02-24 16:00:00,CUST_194,Electronics,4,569.27,254.18,2024,2,February,Saturday,2277.08,1016.72,1260.36,55.35
TXN_2626,2024-02-24 16:30:00,CUST_369,Apparel,3,542.11,108.35,2024,2,February,Saturday,1626.33,325.05,1301.28,80.01
TXN_2630,2024-02-24 18:30:00,CUST_409,Apparel,1,229.67,43.01,2024,2,February,Saturday,229.67,43.01,186.66,81.27
TXN_2631,2024-02-24 19:00:00,CUST_337,Electronics,4,67.73,281.87,2024,2,February,Saturday,270.92,1127.48,-856.56,-316.17
TXN_2632,2024-02-24 19:30:00,CUST_480,Apparel,3,474.87,97.08,2024,2,February,Saturday,1424.61,291.24,1133.37,79.56
TXN_2634,2024-02-24 20:30:00,CUST_489,Unknown,4,405.65,183.39,2024,2,February,Saturday,1622.6,733.56,889.04,54.79
TXN_2635,2024-02-24 21:00:00,CUST_124,Electronics,3,224.19,90.95,2024,2,February,Saturday,672.57,272.85,399.72,59.43
TXN_2636,2024-02-24 21:30:00,CUST_240,Electronics,3,286.63,49.36,2024,2,February,Saturday,859.89,148.08,711.81,82.78
TXN_2637,2024-02-24 22:00:00,CUST_216,Electronics,2,339.68,81.83,2024,2,February,Saturday,679.36,163.66,515.7,75.91
TXN_2638,2024-02-24 22:30:00,CUST_491,Apparel,5,484.08,43.09,2024,2,February,Saturday,2420.4,215.45,2204.95,91.1
TXN_2639,2024-02-24 23:00:00,CUST_124,Electronics,3,138.53,103.71,2024,2,February,Saturday,415.59,311.13,104.46,25.14
TXN_2640,2024-02-24 23:30:00,CUST_178,Apparel,1,248.28,349.08,2024,2,February,Saturday,248.28,349.08,-100.8,-40.6
TXN_2642,2024-02-25 00:30:00,CUST_272,Apparel,5,59.32,303.72,2024,2,February,Sunday,296.6,1518.6,-1222.0,-412.0
TXN_2643,2024-02-25 01:00:00,CUST_111,Apparel,2,368.73,196.72,2024,2,February,Sunday,737.46,393.44,344.02,46.65
TXN_2644,2024-02-25 01:30:00,CUST_387,Electronics,5,125.62,236.64,2024,2,February,Sunday,628.1,1183.2,-555.1,-88.38
TXN_2645,2024-02-25 02:00:00,CUST_227,Apparel,5,49.98,63.16,2024,2,February,Sunday,249.9,315.8,-65.9,-26.37
TXN_2646,2024-02-25 02:30:00,CUST_195,Electronics,3,539.8,103.43,2024,2,February,Sunday,1619.4,310.29,1309.11,80.84
TXN_2647,2024-02-25 03:00:00,CUST_191,Home Goods,1,327.57,183.55,2024,2,February,Sunday,327.57,183.55,144.02,43.97
TXN_2648,2024-02-25 03:30:00,CUST_240,Electronics,3,93.76,309.59,2024,2,February,Sunday,281.28,928.77,-647.49,-230.19
TXN_2650,2024-02-25 04:30:00,CUST_433,Electronics,1,85.12,182.35,2024,2,February,Sunday,85.12,182.35,-97.23,-114.23
TXN_2652,2024-02-25 05:30:00,CUST_245,Electronics,1,406.05,165.32,2024,2,February,Sunday,406.05,165.32,240.73,59.29
TXN_2653,2024-02-25 06:00:00,CUST_415,Apparel,4,390.15,223.82,2024,2,February,Sunday,1560.6,895.28,665.32,42.63
TXN_2654,2024-02-25 06:30:00,CUST_489,Electronics,3,99.49,263.21,2024,2,February,Sunday,298.47,789.63,-491.16,-164.56
TXN_2656,2024-02-25 07:30:00,CUST_448,Home Goods,2,251.85,66.64,2024,2,February,Sunday,503.7,133.28,370.42,73.54
TXN_2658,2024-02-25 08:30:00,CUST_353,Apparel,5,483.84,349.33,2024,2,February,Sunday,2419.2,1746.65,672.55,27.8
TXN_2659,2024-02-25 09:00:00,CUST_229,Home Goods,4,209.51,131.06,2024,2,February,Sunday,838.04,524.24,313.8,37.44
TXN_2661,2024-02-25 10:00:00,CUST_250,Apparel,2,525.97,157.03,2024,2,February,Sunday,1051.94,314.06,737.88,70.14
TXN_2664,2024-02-25 11:30:00,CUST_365,Electronics,3,428.36,96.05,2024,2,February,Sunday,1285.08,288.15,996.93,77.58
TXN_2665,2024-02-25 12:00:00,CUST_444,Home Goods,1,414.88,249.25,2024,2,February,Sunday,414.88,249.25,165.63,39.92
TXN_2667,2024-02-25 13:00:00,CUST_481,Electronics,3,122.56,218.01,2024,2,February,Sunday,367.68,654.03,-286.35,-77.88
TXN_2669,2024-02-25 14:00:00,CUST_277,Electronics,3,88.64,312.59,2024,2,February,Sunday,265.92,937.77,-671.85,-252.65
TXN_2670,2024-02-25 14:30:00,CUST_352,Electronics,4,331.51,92.91,2024,2,February,Sunday,1326.04,371.64,954.4,71.97
TXN_2672,2024-02-25 15:30:00,CUST_182,Home Goods,2,418.03,281.33,2024,2,February,Sunday,836.06,562.66,273.4,32.7
TXN_2675,2024-02-25 17:00:00,CUST_248,Home Goods,4,268.05,342.49,2024,2,February,Sunday,1072.2,1369.96,-297.76,-27.77
TXN_2676,2024-02-25 17:30:00,CUST_428,Electronics,2,575.54,104.67,2024,2,February,Sunday,1151.08,209.34,941.74,81.81
TXN_2677,2024-02-25 18:00:00,CUST_255,Electronics,4,536.15,332.55,2024,2,February,Sunday,2144.6,1330.2,814.4,37.97
TXN_2678,2024-02-25 18:30:00,CUST_289,Home Goods,5,596.5,63.12,2024,2,February,Sunday,2982.5,315.6,2666.9,89.42
TXN_2679,2024-02-25 19:00:00,CUST_470,Electronics,1,258.85,142.34,2024,2,February,Sunday,258.85,142.34,116.51,45.01
TXN_2680,2024-02-25 19:30:00,CUST_362,Apparel,1,42.24,57.09,2024,2,February,Sunday,42.24,57.09,-14.85,-35.16
TXN_2681,2024-02-25 20:00:00,CUST_179,Apparel,1,193.98,10.76,2024,2,February,Sunday,193.98,10.76,183.22,94.45
TXN_2682,2024-02-25 20:30:00,CUST_499,Electronics,5,410.33,98.49,2024,2,February,Sunday,2051.65,492.45,1559.2,76.0
TXN_2685,2024-02-25 22:00:00,CUST_359,Apparel,5,47.86,268.96,2024,2,February,Sunday,239.3,1344.8,-1105.5,-461.97
TXN_2686,2024-02-25 22:30:00,CUST_359,Unknown,1,292.86,11.26,2024,2,February,Sunday,292.86,11.26,281.6,96.16
TXN_2687,2024-02-25 23:00:00,CUST_202,Apparel,1,137.22,86.04,2024,2,February,Sunday,137.22,86.04,51.18,37.3
TXN_2688,2024-02-25 23:30:00,CUST_139,Electronics,2,68.38,237.84,2024,2,February,Sunday,136.76,475.68,-338.92,-247.82
TXN_2689,2024-02-26 00:00:00,CUST_372,Apparel,2,255.56,145.51,2024,2,February,Monday,511.12,291.02,220.1,43.06
TXN_2690,2024-02-26 00:30:00,CUST_200,Home Goods,3,220.47,292.83,2024,2,February,Monday,661.41,878.49,-217.08,-32.82
TXN_2694,2024-02-26 02:30:00,CUST_320,Electronics,4,477.81,226.98,2024,2,February,Monday,1911.24,907.92,1003.32,52.5
TXN_2695,2024-02-26 03:00:00,CUST_407,Home Goods,2,30.38,88.23,2024,2,February,Monday,60.76,176.46,-115.7,-190.42
TXN_2696,2024-02-26 03:30:00,CUST_223,Home Goods,2,274.21,136.92,2024,2,February,Monday,548.42,273.84,274.58,50.07
TXN_2697,2024-02-26 04:00:00,CUST_330,Electronics,2,358.65,27.21,2024,2,February,Monday,717.3,54.42,662.88,92.41
TXN_2698,2024-02-26 04:30:00,CUST_277,Electronics,2,574.84,209.8,2024,2,February,Monday,1149.68,419.6,730.08,63.5
TXN_2699,2024-02-26 05:00:00,CUST_162,Unknown,5,350.74,166.15,2024,2,February,Monday,1753.7,830.75,922.95,52.63
TXN_2700,2024-02-26 05:30:00,CUST_215,Home Goods,3,107.87,268.64,2024,2,February,Monday,323.61,805.92,-482.31,-149.04
TXN_2701,2024-02-26 06:00:00,CUST_290,Home Goods,2,317.76,80.17,2024,2,February,Monday,635.52,160.34,475.18,74.77
TXN_2703,2024-02-26 07:00:00,CUST_355,Apparel,4,295.42,71.45,2024,2,February,Monday,1181.68,285.8,895.88,75.81
TXN_2705,2024-02-26 08:00:00,CUST_254,Apparel,2,307.98,298.33,2024,2,February,Monday,615.96,596.66,19.3,3.13
TXN_2706,2024-02-26 08:30:00,CUST_191,Electronics,5,102.77,270.25,2024,2,February,Monday,513.85,1351.25,-837.4,-162.97
TXN_2709,2024-02-26 10:00:00,CUST_185,Apparel,1,60.94,272.49,2024,2,February,Monday,60.94,272.49,-211.55,-347.14
TXN_2710,2024-02-26 10:30:00,CUST_232,Apparel,1,535.42,107.51,2024,2,February,Monday,535.42,107.51,427.91,79.92
TXN_2712,2024-02-26 11:30:00,CUST_485,Electronics,3,199.92,162.17,2024,2,February,Monday,599.76,486.51,113.25,18.88
TXN_2713,2024-02-26 12:00:00,CUST_161,Electronics,1,41.7,347.92,2024,2,February,Monday,41.7,347.92,-306.22,-734.34
TXN_2714,2024-02-26 12:30:00,CUST_318,Electronics,2,384.85,150.31,2024,2,February,Monday,769.7,300.62,469.08,60.94
TXN_2716,2024-02-26 13:30:00,CUST_329,Unknown,5,545.96,331.08,2024,2,February,Monday,2729.8,1655.4,1074.4,39.36
TXN_2717,2024-02-26 14:00:00,CUST_178,Electronics,3,35.4,141.21,2024,2,February,Monday,106.2,423.63,-317.43,-298.9
TXN_2719,2024-02-26 15:00:00,CUST_237,Apparel,2,570.34,277.97,2024,2,February,Monday,1140.68,555.94,584.74,51.26
TXN_2720,2024-02-26 15:30:00,CUST_413,Apparel,1,579.45,296.67,2024,2,February,Monday,579.45,296.67,282.78,48.8
TXN_2721,2024-02-26 16:00:00,CUST_475,Electronics,4,31.23,289.24,2024,2,February,Monday,124.92,1156.96,-1032.04,-826.16
TXN_2722,2024-02-26 16:30:00,CUST_488,Home Goods,2,433.88,294.32,2024,2,February,Monday,867.76,588.64,279.12,32.17
TXN_2723,2024-02-26 17:00:00,CUST_164,Home Goods,4,144.57,237.0,2024,2,February,Monday,578.28,948.0,-369.72,-63.93
TXN_2725,2024-02-26 18:00:00,CUST_312,Electronics,4,523.21,236.88,2024,2,February,Monday,2092.84,947.52,1145.32,54.73
TXN_2727,2024-02-26 19:00:00,CUST_312,Home Goods,3,154.68,129.22,2024,2,February,Monday,464.04,387.66,76.38,16.46
TXN_2728,2024-02-26 19:30:00,CUST_280,Apparel,5,29.09,110.81,2024,2,February,Monday,145.45,554.05,-408.6,-280.92
TXN_2729,2024-02-26 20:00:00,CUST_437,Electronics,1,40.64,126.86,2024,2,February,Monday,40.64,126.86,-86.22,-212.16
TXN_2730,2024-02-26 20:30:00,CUST_272,Apparel,1,32.33,197.44,2024,2,February,Monday,32.33,197.44,-165.11,-510.7
TXN_2731,2024-02-26 21:00:00,CUST_259,Apparel,2,483.4,27.83,2024,2,February,Monday,966.8,55.66,911.14,94.24
TXN_2733,2024-02-26 22:00:00,CUST_287,Apparel,1,303.53,57.21,2024,2,February,Monday,303.53,57.21,246.32,81.15
TXN_2734,2024-02-26 22:30:00,CUST_494,Apparel,3,475.89,55.17,2024,2,February,Monday,1427.67,165.51,1262.16,88.41
TXN_2735,2024-02-26 23:00:00,CUST_290,Electronics,1,304.54,77.2,2024,2,February,Monday,304.54,77.2,227.34,74.65
TXN_2736,2024-02-26 23:30:00,CUST_407,Home Goods,2,266.08,206.16,2024,2,February,Monday,532.16,412.32,119.84,22.52
TXN_2737,2024-02-27 00:00:00,CUST_355,Home Goods,1,21.77,107.09,2024,2,February,Tuesday,21.77,107.09,-85.32,-391.92
TXN_2738,2024-02-27 00:30:00,CUST_282,Electronics,5,347.3,135.15,2024,2,February,Tuesday,1736.5,675.75,1060.75,61.09
TXN_2740,2024-02-27 01:30:00,CUST_381,Electronics,4,462.32,298.05,2024,2,February,Tuesday,1849.28,1192.2,657.08,35.53
TXN_2741,2024-02-27 02:00:00,CUST_295,Home Goods,4,165.78,299.74,2024,2,February,Tuesday,663.12,1198.96,-535.84,-80.81
TXN_2743,2024-02-27 03:00:00,CUST_151,Electronics,4,393.04,304.6,2024,2,February,Tuesday,1572.16,1218.4,353.76,22.5
TXN_2744,2024-02-27 03:30:00,CUST_211,Apparel,5,375.76,274.71,2024,2,February,Tuesday,1878.8,1373.55,505.25,26.89
TXN_2745,2024-02-27 04:00:00,CUST_351,Apparel,3,171.17,334.1,2024,2,February,Tuesday,513.51,1002.3,-488.79,-95.19
TXN_2746,2024-02-27 04:30:00,CUST_181,Home Goods,2,171.25,31.89,2024,2,February,Tuesday,342.5,63.78,278.72,81.38
TXN_2747,2024-02-27 05:00:00,CUST_331,Electronics,5,519.88,19.77,2024,2,February,Tuesday,2599.4,98.85,2500.55,96.2
TXN_2748,2024-02-27 05:30:00,CUST_326,Electronics,2,22.49,69.51,2024,2,February,Tuesday,44.98,139.02,-94.04,-209.07
TXN_2749,2024-02-27 06:00:00,CUST_332,Apparel,3,121.19,325.89,2024,2,February,Tuesday,363.57,977.67,-614.1,-168.91
TXN_2750,2024-02-27 06:30:00,CUST_320,Apparel,5,371.95,215.89,2024,2,February,Tuesday,1859.75,1079.45,780.3,41.96
TXN_2751,2024-02-27 07:00:00,CUST_141,Electronics,1,492.97,154.88,2024,2,February,Tuesday,492.97,154.88,338.09,68.58
TXN_2753,2024-02-27 08:00:00,CUST_141,Home Goods,3,397.26,292.07,2024,2,February,Tuesday,1191.78,876.21,315.57,26.48
TXN_2754,2024-02-27 08:30:00,CUST_496,Home Goods,4,340.94,325.9,2024,2,February,Tuesday,1363.76,1303.6,60.16,4.41
TXN_2755,2024-02-27 09:00:00,CUST_212,Unknown,5,52.76,258.1,2024,2,February,Tuesday,263.8,1290.5,-1026.7,-389.2
TXN_2756,2024-02-27 09:30:00,CUST_204,Electronics,3,378.72,268.35,2024,2,February,Tuesday,1136.16,805.05,331.11,29.14
TXN_2757,2024-02-27 10:00:00,CUST_291,Apparel,3,491.13,118.93,2024,2,February,Tuesday,1473.39,356.79,1116.6,75.78
TXN_2758,2024-02-27 10:30:00,CUST_116,Electronics,5,595.58,168.79,2024,2,February,Tuesday,2977.9,843.95,2133.95,71.66
TXN_2759,2024-02-27 11:00:00,CUST_219,Apparel,4,32.34,310.97,2024,2,February,Tuesday,129.36,1243.88,-1114.52,-861.56
TXN_2761,2024-02-27 12:00:00,CUST_228,Unknown,4,257.51,242.65,2024,2,February,Tuesday,1030.04,970.6,59.44,5.77
TXN_2762,2024-02-27 12:30:00,CUST_229,Apparel,3,20.73,32.18,2024,2,February,Tuesday,62.19,96.54,-34.35,-55.23
TXN_2763,2024-02-27 13:00:00,CUST_159,Unknown,2,374.4,23.43,2024,2,February,Tuesday,748.8,46.86,701.94,93.74
TXN_2766,2024-02-27 14:30:00,CUST_196,Home Goods,3,167.9,192.37,2024,2,February,Tuesday,503.7,577.11,-73.41,-14.57
TXN_2767,2024-02-27 15:00:00,CUST_109,Apparel,5,226.28,330.51,2024,2,February,Tuesday,1131.4,1652.55,-521.15,-46.06
TXN_2768,2024-02-27 15:30:00,CUST_341,Electronics,5,303.23,246.22,2024,2,February,Tuesday,1516.15,1231.1,285.05,18.8
TXN_2769,2024-02-27 16:00:00,CUST_413,Electronics,5,225.14,109.95,2024,2,February,Tuesday,1125.7,549.75,575.95,51.16
TXN_2770,2024-02-27 16:30:00,CUST_331,Electronics,4,338.35,64.91,2024,2,February,Tuesday,1353.4,259.64,1093.76,80.82
TXN_2771,2024-02-27 17:00:00,CUST_376,Apparel,1,154.61,298.84,2024,2,February,Tuesday,154.61,298.84,-144.23,-93.29
TXN_2772,2024-02-27 17:30:00,CUST_383,Apparel,5,386.69,166.27,2024,2,February,Tuesday,1933.45,831.35,1102.1,57.0
TXN_2773,2024-02-27 18:00:00,CUST_302,Apparel,5,514.45,232.18,2024,2,February,Tuesday,2572.25,1160.9,1411.35,54.87
TXN_2775,2024-02-27 19:00:00,CUST_389,Home Goods,2,312.11,46.54,2024,2,February,Tuesday,624.22,93.08,531.14,85.09
TXN_2776,2024-02-27 19:30:00,CUST_363,Electronics,2,394.48,29.4,2024,2,February,Tuesday,788.96,58.8,730.16,92.55
TXN_2777,2024-02-27 20:00:00,CUST_313,Electronics,3,345.31,138.19,2024,2,February,Tuesday,1035.93,414.57,621.36,59.98
TXN_2778,2024-02-27 20:30:00,CUST_299,Apparel,3,228.9,132.93,2024,2,February,Tuesday,686.7,398.79,287.91,41.93
TXN_2779,2024-02-27 21:00:00,CUST_178,Electronics,3,390.69,239.09,2024,2,February,Tuesday,1172.07,717.27,454.8,38.8
TXN_2780,2024-02-27 21:30:00,CUST_442,Home Goods,5,31.52,224.95,2024,2,February,Tuesday,157.6,1124.75,-967.15,-613.67
TXN_2781,2024-02-27 22:00:00,CUST_443,Apparel,2,231.4,339.44,2024,2,February,Tuesday,462.8,678.88,-216.08,-46.69
TXN_2782,2024-02-27 22:30:00,CUST_272,Apparel,3,326.58,301.75,2024,2,February,Tuesday,979.74,905.25,74.49,7.6
TXN_2783,2024-02-27 23:00:00,CUST_168,Home Goods,2,27.06,178.84,2024,2,February,Tuesday,54.12,357.68,-303.56,-560.9
TXN_2784,2024-02-27 23:30:00,CUST_186,Home Goods,5,311.97,180.01,2024,2,February,Tuesday,1559.85,900.05,659.8,42.3
TXN_2786,2024-02-28 00:30:00,CUST_107,Apparel,5,459.14,48.79,2024,2,February,Wednesday,2295.7,243.95,2051.75,89.37
TXN_2787,2024-02-28 01:00:00,CUST_432,Apparel,3,81.32,349.96,2024,2,February,Wednesday,243.96,1049.88,-805.92,-330.35
TXN_2788,2024-02-28 01:30:00,CUST_299,Electronics,5,594.48,186.39,2024,2,February,Wednesday,2972.4,931.95,2040.45,68.65
TXN_2789,2024-02-28 02:00:00,CUST_186,Electronics,5,369.61,319.37,2024,2,February,Wednesday,1848.05,1596.85,251.2,13.59
TXN_2790,2024-02-28 02:30:00,CUST_142,Apparel,2,227.47,338.9,2024,2,February,Wednesday,454.94,677.8,-222.86,-48.99
TXN_2791,2024-02-28 03:00:00,CUST_484,Electronics,1,160.72,207.76,2024,2,February,Wednesday,160.72,207.76,-47.04,-29.27
TXN_2792,2024-02-28 03:30:00,CUST_208,Electronics,4,350.14,45.14,2024,2,February,Wednesday,1400.56,180.56,1220.0,87.11
TXN_2793,2024-02-28 04:00:00,CUST_251,Apparel,3,530.8,204.94,2024,2,February,Wednesday,1592.4,614.82,977.58,61.39
TXN_2795,2024-02-28 05:00:00,CUST_232,Electronics,1,401.96,278.33,2024,2,February,Wednesday,401.96,278.33,123.63,30.76
TXN_2798,2024-02-28 06:30:00,CUST_331,Electronics,3,182.41,323.74,2024,2,February,Wednesday,547.23,971.22,-423.99,-77.48
TXN_2799,2024-02-28 07:00:00,CUST_413,Home Goods,1,427.8,347.04,2024,2,February,Wednesday,427.8,347.04,80.76,18.88
TXN_2800,2024-02-28 07:30:00,CUST_465,Apparel,5,225.12,75.07,2024,2,February,Wednesday,1125.6,375.35,750.25,66.65
TXN_2801,2024-02-28 08:00:00,CUST_327,Electronics,3,126.57,306.0,2024,2,February,Wednesday,379.71,918.0,-538.29,-141.76
TXN_2802,2024-02-28 08:30:00,CUST_238,Electronics,1,231.1,59.73,2024,2,February,Wednesday,231.1,59.73,171.37,74.15
TXN_2803,2024-02-28 09:00:00,CUST_498,Electronics,4,514.49,296.0,2024,2,February,Wednesday,2057.96,1184.0,873.96,42.47
TXN_2804,2024-02-28 09:30:00,CUST_310,Electronics,5,446.88,104.27,2024,2,February,Wednesday,2234.4,521.35,1713.05,76.67
TXN_2805,2024-02-28 10:00:00,CUST_490,Electronics,3,210.76,336.27,2024,2,February,Wednesday,632.28,1008.81,-376.53,-59.55
TXN_2808,2024-02-28 11:30:00,CUST_360,Apparel,3,44.11,105.53,2024,2,February,Wednesday,132.33,316.59,-184.26,-139.24
TXN_2809,2024-02-28 12:00:00,CUST_360,Apparel,1,89.57,89.98,2024,2,February,Wednesday,89.57,89.98,-0.41,-0.46
TXN_2810,2024-02-28 12:30:00,CUST_449,Electronics,3,83.13,241.47,2024,2,February,Wednesday,249.39,724.41,-475.02,-190.47
TXN_2812,2024-02-28 13:30:00,CUST_107,Electronics,5,401.89,266.68,2024,2,February,Wednesday,2009.45,1333.4,676.05,33.64
TXN_2813,2024-02-28 14:00:00,CUST_419,Electronics,2,366.49,293.83,2024,2,February,Wednesday,732.98,587.66,145.32,19.83
TXN_2815,2024-02-28 15:00:00,CUST_137,Electronics,1,417.69,342.91,2024,2,February,Wednesday,417.69,342.91,74.78,17.9
TXN_2816,2024-02-28 15:30:00,CUST_210,Home Goods,4,457.77,267.65,2024,2,February,Wednesday,1831.08,1070.6,760.48,41.53
TXN_2817,2024-02-28 16:00:00,CUST_467,Apparel,3,136.2,81.48,2024,2,February,Wednesday,408.6,244.44,164.16,40.18
TXN_2818,2024-02-28 16:30:00,CUST_319,Apparel,5,379.05,279.14,2024,2,February,Wednesday,1895.25,1395.7,499.55,26.36
TXN_2819,2024-02-28 17:00:00,CUST_436,Apparel,3,354.33,119.5,2024,2,February,Wednesday,1062.99,358.5,704.49,66.27
TXN_2820,2024-02-28 17:30:00,CUST_322,Apparel,4,567.04,348.57,2024,2,February,Wednesday,2268.16,1394.28,873.88,38.53
TXN_2821,2024-02-28 18:00:00,CUST_235,Electronics,5,150.94,138.07,2024,2,February,Wednesday,754.7,690.35,64.35,8.53
TXN_2822,2024-02-28 18:30:00,CUST_355,Electronics,4,49.35,109.55,2024,2,February,Wednesday,197.4,438.2,-240.8,-121.99
TXN_2823,2024-02-28 19:00:00,CUST_459,Apparel,5,397.29,91.33,2024,2,February,Wednesday,1986.45,456.65,1529.8,77.01
TXN_2824,2024-02-28 19:30:00,CUST_428,Electronics,2,448.0,233.89,2024,2,February,Wednesday,896.0,467.78,428.22,47.79
TXN_2826,2024-02-28 20:30:00,CUST_391,Apparel,5,348.95,334.21,2024,2,February,Wednesday,1744.75,1671.05,73.7,4.22
TXN_2827,2024-02-28 21:00:00,CUST_481,Apparel,4,49.83,110.07,2024,2,February,Wednesday,199.32,440.28,-240.96,-120.89
TXN_2828,2024-02-28 21:30:00,CUST_423,Apparel,1,576.63,110.44,2024,2,February,Wednesday,576.63,110.44,466.19,80.85
TXN_2831,2024-02-28 23:00:00,CUST_268,Apparel,2,40.8,152.45,2024,2,February,Wednesday,81.6,304.9,-223.3,-273.65
TXN_2832,2024-02-28 23:30:00,CUST_316,Apparel,3,264.95,135.67,2024,2,February,Wednesday,794.85,407.01,387.84,48.79
TXN_2833,2024-02-29 00:00:00,CUST_477,Apparel,2,71.84,102.83,2024,2,February,Thursday,143.68,205.66,-61.98,-43.14
TXN_2834,2024-02-29 00:30:00,CUST_218,Home Goods,2,450.62,23.85,2024,2,February,Thursday,901.24,47.7,853.54,94.71
TXN_2835,2024-02-29 01:00:00,CUST_289,Apparel,3,540.84,112.2,2024,2,February,Thursday,1622.52,336.6,1285.92,79.25
TXN_2836,2024-02-29 01:30:00,CUST_354,Apparel,5,167.23,274.63,2024,2,February,Thursday,836.15,1373.15,-537.0,-64.22
TXN_2837,2024-02-29 02:00:00,CUST_469,Home Goods,2,382.83,159.19,2024,2,February,Thursday,765.66,318.38,447.28,58.42
TXN_2839,2024-02-29 03:00:00,CUST_248,Electronics,2,241.14,113.63,2024,2,February,Thursday,482.28,227.26,255.02,52.88
TXN_2840,2024-02-29 03:30:00,CUST_263,Home Goods,1,186.37,198.51,2024,2,February,Thursday,186.37,198.51,-12.14,-6.51
TXN_2842,2024-02-29 04:30:00,CUST_446,Apparel,1,392.16,224.47,2024,2,February,Thursday,392.16,224.47,167.69,42.76
TXN_2844,2024-02-29 05:30:00,CUST_473,Unknown,4,518.52,24.0,2024,2,February,Thursday,2074.08,96.0,1978.08,95.37
TXN_2845,2024-02-29 06:00:00,CUST_368,Electronics,3,403.93,67.37,2024,2,February,Thursday,1211.79,202.11,1009.68,83.32
TXN_2848,2024-02-29 07:30:00,CUST_450,Electronics,5,566.29,24.08,2024,2,February,Thursday,2831.45,120.4,2711.05,95.75
TXN_2849,2024-02-29 08:00:00,CUST_499,Electronics,5,337.72,172.36,2024,2,February,Thursday,1688.6,861.8,826.8,48.96
TXN_2850,2024-02-29 08:30:00,CUST_387,Apparel,4,304.8,325.83,2024,2,February,Thursday,1219.2,1303.32,-84.12,-6.9
TXN_2851,2024-02-29 09:00:00,CUST_387,Apparel,5,211.2,13.93,2024,2,February,Thursday,1056.0,69.65,986.35,93.4
TXN_2854,2024-02-29 10:30:00,CUST_110,Apparel,5,560.73,62.53,2024,2,February,Thursday,2803.65,312.65,2491.0,88.85
TXN_2856,2024-02-29 11:30:00,CUST_370,Home Goods,1,196.5,224.46,2024,2,February,Thursday,196.5,224.46,-27.96,-14.23
TXN_2858,2024-02-29 12:30:00,CUST_282,Unknown,5,486.51,282.6,2024,2,February,Thursday,2432.55,1413.0,1019.55,41.91
TXN_2859,2024-02-29 13:00:00,CUST_252,Home Goods,5,72.94,32.73,2024,2,February,Thursday,364.7,163.65,201.05,55.13
TXN_2861,2024-02-29 14:00:00,CUST_433,Electronics,4,265.13,261.64,2024,2,February,Thursday,1060.52,1046.56,13.96,1.32
TXN_2862,2024-02-29 14:30:00,CUST_223,Apparel,4,57.79,92.28,2024,2,February,Thursday,231.16,369.12,-137.96,-59.68
TXN_2863,2024-02-29 15:00:00,CUST_213,Apparel,2,255.32,45.2,2024,2,February,Thursday,510.64,90.4,420.24,82.3
TXN_2864,2024-02-29 15:30:00,CUST_377,Apparel,5,315.33,69.71,2024,2,February,Thursday,1576.65,348.55,1228.1,77.89
TXN_2865,2024-02-29 16:00:00,CUST_312,Apparel,5,53.09,300.59,2024,2,February,Thursday,265.45,1502.95,-1237.5,-466.19
TXN_2867,2024-02-29 17:00:00,CUST_387,Apparel,5,576.15,77.35,2024,2,February,Thursday,2880.75,386.75,2494.0,86.57
TXN_2868,2024-02-29 17:30:00,CUST_273,Electronics,1,587.66,253.48,2024,2,February,Thursday,587.66,253.48,334.18,56.87
TXN_2871,2024-02-29 19:00:00,CUST_221,Unknown,5,182.02,143.13,2024,2,February,Thursday,910.1,715.65,194.45,21.37
TXN_2872,2024-02-29 19:30:00,CUST_131,Electronics,1,598.31,304.05,2024,2,February,Thursday,598.31,304.05,294.26,49.18
TXN_2873,2024-02-29 20:00:00,CUST_321,Unknown,2,175.42,161.79,2024,2,February,Thursday,350.84,323.58,27.26,7.77
TXN_2877,2024-02-29 22:00:00,CUST_332,Apparel,3,56.79,298.98,2024,2,February,Thursday,170.37,896.94,-726.57,-426.47
TXN_2878,2024-02-29 22:30:00,CUST_117,Home Goods,5,450.14,288.56,2024,2,February,Thursday,2250.7,1442.8,807.9,35.9
TXN_2881,2024-03-01 00:00:00,CUST_248,Apparel,4,182.61,140.12,2024,3,March,Friday,730.44,560.48,169.96,23.27
TXN_2883,2024-03-01 01:00:00,CUST_491,Home Goods,4,16.91,18.88,2024,3,March,Friday,67.64,75.52,-7.88,-11.65
TXN_2884,2024-03-01 01:30:00,CUST_401,Electronics,5,210.16,28.45,2024,3,March,Friday,1050.8,142.25,908.55,86.46
TXN_2885,2024-03-01 02:00:00,CUST_459,Electronics,1,400.81,211.98,2024,3,March,Friday,400.81,211.98,188.83,47.11
TXN_2886,2024-03-01 02:30:00,CUST_337,Home Goods,4,546.13,104.94,2024,3,March,Friday,2184.52,419.76,1764.76,80.78
TXN_2890,2024-03-01 04:30:00,CUST_323,Electronics,4,526.39,239.15,2024,3,March,Friday,2105.56,956.6,1148.96,54.57
TXN_2891,2024-03-01 05:00:00,CUST_302,Home Goods,2,44.55,314.01,2024,3,March,Friday,89.1,628.02,-538.92,-604.85
TXN_2893,2024-03-01 06:00:00,CUST_185,Unknown,2,121.74,83.01,2024,3,March,Friday,243.48,166.02,77.46,31.81
TXN_2894,2024-03-01 06:30:00,CUST_249,Apparel,2,27.6,205.1,2024,3,March,Friday,55.2,410.2,-355.0,-643.12
TXN_2895,2024-03-01 07:00:00,CUST_334,Apparel,4,101.01,182.87,2024,3,March,Friday,404.04,731.48,-327.44,-81.04
TXN_2896,2024-03-01 07:30:00,CUST_444,Apparel,4,586.24,187.15,2024,3,March,Friday,2344.96,748.6,1596.36,68.08
TXN_2898,2024-03-01 08:30:00,CUST_447,Electronics,5,561.99,332.97,2024,3,March,Friday,2809.95,1664.85,1145.1,40.75
TXN_2899,2024-03-01 09:00:00,CUST_384,Home Goods,5,135.07,28.3,2024,3,March,Friday,675.35,141.5,533.85,79.05
TXN_2900,2024-03-01 09:30:00,CUST_368,Home Goods,1,559.81,268.55,2024,3,March,Friday,559.81,268.55,291.26,52.03
TXN_2901,2024-03-01 10:00:00,CUST_357,Electronics,4,397.95,89.05,2024,3,March,Friday,1591.8,356.2,1235.6,77.62
TXN_2904,2024-03-01 11:30:00,CUST_382,Apparel,5,201.33,161.51,2024,3,March,Friday,1006.65,807.55,199.1,19.78
TXN_2905,2024-03-01 12:00:00,CUST_149,Electronics,5,239.14,283.43,2024,3,March,Friday,1195.7,1417.15,-221.45,-18.52
TXN_2906,2024-03-01 12:30:00,CUST_194,Home Goods,2,272.5,43.57,2024,3,March,Friday,545.0,87.14,457.86,84.01
TXN_2907,2024-03-01 13:00:00,CUST_187,Apparel,2,262.28,103.71,2024,3,March,Friday,524.56,207.42,317.14,60.46
TXN_2910,2024-03-01 14:30:00,CUST_270,Electronics,2,207.57,269.19,2024,3,March,Friday,415.14,538.38,-123.24,-29.69
TXN_2911,2024-03-01 15:00:00,CUST_288,Apparel,3,555.75,277.56,2024,3,March,Friday,1667.25,832.68,834.57,50.06
TXN_2912,2024-03-01 15:30:00,CUST_452,Electronics,5,564.0,294.2,2024,3,March,Friday,2820.0,1471.0,1349.0,47.84
TXN_2913,2024-03-01 16:00:00,CUST_283,Electronics,2,38.8,208.52,2024,3,March,Friday,77.6,417.04,-339.44,-437.42
TXN_2914,2024-03-01 16:30:00,CUST_102,Apparel,2,23.72,182.46,2024,3,March,Friday,47.44,364.92,-317.48,-669.22
TXN_2915,2024-03-01 17:00:00,CUST_290,Home Goods,4,263.66,99.27,2024,3,March,Friday,1054.64,397.08,657.56,62.35
TXN_2918,2024-03-01 18:30:00,CUST_122,Apparel,2,166.76,340.06,2024,3,March,Friday,333.52,680.12,-346.6,-103.92
TXN_2919,2024-03-01 19:00:00,CUST_129,Home Goods,4,411.83,339.18,2024,3,March,Friday,1647.32,1356.72,290.6,17.64
TXN_2920,2024-03-01 19:30:00,CUST_394,Apparel,1,367.0,317.77,2024,3,March,Friday,367.0,317.77,49.23,13.41
TXN_2921,2024-03-01 20:00:00,CUST_207,Home Goods,2,112.78,132.43,2024,3,March,Friday,225.56,264.86,-39.3,-17.42
TXN_2923,2024-03-01 21:00:00,CUST_380,Home Goods,4,412.79,299.91,2024,3,March,Friday,1651.16,1199.64,451.52,27.35
TXN_2925,2024-03-01 22:00:00,CUST_328,Electronics,2,414.92,249.48,2024,3,March,Friday,829.84,498.96,330.88,39.87
TXN_2926,2024-03-01 22:30:00,CUST_210,Electronics,1,80.9,105.07,2024,3,March,Friday,80.9,105.07,-24.17,-29.88
TXN_2927,2024-03-01 23:00:00,CUST_235,Apparel,2,288.93,293.34,2024,3,March,Friday,577.86,586.68,-8.82,-1.53
TXN_2928,2024-03-01 23:30:00,CUST_461,Home Goods,4,113.86,207.0,2024,3,March,Friday,455.44,828.0,-372.56,-81.8
TXN_2929,2024-03-02 00:00:00,CUST_285,Home Goods,1,39.24,161.93,2024,3,March,Saturday,39.24,161.93,-122.69,-312.67
TXN_2930,2024-03-02 00:30:00,CUST_243,Electronics,1,212.92,304.24,2024,3,March,Saturday,212.92,304.24,-91.32,-42.89
TXN_2931,2024-03-02 01:00:00,CUST_171,Electronics,1,103.18,144.03,2024,3,March,Saturday,103.18,144.03,-40.85,-39.59
TXN_2932,2024-03-02 01:30:00,CUST_228,Electronics,3,385.61,232.33,2024,3,March,Saturday,1156.83,696.99,459.84,39.75
TXN_2933,2024-03-02 02:00:00,CUST_463,Electronics,4,409.33,168.41,2024,3,March,Saturday,1637.32,673.64,963.68,58.86
TXN_2934,2024-03-02 02:30:00,CUST_360,Apparel,3,101.98,211.53,2024,3,March,Saturday,305.94,634.59,-328.65,-107.42
TXN_2936,2024-03-02 03:30:00,CUST_487,Unknown,1,478.79,166.78,2024,3,March,Saturday,478.79,166.78,312.01,65.17
TXN_2937,2024-03-02 04:00:00,CUST_203,Apparel,3,16.2,199.21,2024,3,March,Saturday,48.6,597.63,-549.03,-1129.69
TXN_2938,2024-03-02 04:30:00,CUST_323,Home Goods,2,216.19,177.52,2024,3,March,Saturday,432.38,355.04,77.34,17.89
TXN_2939,2024-03-02 05:00:00,CUST_419,Apparel,3,304.33,298.12,2024,3,March,Saturday,912.99,894.36,18.63,2.04
TXN_2940,2024-03-02 05:30:00,CUST_461,Electronics,5,493.91,115.78,2024,3,March,Saturday,2469.55,578.9,1890.65,76.56
TXN_2942,2024-03-02 06:30:00,CUST_109,Apparel,1,439.09,147.18,2024,3,March,Saturday,439.09,147.18,291.91,66.48
TXN_2943,2024-03-02 07:00:00,CUST_483,Apparel,1,159.61,246.14,2024,3,March,Saturday,159.61,246.14,-86.53,-54.21
TXN_2947,2024-03-02 09:00:00,CUST_165,Unknown,4,335.07,14.19,2024,3,March,Saturday,1340.28,56.76,1283.52,95.77
TXN_2948,2024-03-02 09:30:00,CUST_211,Apparel,2,412.13,339.3,2024,3,March,Saturday,824.26,678.6,145.66,17.67
TXN_2954,2024-03-02 12:30:00,CUST_413,Apparel,4,265.86,134.17,2024,3,March,Saturday,1063.44,536.68,526.76,49.53
TXN_2956,2024-03-02 13:30:00,CUST_111,Electronics,3,441.36,188.82,2024,3,March,Saturday,1324.08,566.46,757.62,57.22
TXN_2957,2024-03-02 14:00:00,CUST_308,Electronics,5,354.06,197.25,2024,3,March,Saturday,1770.3,986.25,784.05,44.29
TXN_2958,2024-03-02 14:30:00,CUST_113,Home Goods,5,202.06,251.29,2024,3,March,Saturday,1010.3,1256.45,-246.15,-24.36
TXN_2959,2024-03-02 15:00:00,CUST_220,Home Goods,5,130.83,308.61,2024,3,March,Saturday,654.15,1543.05,-888.9,-135.89
TXN_2962,2024-03-02 16:30:00,CUST_174,Home Goods,5,213.47,123.41,2024,3,March,Saturday,1067.35,617.05,450.3,42.19
TXN_2963,2024-03-02 17:00:00,CUST_499,Home Goods,2,316.64,298.01,2024,3,March,Saturday,633.28,596.02,37.26,5.88
TXN_2964,2024-03-02 17:30:00,CUST_342,Home Goods,3,113.92,59.59,2024,3,March,Saturday,341.76,178.77,162.99,47.69
TXN_2965,2024-03-02 18:00:00,CUST_322,Apparel,5,486.61,223.27,2024,3,March,Saturday,2433.05,1116.35,1316.7,54.12
TXN_2966,2024-03-02 18:30:00,CUST_169,Electronics,1,100.13,14.45,2024,3,March,Saturday,100.13,14.45,85.68,85.57
TXN_2968,2024-03-02 19:30:00,CUST_310,Apparel,3,451.39,211.08,2024,3,March,Saturday,1354.17,633.24,720.93,53.24
TXN_2969,2024-03-02 20:00:00,CUST_200,Apparel,2,298.74,165.18,2024,3,March,Saturday,597.48,330.36,267.12,44.71
TXN_2970,2024-03-02 20:30:00,CUST_285,Apparel,5,226.2,177.81,2024,3,March,Saturday,1131.0,889.05,241.95,21.39
TXN_2971,2024-03-02 21:00:00,CUST_231,Apparel,2,292.81,234.59,2024,3,March,Saturday,585.62,469.18,116.44,19.88
TXN_2973,2024-03-02 22:00:00,CUST_480,Electronics,5,594.4,105.47,2024,3,March,Saturday,2972.0,527.35,2444.65,82.26
TXN_2974,2024-03-02 22:30:00,CUST_231,Home Goods,1,384.22,242.72,2024,3,March,Saturday,384.22,242.72,141.5,36.83
TXN_2975,2024-03-02 23:00:00,CUST_119,Apparel,3,479.16,193.02,2024,3,March,Saturday,1437.48,579.06,858.42,59.72
TXN_2977,2024-03-03 00:00:00,CUST_123,Electronics,1,530.01,237.91,2024,3,March,Sunday,530.01,237.91,292.1,55.11
TXN_2978,2024-03-03 00:30:00,CUST_326,Electronics,5,573.12,220.83,2024,3,March,Sunday,2865.6,1104.15,1761.45,61.47
TXN_2979,2024-03-03 01:00:00,CUST_253,Electronics,4,351.47,36.73,2024,3,March,Sunday,1405.88,146.92,1258.96,89.55
TXN_2980,2024-03-03 01:30:00,CUST_392,Apparel,3,455.98,264.16,2024,3,March,Sunday,1367.94,792.48,575.46,42.07
TXN_2981,2024-03-03 02:00:00,CUST_329,Electronics,2,314.96,187.51,2024,3,March,Sunday,629.92,375.02,254.9,40.47
TXN_2982,2024-03-03 02:30:00,CUST_409,Home Goods,5,182.43,79.61,2024,3,March,Sunday,912.15,398.05,514.1,56.36
TXN_2983,2024-03-03 03:00:00,CUST_458,Electronics,1,513.57,200.18,2024,3,March,Sunday,513.57,200.18,313.39,61.02
TXN_2986,2024-03-03 04:30:00,CUST_359,Electronics,4,400.59,262.33,2024,3,March,Sunday,1602.36,1049.32,553.04,34.51
TXN_2989,2024-03-03 06:00:00,CUST_119,Apparel,5,138.51,300.08,2024,3,March,Sunday,692.55,1500.4,-807.85,-116.65
TXN_2990,2024-03-03 06:30:00,CUST_372,Electronics,2,288.09,297.66,2024,3,March,Sunday,576.18,595.32,-19.14,-3.32
TXN_2991,2024-03-03 07:00:00,CUST_218,Electronics,1,588.47,69.61,2024,3,March,Sunday,588.47,69.61,518.86,88.17
TXN_2992,2024-03-03 07:30:00,CUST_170,Apparel,3,339.42,31.12,2024,3,March,Sunday,1018.26,93.36,924.9,90.83
TXN_2993,2024-03-03 08:00:00,CUST_103,Unknown,4,563.87,252.03,2024,3,March,Sunday,2255.48,1008.12,1247.36,55.3
TXN_2994,2024-03-03 08:30:00,CUST_320,Electronics,5,490.82,255.68,2024,3,March,Sunday,2454.1,1278.4,1175.7,47.91
TXN_2995,2024-03-03 09:00:00,CUST_113,Apparel,5,404.62,70.23,2024,3,March,Sunday,2023.1,351.15,1671.95,82.64
TXN_2996,2024-03-03 09:30:00,CUST_102,Apparel,5,219.38,237.19,2024,3,March,Sunday,1096.9,1185.95,-89.05,-8.12
TXN_2997,2024-03-03 10:00:00,CUST_315,Electronics,5,193.03,104.83,2024,3,March,Sunday,965.15,524.15,441.0,45.69
TXN_2998,2024-03-03 10:30:00,CUST_328,Apparel,1,391.4,98.61,2024,3,March,Sunday,391.4,98.61,292.79,74.81
TXN_2999,2024-03-03 11:00:00,CUST_435,Electronics,3,268.05,120.34,2024,3,March,Sunday,804.15,361.02,443.13,55.11
TXN_3000,2024-03-03 11:30:00,CUST_285,Home Goods,2,482.27,186.93,2024,3,March,Sunday,964.54,373.86,590.68,61.24
TXN_3001,2024-03-03 12:00:00,CUST_154,Electronics,4,459.87,283.51,2024,3,March,Sunday,1839.48,1134.04,705.44,38.35
TXN_3003,2024-03-03 13:00:00,CUST_475,Electronics,5,426.1,111.33,2024,3,March,Sunday,2130.5,556.65,1573.85,73.87
TXN_3005,2024-03-03 14:00:00,CUST_123,Electronics,5,204.13,28.73,2024,3,March,Sunday,1020.65,143.65,877.0,85.93
TXN_3006,2024-03-03 14:30:00,CUST_261,Home Goods,3,256.59,281.01,2024,3,March,Sunday,769.77,843.03,-73.26,-9.52
TXN_3007,2024-03-03 15:00:00,CUST_257,Home Goods,3,538.78,276.69,2024,3,March,Sunday,1616.34,830.07,786.27,48.65
TXN_3008,2024-03-03 15:30:00,CUST_181,Unknown,1,225.32,96.21,2024,3,March,Sunday,225.32,96.21,129.11,57.3
TXN_3009,2024-03-03 16:00:00,CUST_258,Apparel,1,183.13,77.42,2024,3,March,Sunday,183.13,77.42,105.71,57.72
TXN_3012,2024-03-03 17:30:00,CUST_404,Electronics,1,333.61,25.64,2024,3,March,Sunday,333.61,25.64,307.97,92.31
TXN_3013,2024-03-03 18:00:00,CUST_418,Apparel,4,101.25,312.88,2024,3,March,Sunday,405.0,1251.52,-846.52,-209.02
TXN_3015,2024-03-03 19:00:00,CUST_310,Unknown,1,146.96,126.33,2024,3,March,Sunday,146.96,126.33,20.63,14.04
TXN_3016,2024-03-03 19:30:00,CUST_251,Electronics,5,364.86,228.72,2024,3,March,Sunday,1824.3,1143.6,680.7,37.31
TXN_3017,2024-03-03 20:00:00,CUST_208,Apparel,1,88.14,234.85,2024,3,March,Sunday,88.14,234.85,-146.71,-166.45
TXN_3019,2024-03-03 21:00:00,CUST_129,Apparel,4,280.93,58.71,2024,3,March,Sunday,1123.72,234.84,888.88,79.1
TXN_3020,2024-03-03 21:30:00,CUST_413,Apparel,1,495.97,197.77,2024,3,March,Sunday,495.97,197.77,298.2,60.12
TXN_3021,2024-03-03 22:00:00,CUST_216,Electronics,1,464.66,222.56,2024,3,March,Sunday,464.66,222.56,242.1,52.1
TXN_3022,2024-03-03 22:30:00,CUST_455,Apparel,5,432.51,302.48,2024,3,March,Sunday,2162.55,1512.4,650.15,30.06
TXN_3024,2024-03-03 23:30:00,CUST_118,Home Goods,5,73.77,229.54,2024,3,March,Sunday,368.85,1147.7,-778.85,-211.16
TXN_3027,2024-03-04 01:00:00,CUST_449,Electronics,5,474.73,121.25,2024,3,March,Monday,2373.65,606.25,1767.4,74.46
TXN_3028,2024-03-04 01:30:00,CUST_282,Electronics,1,574.77,224.96,2024,3,March,Monday,574.77,224.96,349.81,60.86
TXN_3029,2024-03-04 02:00:00,CUST_212,Electronics,5,542.37,321.46,2024,3,March,Monday,2711.85,1607.3,1104.55,40.73
TXN_3030,2024-03-04 02:30:00,CUST_282,Electronics,3,82.25,285.58,2024,3,March,Monday,246.75,856.74,-609.99,-247.21
TXN_3031,2024-03-04 03:00:00,CUST_245,Electronics,2,231.19,226.82,2024,3,March,Monday,462.38,453.64,8.74,1.89
TXN_3032,2024-03-04 03:30:00,CUST_418,Apparel,2,228.13,249.23,2024,3,March,Monday,456.26,498.46,-42.2,-9.25
TXN_3033,2024-03-04 04:00:00,CUST_215,Electronics,5,86.54,323.11,2024,3,March,Monday,432.7,1615.55,-1182.85,-273.36
TXN_3035,2024-03-04 05:00:00,CUST_350,Home Goods,4,240.16,217.35,2024,3,March,Monday,960.64,869.4,91.24,9.5
TXN_3037,2024-03-04 06:00:00,CUST_402,Electronics,5,347.83,60.07,2024,3,March,Monday,1739.15,300.35,1438.8,82.73
TXN_3039,2024-03-04 07:00:00,CUST_217,Apparel,5,290.55,112.34,2024,3,March,Monday,1452.75,561.7,891.05,61.34
TXN_3040,2024-03-04 07:30:00,CUST_400,Electronics,1,402.46,156.87,2024,3,March,Monday,402.46,156.87,245.59,61.02
TXN_3045,2024-03-04 10:00:00,CUST_339,Apparel,4,595.76,119.54,2024,3,March,Monday,2383.04,478.16,1904.88,79.93
TXN_3046,2024-03-04 10:30:00,CUST_146,Electronics,5,241.63,152.95,2024,3,March,Monday,1208.15,764.75,443.4,36.7
TXN_3047,2024-03-04 11:00:00,CUST_498,Electronics,3,362.42,326.62,2024,3,March,Monday,1087.26,979.86,107.4,9.88
TXN_3049,2024-03-04 12:00:00,CUST_146,Apparel,2,97.59,121.34,2024,3,March,Monday,195.18,242.68,-47.5,-24.34
TXN_3051,2024-03-04 13:00:00,CUST_223,Electronics,3,190.7,220.28,2024,3,March,Monday,572.1,660.84,-88.74,-15.51
TXN_3053,2024-03-04 14:00:00,CUST_458,Home Goods,3,241.52,174.43,2024,3,March,Monday,724.56,523.29,201.27,27.78
TXN_3055,2024-03-04 15:00:00,CUST_189,Apparel,3,64.37,19.71,2024,3,March,Monday,193.11,59.13,133.98,69.38
TXN_3056,2024-03-04 15:30:00,CUST_499,Apparel,4,493.98,100.32,2024,3,March,Monday,1975.92,401.28,1574.64,79.69
TXN_3057,2024-03-04 16:00:00,CUST_424,Apparel,4,214.81,165.44,2024,3,March,Monday,859.24,661.76,197.48,22.98
TXN_3059,2024-03-04 17:00:00,CUST_237,Home Goods,4,595.18,300.28,2024,3,March,Monday,2380.72,1201.12,1179.6,49.55
TXN_3060,2024-03-04 17:30:00,CUST_149,Apparel,2,218.97,150.4,2024,3,March,Monday,437.94,300.8,137.14,31.31
TXN_3062,2024-03-04 18:30:00,CUST_206,Apparel,1,99.46,347.74,2024,3,March,Monday,99.46,347.74,-248.28,-249.63
TXN_3064,2024-03-04 19:30:00,CUST_449,Apparel,5,99.78,257.72,2024,3,March,Monday,498.9,1288.6,-789.7,-158.29
TXN_3065,2024-03-04 20:00:00,CUST_353,Apparel,5,167.35,319.24,2024,3,March,Monday,836.75,1596.2,-759.45,-90.76
TXN_3067,2024-03-04 21:00:00,CUST_297,Apparel,1,223.07,13.81,2024,3,March,Monday,223.07,13.81,209.26,93.81
TXN_3068,2024-03-04 21:30:00,CUST_436,Electronics,5,58.5,345.57,2024,3,March,Monday,292.5,1727.85,-1435.35,-490.72
TXN_3071,2024-03-04 23:00:00,CUST_344,Apparel,3,256.57,286.25,2024,3,March,Monday,769.71,858.75,-89.04,-11.57
TXN_3072,2024-03-04 23:30:00,CUST_134,Electronics,2,373.07,145.16,2024,3,March,Monday,746.14,290.32,455.82,61.09
TXN_3073,2024-03-05 00:00:00,CUST_401,Apparel,5,390.54,194.03,2024,3,March,Tuesday,1952.7,970.15,982.55,50.32
TXN_3074,2024-03-05 00:30:00,CUST_168,Apparel,2,453.32,193.57,2024,3,March,Tuesday,906.64,387.14,519.5,57.3
TXN_3077,2024-03-05 02:00:00,CUST_148,Apparel,1,384.31,194.81,2024,3,March,Tuesday,384.31,194.81,189.5,49.31
TXN_3079,2024-03-05 03:00:00,CUST_291,Electronics,5,217.81,127.67,2024,3,March,Tuesday,1089.05,638.35,450.7,41.38
TXN_3080,2024-03-05 03:30:00,CUST_360,Apparel,2,208.27,73.27,2024,3,March,Tuesday,416.54,146.54,270.0,64.82
TXN_3081,2024-03-05 04:00:00,CUST_455,Apparel,3,172.79,250.35,2024,3,March,Tuesday,518.37,751.05,-232.68,-44.89
TXN_3082,2024-03-05 04:30:00,CUST_169,Apparel,3,336.08,306.48,2024,3,March,Tuesday,1008.24,919.44,88.8,8.81
TXN_3084,2024-03-05 05:30:00,CUST_359,Apparel,1,331.08,149.45,2024,3,March,Tuesday,331.08,149.45,181.63,54.86
TXN_3086,2024-03-05 06:30:00,CUST_330,Electronics,4,504.49,17.21,2024,3,March,Tuesday,2017.96,68.84,1949.12,96.59
TXN_3087,2024-03-05 07:00:00,CUST_394,Electronics,5,57.78,113.48,2024,3,March,Tuesday,288.9,567.4,-278.5,-96.4
TXN_3089,2024-03-05 08:00:00,CUST_379,Apparel,3,351.74,131.11,2024,3,March,Tuesday,1055.22,393.33,661.89,62.73
TXN_3090,2024-03-05 08:30:00,CUST_412,Home Goods,3,239.47,88.4,2024,3,March,Tuesday,718.41,265.2,453.21,63.09
TXN_3091,2024-03-05 09:00:00,CUST_199,Electronics,1,261.3,99.85,2024,3,March,Tuesday,261.3,99.85,161.45,61.79
TXN_3092,2024-03-05 09:30:00,CUST_425,Unknown,3,483.08,97.61,2024,3,March,Tuesday,1449.24,292.83,1156.41,79.79
TXN_3093,2024-03-05 10:00:00,CUST_396,Apparel,5,179.19,181.95,2024,3,March,Tuesday,895.95,909.75,-13.8,-1.54
TXN_3094,2024-03-05 10:30:00,CUST_281,Home Goods,1,524.77,142.96,2024,3,March,Tuesday,524.77,142.96,381.81,72.76
TXN_3095,2024-03-05 11:00:00,CUST_273,Apparel,2,539.36,227.36,2024,3,March,Tuesday,1078.72,454.72,624.0,57.85
TXN_3096,2024-03-05 11:30:00,CUST_415,Apparel,1,395.61,184.9,2024,3,March,Tuesday,395.61,184.9,210.71,53.26
TXN_3098,2024-03-05 12:30:00,CUST_287,Electronics,5,373.57,285.42,2024,3,March,Tuesday,1867.85,1427.1,440.75,23.6
TXN_3100,2024-03-05 13:30:00,CUST_130,Apparel,5,580.51,62.1,2024,3,March,Tuesday,2902.55,310.5,2592.05,89.3
TXN_3101,2024-03-05 14:00:00,CUST_183,Electronics,2,180.35,66.74,2024,3,March,Tuesday,360.7,133.48,227.22,62.99
TXN_3103,2024-03-05 15:00:00,CUST_135,Electronics,1,183.18,249.02,2024,3,March,Tuesday,183.18,249.02,-65.84,-35.94
TXN_3104,2024-03-05 15:30:00,CUST_312,Home Goods,5,374.56,182.22,2024,3,March,Tuesday,1872.8,911.1,961.7,51.35
TXN_3105,2024-03-05 16:00:00,CUST_463,Electronics,5,123.33,114.07,2024,3,March,Tuesday,616.65,570.35,46.3,7.51
TXN_3106,2024-03-05 16:30:00,CUST_205,Electronics,2,546.66,166.58,2024,3,March,Tuesday,1093.32,333.16,760.16,69.53
TXN_3107,2024-03-05 17:00:00,CUST_441,Electronics,4,255.45,226.4,2024,3,March,Tuesday,1021.8,905.6,116.2,11.37
TXN_3108,2024-03-05 17:30:00,CUST_319,Apparel,1,512.23,308.96,2024,3,March,Tuesday,512.23,308.96,203.27,39.68
TXN_3109,2024-03-05 18:00:00,CUST_490,Electronics,5,160.8,199.0,2024,3,March,Tuesday,804.0,995.0,-191.0,-23.76
TXN_3110,2024-03-05 18:30:00,CUST_262,Home Goods,3,198.2,104.09,2024,3,March,Tuesday,594.6,312.27,282.33,47.48
TXN_3111,2024-03-05 19:00:00,CUST_319,Electronics,2,49.65,24.53,2024,3,March,Tuesday,99.3,49.06,50.24,50.59
TXN_3112,2024-03-05 19:30:00,CUST_369,Electronics,4,165.79,69.65,2024,3,March,Tuesday,663.16,278.6,384.56,57.99
TXN_3113,2024-03-05 20:00:00,CUST_219,Home Goods,4,301.83,231.06,2024,3,March,Tuesday,1207.32,924.24,283.08,23.45
TXN_3114,2024-03-05 20:30:00,CUST_493,Electronics,2,568.49,64.55,2024,3,March,Tuesday,1136.98,129.1,1007.88,88.65
TXN_3115,2024-03-05 21:00:00,CUST_435,Home Goods,4,242.51,173.72,2024,3,March,Tuesday,970.04,694.88,275.16,28.37
TXN_3116,2024-03-05 21:30:00,CUST_499,Unknown,5,389.25,247.64,2024,3,March,Tuesday,1946.25,1238.2,708.05,36.38
TXN_3117,2024-03-05 22:00:00,CUST_281,Electronics,4,265.21,114.8,2024,3,March,Tuesday,1060.84,459.2,601.64,56.71
TXN_3118,2024-03-05 22:30:00,CUST_205,Electronics,1,42.37,237.5,2024,3,March,Tuesday,42.37,237.5,-195.13,-460.54
TXN_3119,2024-03-05 23:00:00,CUST_316,Electronics,3,309.57,207.56,2024,3,March,Tuesday,928.71,622.68,306.03,32.95
TXN_3120,2024-03-05 23:30:00,CUST_304,Home Goods,5,53.56,159.24,2024,3,March,Tuesday,267.8,796.2,-528.4,-197.31
TXN_3121,2024-03-06 00:00:00,CUST_169,Apparel,2,531.96,315.06,2024,3,March,Wednesday,1063.92,630.12,433.8,40.77
TXN_3122,2024-03-06 00:30:00,CUST_143,Apparel,3,455.53,245.3,2024,3,March,Wednesday,1366.59,735.9,630.69,46.15
TXN_3124,2024-03-06 01:30:00,CUST_400,Electronics,5,389.53,283.45,2024,3,March,Wednesday,1947.65,1417.25,530.4,27.23
TXN_3125,2024-03-06 02:00:00,CUST_327,Home Goods,3,80.54,260.95,2024,3,March,Wednesday,241.62,782.85,-541.23,-224.0
TXN_3126,2024-03-06 02:30:00,CUST_283,Apparel,4,425.99,279.17,2024,3,March,Wednesday,1703.96,1116.68,587.28,34.47
TXN_3128,2024-03-06 03:30:00,CUST_183,Home Goods,2,495.72,138.99,2024,3,March,Wednesday,991.44,277.98,713.46,71.96
TXN_3129,2024-03-06 04:00:00,CUST_437,Apparel,2,181.3,128.52,2024,3,March,Wednesday,362.6,257.04,105.56,29.11
TXN_3130,2024-03-06 04:30:00,CUST_349,Electronics,1,169.29,232.41,2024,3,March,Wednesday,169.29,232.41,-63.12,-37.29
TXN_3131,2024-03-06 05:00:00,CUST_462,Apparel,4,320.02,54.51,2024,3,March,Wednesday,1280.08,218.04,1062.04,82.97
TXN_3132,2024-03-06 05:30:00,CUST_120,Apparel,1,581.15,288.77,2024,3,March,Wednesday,581.15,288.77,292.38,50.31
TXN_3133,2024-03-06 06:00:00,CUST_295,Electronics,1,553.51,135.91,2024,3,March,Wednesday,553.51,135.91,417.6,75.45
TXN_3134,2024-03-06 06:30:00,CUST_277,Unknown,4,225.39,224.33,2024,3,March,Wednesday,901.56,897.32,4.24,0.47
TXN_3135,2024-03-06 07:00:00,CUST_106,Electronics,5,471.2,179.68,2024,3,March,Wednesday,2356.0,898.4,1457.6,61.87
TXN_3138,2024-03-06 08:30:00,CUST_498,Electronics,1,500.72,223.07,2024,3,March,Wednesday,500.72,223.07,277.65,55.45
TXN_3139,2024-03-06 09:00:00,CUST_259,Home Goods,3,171.72,95.11,2024,3,March,Wednesday,515.16,285.33,229.83,44.61
TXN_3141,2024-03-06 10:00:00,CUST_302,Apparel,5,131.31,295.68,2024,3,March,Wednesday,656.55,1478.4,-821.85,-125.18
TXN_3142,2024-03-06 10:30:00,CUST_247,Electronics,4,311.64,310.86,2024,3,March,Wednesday,1246.56,1243.44,3.12,0.25
TXN_3143,2024-03-06 11:00:00,CUST_242,Electronics,2,508.34,65.93,2024,3,March,Wednesday,1016.68,131.86,884.82,87.03
TXN_3144,2024-03-06 11:30:00,CUST_298,Electronics,5,323.91,115.22,2024,3,March,Wednesday,1619.55,576.1,1043.45,64.43
TXN_3145,2024-03-06 12:00:00,CUST_253,Electronics,1,87.21,106.0,2024,3,March,Wednesday,87.21,106.0,-18.79,-21.55
TXN_3146,2024-03-06 12:30:00,CUST_475,Apparel,3,162.29,328.73,2024,3,March,Wednesday,486.87,986.19,-499.32,-102.56
TXN_3148,2024-03-06 13:30:00,CUST_241,Apparel,4,356.16,66.62,2024,3,March,Wednesday,1424.64,266.48,1158.16,81.29
TXN_3149,2024-03-06 14:00:00,CUST_412,Home Goods,2,352.49,71.83,2024,3,March,Wednesday,704.98,143.66,561.32,79.62
TXN_3151,2024-03-06 15:00:00,CUST_413,Apparel,3,455.91,311.93,2024,3,March,Wednesday,1367.73,935.79,431.94,31.58
TXN_3153,2024-03-06 16:00:00,CUST_181,Apparel,2,313.65,56.27,2024,3,March,Wednesday,627.3,112.54,514.76,82.06
TXN_3154,2024-03-06 16:30:00,CUST_168,Home Goods,4,435.52,209.15,2024,3,March,Wednesday,1742.08,836.6,905.48,51.98
TXN_3156,2024-03-06 17:30:00,CUST_186,Electronics,5,390.93,31.81,2024,3,March,Wednesday,1954.65,159.05,1795.6,91.86
TXN_3157,2024-03-06 18:00:00,CUST_317,Home Goods,1,409.48,311.32,2024,3,March,Wednesday,409.48,311.32,98.16,23.97
TXN_3158,2024-03-06 18:30:00,CUST_404,Apparel,4,437.02,306.09,2024,3,March,Wednesday,1748.08,1224.36,523.72,29.96
TXN_3159,2024-03-06 19:00:00,CUST_470,Home Goods,3,167.39,341.81,2024,3,March,Wednesday,502.17,1025.43,-523.26,-104.2
TXN_3160,2024-03-06 19:30:00,CUST_444,Home Goods,5,355.87,171.16,2024,3,March,Wednesday,1779.35,855.8,923.55,51.9
TXN_3162,2024-03-06 20:30:00,CUST_483,Apparel,2,188.26,271.73,2024,3,March,Wednesday,376.52,543.46,-166.94,-44.34
TXN_3163,2024-03-06 21:00:00,CUST_495,Electronics,5,539.84,71.37,2024,3,March,Wednesday,2699.2,356.85,2342.35,86.78
TXN_3164,2024-03-06 21:30:00,CUST_260,Apparel,5,377.92,92.72,2024,3,March,Wednesday,1889.6,463.6,1426.0,75.47
TXN_3165,2024-03-06 22:00:00,CUST_277,Home Goods,3,262.56,96.93,2024,3,March,Wednesday,787.68,290.79,496.89,63.08
TXN_3166,2024-03-06 22:30:00,CUST_216,Electronics,1,379.56,333.55,2024,3,March,Wednesday,379.56,333.55,46.01,12.12
TXN_3168,2024-03-06 23:30:00,CUST_482,Apparel,5,505.25,55.46,2024,3,March,Wednesday,2526.25,277.3,2248.95,89.02
TXN_3169,2024-03-07 00:00:00,CUST_426,Electronics,5,297.16,41.57,2024,3,March,Thursday,1485.8,207.85,1277.95,86.01
TXN_3170,2024-03-07 00:30:00,CUST_185,Home Goods,1,542.21,296.56,2024,3,March,Thursday,542.21,296.56,245.65,45.31
TXN_3171,2024-03-07 01:00:00,CUST_388,Apparel,1,313.24,282.77,2024,3,March,Thursday,313.24,282.77,30.47,9.73
TXN_3172,2024-03-07 01:30:00,CUST_180,Home Goods,2,401.32,238.14,2024,3,March,Thursday,802.64,476.28,326.36,40.66
TXN_3174,2024-03-07 02:30:00,CUST_160,Electronics,2,100.98,173.3,2024,3,March,Thursday,201.96,346.6,-144.64,-71.62
TXN_3175,2024-03-07 03:00:00,CUST_160,Apparel,1,445.99,214.93,2024,3,March,Thursday,445.99,214.93,231.06,51.81
TXN_3177,2024-03-07 04:00:00,CUST_127,Unknown,4,505.74,67.6,2024,3,March,Thursday,2022.96,270.4,1752.56,86.63
TXN_3178,2024-03-07 04:30:00,CUST_142,Electronics,1,363.93,185.25,2024,3,March,Thursday,363.93,185.25,178.68,49.1
TXN_3179,2024-03-07 05:00:00,CUST_268,Home Goods,2,563.82,63.64,2024,3,March,Thursday,1127.64,127.28,1000.36,88.71
TXN_3180,2024-03-07 05:30:00,CUST_185,Apparel,3,521.58,160.91,2024,3,March,Thursday,1564.74,482.73,1082.01,69.15
TXN_3181,2024-03-07 06:00:00,CUST_276,Electronics,3,58.8,78.05,2024,3,March,Thursday,176.4,234.15,-57.75,-32.74
TXN_3183,2024-03-07 07:00:00,CUST_197,Apparel,5,366.68,96.61,2024,3,March,Thursday,1833.4,483.05,1350.35,73.65
TXN_3185,2024-03-07 08:00:00,CUST_197,Electronics,3,113.61,148.65,2024,3,March,Thursday,340.83,445.95,-105.12,-30.84
TXN_3186,2024-03-07 08:30:00,CUST_164,Home Goods,2,90.68,304.54,2024,3,March,Thursday,181.36,609.08,-427.72,-235.84
TXN_3187,2024-03-07 09:00:00,CUST_429,Electronics,3,344.93,267.65,2024,3,March,Thursday,1034.79,802.95,231.84,22.4
TXN_3190,2024-03-07 10:30:00,CUST_101,Electronics,4,487.14,197.41,2024,3,March,Thursday,1948.56,789.64,1158.92,59.48
TXN_3191,2024-03-07 11:00:00,CUST_121,Home Goods,1,474.44,155.42,2024,3,March,Thursday,474.44,155.42,319.02,67.24
TXN_3192,2024-03-07 11:30:00,CUST_211,Electronics,1,24.36,103.7,2024,3,March,Thursday,24.36,103.7,-79.34,-325.7
TXN_3193,2024-03-07 12:00:00,CUST_156,Electronics,2,42.87,279.49,2024,3,March,Thursday,85.74,558.98,-473.24,-551.95
TXN_3194,2024-03-07 12:30:00,CUST_165,Electronics,5,336.66,53.74,2024,3,March,Thursday,1683.3,268.7,1414.6,84.04
TXN_3196,2024-03-07 13:30:00,CUST_197,Apparel,1,215.25,18.19,2024,3,March,Thursday,215.25,18.19,197.06,91.55
TXN_3197,2024-03-07 14:00:00,CUST_243,Apparel,3,216.46,50.2,2024,3,March,Thursday,649.38,150.6,498.78,76.81
TXN_3199,2024-03-07 15:00:00,CUST_224,Electronics,4,409.49,183.11,2024,3,March,Thursday,1637.96,732.44,905.52,55.28
TXN_3200,2024-03-07 15:30:00,CUST_266,Home Goods,5,393.31,83.49,2024,3,March,Thursday,1966.55,417.45,1549.1,78.77
TXN_3201,2024-03-07 16:00:00,CUST_185,Electronics,5,74.27,260.31,2024,3,March,Thursday,371.35,1301.55,-930.2,-250.49
TXN_3202,2024-03-07 16:30:00,CUST_175,Home Goods,5,288.44,131.56,2024,3,March,Thursday,1442.2,657.8,784.4,54.39
TXN_3203,2024-03-07 17:00:00,CUST_443,Electronics,1,405.24,23.1,2024,3,March,Thursday,405.24,23.1,382.14,94.3
TXN_3205,2024-03-07 18:00:00,CUST_158,Electronics,5,409.5,330.91,2024,3,March,Thursday,2047.5,1654.55,392.95,19.19
TXN_3206,2024-03-07 18:30:00,CUST_237,Apparel,2,492.52,220.31,2024,3,March,Thursday,985.04,440.62,544.42,55.27
TXN_3207,2024-03-07 19:00:00,CUST_198,Electronics,3,416.2,284.22,2024,3,March,Thursday,1248.6,852.66,395.94,31.71
TXN_3209,2024-03-07 20:00:00,CUST_342,Electronics,4,514.35,101.4,2024,3,March,Thursday,2057.4,405.6,1651.8,80.29
TXN_3210,2024-03-07 20:30:00,CUST_418,Electronics,3,541.84,120.58,2024,3,March,Thursday,1625.52,361.74,1263.78,77.75
TXN_3211,2024-03-07 21:00:00,CUST_148,Electronics,2,242.5,336.66,2024,3,March,Thursday,485.0,673.32,-188.32,-38.83
TXN_3212,2024-03-07 21:30:00,CUST_131,Apparel,2,116.35,184.16,2024,3,March,Thursday,232.7,368.32,-135.62,-58.28
TXN_3215,2024-03-07 23:00:00,CUST_119,Apparel,3,558.44,12.64,2024,3,March,Thursday,1675.32,37.92,1637.4,97.74
TXN_3216,2024-03-07 23:30:00,CUST_253,Apparel,1,28.38,90.85,2024,3,March,Thursday,28.38,90.85,-62.47,-220.12
TXN_3218,2024-03-08 00:30:00,CUST_167,Apparel,2,359.67,119.95,2024,3,March,Friday,719.34,239.9,479.44,66.65
TXN_3219,2024-03-08 01:00:00,CUST_465,Apparel,5,468.22,21.13,2024,3,March,Friday,2341.1,105.65,2235.45,95.49
TXN_3220,2024-03-08 01:30:00,CUST_471,Home Goods,4,248.12,49.55,2024,3,March,Friday,992.48,198.2,794.28,80.03
TXN_3221,2024-03-08 02:00:00,CUST_313,Electronics,4,595.15,197.3,2024,3,March,Friday,2380.6,789.2,1591.4,66.85
TXN_3222,2024-03-08 02:30:00,CUST_242,Electronics,2,148.12,246.51,2024,3,March,Friday,296.24,493.02,-196.78,-66.43
TXN_3223,2024-03-08 03:00:00,CUST_475,Apparel,5,169.64,147.55,2024,3,March,Friday,848.2,737.75,110.45,13.02
TXN_3224,2024-03-08 03:30:00,CUST_331,Electronics,3,45.09,258.7,2024,3,March,Friday,135.27,776.1,-640.83,-473.74
TXN_3225,2024-03-08 04:00:00,CUST_312,Home Goods,4,565.18,65.53,2024,3,March,Friday,2260.72,262.12,1998.6,88.41
TXN_3226,2024-03-08 04:30:00,CUST_178,Home Goods,5,281.78,51.5,2024,3,March,Friday,1408.9,257.5,1151.4,81.72
TXN_3227,2024-03-08 05:00:00,CUST_313,Electronics,5,409.79,295.41,2024,3,March,Friday,2048.95,1477.05,571.9,27.91
TXN_3228,2024-03-08 05:30:00,CUST_215,Electronics,1,417.15,125.33,2024,3,March,Friday,417.15,125.33,291.82,69.96
TXN_3229,2024-03-08 06:00:00,CUST_191,Apparel,2,526.58,156.96,2024,3,March,Friday,1053.16,313.92,739.24,70.19
TXN_3230,2024-03-08 06:30:00,CUST_369,Apparel,5,403.98,332.18,2024,3,March,Friday,2019.9,1660.9,359.0,17.77
TXN_3232,2024-03-08 07:30:00,CUST_267,Apparel,3,430.54,11.19,2024,3,March,Friday,1291.62,33.57,1258.05,97.4
TXN_3233,2024-03-08 08:00:00,CUST_157,Apparel,4,454.32,328.91,2024,3,March,Friday,1817.28,1315.64,501.64,27.6
TXN_3235,2024-03-08 09:00:00,CUST_125,Electronics,1,79.16,235.18,2024,3,March,Friday,79.16,235.18,-156.02,-197.09
TXN_3236,2024-03-08 09:30:00,CUST_468,Home Goods,3,58.79,119.78,2024,3,March,Friday,176.37,359.34,-182.97,-103.74
TXN_3237,2024-03-08 10:00:00,CUST_165,Electronics,4,233.82,169.93,2024,3,March,Friday,935.28,679.72,255.56,27.32
TXN_3238,2024-03-08 10:30:00,CUST_347,Home Goods,2,306.33,196.08,2024,3,March,Friday,612.66,392.16,220.5,35.99
TXN_3239,2024-03-08 11:00:00,CUST_353,Apparel,3,375.16,148.88,2024,3,March,Friday,1125.48,446.64,678.84,60.32
TXN_3240,2024-03-08 11:30:00,CUST_486,Apparel,4,575.45,273.29,2024,3,March,Friday,2301.8,1093.16,1208.64,52.51
TXN_3241,2024-03-08 12:00:00,CUST_143,Home Goods,1,208.51,326.44,2024,3,March,Friday,208.51,326.44,-117.93,-56.56
TXN_3243,2024-03-08 13:00:00,CUST_141,Electronics,4,325.84,282.09,2024,3,March,Friday,1303.36,1128.36,175.0,13.43
TXN_3244,2024-03-08 13:30:00,CUST_326,Electronics,5,143.75,53.75,2024,3,March,Friday,718.75,268.75,450.0,62.61
TXN_3245,2024-03-08 14:00:00,CUST_361,Home Goods,1,374.95,37.29,2024,3,March,Friday,374.95,37.29,337.66,90.05
TXN_3246,2024-03-08 14:30:00,CUST_266,Apparel,3,580.8,334.98,2024,3,March,Friday,1742.4,1004.94,737.46,42.32
TXN_3248,2024-03-08 15:30:00,CUST_188,Home Goods,2,311.76,61.89,2024,3,March,Friday,623.52,123.78,499.74,80.15
TXN_3250,2024-03-08 16:30:00,CUST_277,Electronics,1,202.91,99.5,2024,3,March,Friday,202.91,99.5,103.41,50.96
TXN_3252,2024-03-08 17:30:00,CUST_406,Apparel,1,507.02,222.38,2024,3,March,Friday,507.02,222.38,284.64,56.14
TXN_3253,2024-03-08 18:00:00,CUST_366,Apparel,1,442.24,305.55,2024,3,March,Friday,442.24,305.55,136.69,30.91
TXN_3254,2024-03-08 18:30:00,CUST_367,Electronics,4,285.77,11.05,2024,3,March,Friday,1143.08,44.2,1098.88,96.13
TXN_3255,2024-03-08 19:00:00,CUST_173,Electronics,5,546.9,82.81,2024,3,March,Friday,2734.5,414.05,2320.45,84.86
TXN_3257,2024-03-08 20:00:00,CUST_396,Apparel,2,456.08,43.01,2024,3,March,Friday,912.16,86.02,826.14,90.57
TXN_3259,2024-03-08 21:00:00,CUST_184,Home Goods,2,540.7,328.27,2024,3,March,Friday,1081.4,656.54,424.86,39.29
TXN_3260,2024-03-08 21:30:00,CUST_171,Electronics,5,481.5,264.76,2024,3,March,Friday,2407.5,1323.8,1083.7,45.01
TXN_3261,2024-03-08 22:00:00,CUST_154,Unknown,4,542.36,228.64,2024,3,March,Friday,2169.44,914.56,1254.88,57.84
TXN_3262,2024-03-08 22:30:00,CUST_492,Electronics,4,140.33,298.31,2024,3,March,Friday,561.32,1193.24,-631.92,-112.58
TXN_3263,2024-03-08 23:00:00,CUST_146,Home Goods,5,405.87,29.86,2024,3,March,Friday,2029.35,149.3,1880.05,92.64
TXN_3265,2024-03-09 00:00:00,CUST_337,Electronics,5,449.31,117.82,2024,3,March,Saturday,2246.55,589.1,1657.45,73.78
TXN_3266,2024-03-09 00:30:00,CUST_203,Home Goods,3,309.84,293.05,2024,3,March,Saturday,929.52,879.15,50.37,5.42
TXN_3267,2024-03-09 01:00:00,CUST_309,Home Goods,4,21.58,170.56,2024,3,March,Saturday,86.32,682.24,-595.92,-690.36
TXN_3269,2024-03-09 02:00:00,CUST_415,Apparel,1,204.13,87.95,2024,3,March,Saturday,204.13,87.95,116.18,56.91
TXN_3270,2024-03-09 02:30:00,CUST_367,Apparel,2,513.44,230.45,2024,3,March,Saturday,1026.88,460.9,565.98,55.12
TXN_3271,2024-03-09 03:00:00,CUST_485,Home Goods,4,506.92,311.87,2024,3,March,Saturday,2027.68,1247.48,780.2,38.48
TXN_3272,2024-03-09 03:30:00,CUST_362,Electronics,5,76.24,122.03,2024,3,March,Saturday,381.2,610.15,-228.95,-60.06
TXN_3273,2024-03-09 04:00:00,CUST_435,Apparel,1,570.65,220.52,2024,3,March,Saturday,570.65,220.52,350.13,61.36
TXN_3274,2024-03-09 04:30:00,CUST_486,Apparel,3,121.74,122.86,2024,3,March,Saturday,365.22,368.58,-3.36,-0.92
TXN_3276,2024-03-09 05:30:00,CUST_358,Home Goods,3,140.87,171.49,2024,3,March,Saturday,422.61,514.47,-91.86,-21.74
TXN_3277,2024-03-09 06:00:00,CUST_382,Electronics,1,518.29,125.42,2024,3,March,Saturday,518.29,125.42,392.87,75.8
TXN_3280,2024-03-09 07:30:00,CUST_139,Apparel,1,413.9,304.48,2024,3,March,Saturday,413.9,304.48,109.42,26.44
TXN_3282,2024-03-09 08:30:00,CUST_228,Electronics,5,238.64,172.32,2024,3,March,Saturday,1193.2,861.6,331.6,27.79
TXN_3285,2024-03-09 10:00:00,CUST_479,Apparel,5,527.64,163.81,2024,3,March,Saturday,2638.2,819.05,1819.15,68.95
TXN_3286,2024-03-09 10:30:00,CUST_275,Apparel,2,412.12,95.78,2024,3,March,Saturday,824.24,191.56,632.68,76.76
TXN_3290,2024-03-09 12:30:00,CUST_465,Apparel,2,217.75,291.86,2024,3,March,Saturday,435.5,583.72,-148.22,-34.03
TXN_3291,2024-03-09 13:00:00,CUST_345,Apparel,3,323.16,159.55,2024,3,March,Saturday,969.48,478.65,490.83,50.63
TXN_3292,2024-03-09 13:30:00,CUST_374,Apparel,1,177.46,266.11,2024,3,March,Saturday,177.46,266.11,-88.65,-49.95
TXN_3293,2024-03-09 14:00:00,CUST_131,Apparel,3,424.77,207.62,2024,3,March,Saturday,1274.31,622.86,651.45,51.12
TXN_3296,2024-03-09 15:30:00,CUST_494,Electronics,5,564.35,349.58,2024,3,March,Saturday,2821.75,1747.9,1073.85,38.06
TXN_3297,2024-03-09 16:00:00,CUST_401,Electronics,4,168.74,315.76,2024,3,March,Saturday,674.96,1263.04,-588.08,-87.13
TXN_3300,2024-03-09 17:30:00,CUST_228,Home Goods,5,156.1,231.08,2024,3,March,Saturday,780.5,1155.4,-374.9,-48.03
TXN_3301,2024-03-09 18:00:00,CUST_162,Apparel,4,142.22,300.23,2024,3,March,Saturday,568.88,1200.92,-632.04,-111.1
TXN_3302,2024-03-09 18:30:00,CUST_208,Apparel,1,191.89,177.65,2024,3,March,Saturday,191.89,177.65,14.24,7.42
TXN_3303,2024-03-09 19:00:00,CUST_474,Apparel,1,520.58,71.79,2024,3,March,Saturday,520.58,71.79,448.79,86.21
TXN_3305,2024-03-09 20:00:00,CUST_257,Apparel,1,413.38,322.63,2024,3,March,Saturday,413.38,322.63,90.75,21.95
TXN_3306,2024-03-09 20:30:00,CUST_368,Home Goods,2,282.41,126.06,2024,3,March,Saturday,564.82,252.12,312.7,55.36
TXN_3307,2024-03-09 21:00:00,CUST_261,Electronics,2,312.04,276.21,2024,3,March,Saturday,624.08,552.42,71.66,11.48
TXN_3308,2024-03-09 21:30:00,CUST_359,Home Goods,4,171.28,103.07,2024,3,March,Saturday,685.12,412.28,272.84,39.82
TXN_3309,2024-03-09 22:00:00,CUST_201,Apparel,3,58.47,330.48,2024,3,March,Saturday,175.41,991.44,-816.03,-465.21
TXN_3311,2024-03-09 23:00:00,CUST_158,Apparel,3,304.92,203.55,2024,3,March,Saturday,914.76,610.65,304.11,33.24
TXN_3312,2024-03-09 23:30:00,CUST_346,Apparel,4,48.53,275.16,2024,3,March,Saturday,194.12,1100.64,-906.52,-466.99
TXN_3313,2024-03-10 00:00:00,CUST_227,Electronics,2,66.62,286.5,2024,3,March,Sunday,133.24,573.0,-439.76,-330.05
TXN_3314,2024-03-10 00:30:00,CUST_382,Apparel,5,168.87,313.41,2024,3,March,Sunday,844.35,1567.05,-722.7,-85.59
TXN_3317,2024-03-10 02:00:00,CUST_230,Home Goods,4,83.96,51.79,2024,3,March,Sunday,335.84,207.16,128.68,38.32
TXN_3318,2024-03-10 02:30:00,CUST_452,Apparel,3,147.11,290.86,2024,3,March,Sunday,441.33,872.58,-431.25,-97.72
TXN_3319,2024-03-10 03:00:00,CUST_295,Home Goods,4,168.06,331.66,2024,3,March,Sunday,672.24,1326.64,-654.4,-97.35
TXN_3320,2024-03-10 03:30:00,CUST_380,Apparel,4,54.57,114.61,2024,3,March,Sunday,218.28,458.44,-240.16,-110.02
TXN_3321,2024-03-10 04:00:00,CUST_253,Electronics,1,205.77,12.92,2024,3,March,Sunday,205.77,12.92,192.85,93.72
TXN_3322,2024-03-10 04:30:00,CUST_481,Apparel,2,57.25,119.72,2024,3,March,Sunday,114.5,239.44,-124.94,-109.12
TXN_3324,2024-03-10 05:30:00,CUST_326,Unknown,1,240.84,268.75,2024,3,March,Sunday,240.84,268.75,-27.91,-11.59
TXN_3325,2024-03-10 06:00:00,CUST_288,Electronics,2,206.15,26.18,2024,3,March,Sunday,412.3,52.36,359.94,87.3
TXN_3326,2024-03-10 06:30:00,CUST_364,Home Goods,4,89.02,82.3,2024,3,March,Sunday,356.08,329.2,26.88,7.55
TXN_3327,2024-03-10 07:00:00,CUST_471,Home Goods,2,147.5,313.95,2024,3,March,Sunday,295.0,627.9,-332.9,-112.85
TXN_3328,2024-03-10 07:30:00,CUST_233,Apparel,3,151.13,62.64,2024,3,March,Sunday,453.39,187.92,265.47,58.55
TXN_3330,2024-03-10 08:30:00,CUST_159,Electronics,1,503.68,132.85,2024,3,March,Sunday,503.68,132.85,370.83,73.62
TXN_3332,2024-03-10 09:30:00,CUST_494,Apparel,4,375.85,35.11,2024,3,March,Sunday,1503.4,140.44,1362.96,90.66
TXN_3333,2024-03-10 10:00:00,CUST_463,Electronics,3,164.71,107.43,2024,3,March,Sunday,494.13,322.29,171.84,34.78
TXN_3334,2024-03-10 10:30:00,CUST_463,Home Goods,2,76.06,154.43,2024,3,March,Sunday,152.12,308.86,-156.74,-103.04
TXN_3336,2024-03-10 11:30:00,CUST_315,Apparel,2,91.99,201.59,2024,3,March,Sunday,183.98,403.18,-219.2,-119.14
TXN_3337,2024-03-10 12:00:00,CUST_325,Apparel,3,274.59,25.38,2024,3,March,Sunday,823.77,76.14,747.63,90.76
TXN_3339,2024-03-10 13:00:00,CUST_175,Apparel,2,339.38,28.54,2024,3,March,Sunday,678.76,57.08,621.68,91.59
TXN_3340,2024-03-10 13:30:00,CUST_385,Home Goods,1,586.91,327.68,2024,3,March,Sunday,586.91,327.68,259.23,44.17
TXN_3341,2024-03-10 14:00:00,CUST_376,Electronics,5,474.66,81.98,2024,3,March,Sunday,2373.3,409.9,1963.4,82.73
TXN_3342,2024-03-10 14:30:00,CUST_255,Electronics,2,467.9,175.89,2024,3,March,Sunday,935.8,351.78,584.02,62.41
TXN_3343,2024-03-10 15:00:00,CUST_347,Electronics,4,223.02,34.58,2024,3,March,Sunday,892.08,138.32,753.76,84.49
TXN_3344,2024-03-10 15:30:00,CUST_317,Apparel,2,19.91,200.98,2024,3,March,Sunday,39.82,401.96,-362.14,-909.44
TXN_3346,2024-03-10 16:30:00,CUST_262,Home Goods,4,599.84,149.48,2024,3,March,Sunday,2399.36,597.92,1801.44,75.08
TXN_3347,2024-03-10 17:00:00,CUST_279,Home Goods,2,252.44,22.09,2024,3,March,Sunday,504.88,44.18,460.7,91.25
TXN_3348,2024-03-10 17:30:00,CUST_133,Apparel,2,591.53,308.84,2024,3,March,Sunday,1183.06,617.68,565.38,47.79
TXN_3349,2024-03-10 18:00:00,CUST_140,Electronics,4,97.9,282.9,2024,3,March,Sunday,391.6,1131.6,-740.0,-188.97
TXN_3350,2024-03-10 18:30:00,CUST_406,Home Goods,1,188.46,225.23,2024,3,March,Sunday,188.46,225.23,-36.77,-19.51
TXN_3353,2024-03-10 20:00:00,CUST_174,Apparel,5,481.23,58.96,2024,3,March,Sunday,2406.15,294.8,2111.35,87.75
TXN_3354,2024-03-10 20:30:00,CUST_378,Home Goods,5,214.29,327.1,2024,3,March,Sunday,1071.45,1635.5,-564.05,-52.64
TXN_3356,2024-03-10 21:30:00,CUST_483,Electronics,1,333.73,233.21,2024,3,March,Sunday,333.73,233.21,100.52,30.12
TXN_3357,2024-03-10 22:00:00,CUST_249,Apparel,2,287.27,216.3,2024,3,March,Sunday,574.54,432.6,141.94,24.7
TXN_3358,2024-03-10 22:30:00,CUST_372,Electronics,5,475.42,226.45,2024,3,March,Sunday,2377.1,1132.25,1244.85,52.37
TXN_3359,2024-03-10 23:00:00,CUST_424,Electronics,1,74.34,308.84,2024,3,March,Sunday,74.34,308.84,-234.5,-315.44
TXN_3360,2024-03-10 23:30:00,CUST_207,Apparel,1,467.65,110.61,2024,3,March,Sunday,467.65,110.61,357.04,76.35
TXN_3361,2024-03-11 00:00:00,CUST_238,Electronics,5,157.13,264.64,2024,3,March,Monday,785.65,1323.2,-537.55,-68.42
TXN_3363,2024-03-11 01:00:00,CUST_370,Electronics,4,365.68,35.86,2024,3,March,Monday,1462.72,143.44,1319.28,90.19
TXN_3364,2024-03-11 01:30:00,CUST_446,Apparel,3,542.63,150.81,2024,3,March,Monday,1627.89,452.43,1175.46,72.21
TXN_3366,2024-03-11 02:30:00,CUST_311,Unknown,4,394.64,117.22,2024,3,March,Monday,1578.56,468.88,1109.68,70.3
TXN_3368,2024-03-11 03:30:00,CUST_371,Apparel,2,166.7,176.14,2024,3,March,Monday,333.4,352.28,-18.88,-5.66
TXN_3369,2024-03-11 04:00:00,CUST_165,Home Goods,4,498.93,220.12,2024,3,March,Monday,1995.72,880.48,1115.24,55.88
TXN_3371,2024-03-11 05:00:00,CUST_255,Apparel,3,117.76,69.0,2024,3,March,Monday,353.28,207.0,146.28,41.41
TXN_3373,2024-03-11 06:00:00,CUST_300,Electronics,3,158.99,154.25,2024,3,March,Monday,476.97,462.75,14.22,2.98
TXN_3374,2024-03-11 06:30:00,CUST_247,Home Goods,1,148.8,110.61,2024,3,March,Monday,148.8,110.61,38.19,25.67
TXN_3376,2024-03-11 07:30:00,CUST_100,Electronics,2,120.84,12.78,2024,3,March,Monday,241.68,25.56,216.12,89.42
TXN_3377,2024-03-11 08:00:00,CUST_346,Electronics,1,405.61,51.52,2024,3,March,Monday,405.61,51.52,354.09,87.3
TXN_3378,2024-03-11 08:30:00,CUST_442,Electronics,4,354.3,259.34,2024,3,March,Monday,1417.2,1037.36,379.84,26.8
TXN_3379,2024-03-11 09:00:00,CUST_227,Electronics,4,394.34,99.57,2024,3,March,Monday,1577.36,398.28,1179.08,74.75
TXN_3380,2024-03-11 09:30:00,CUST_290,Apparel,5,216.08,255.88,2024,3,March,Monday,1080.4,1279.4,-199.0,-18.42
TXN_3381,2024-03-11 10:00:00,CUST_166,Apparel,1,465.29,292.97,2024,3,March,Monday,465.29,292.97,172.32,37.03
TXN_3383,2024-03-11 11:00:00,CUST_402,Home Goods,1,349.11,75.26,2024,3,March,Monday,349.11,75.26,273.85,78.44
TXN_3384,2024-03-11 11:30:00,CUST_393,Electronics,1,176.14,59.4,2024,3,March,Monday,176.14,59.4,116.74,66.28
TXN_3385,2024-03-11 12:00:00,CUST_242,Electronics,1,323.65,78.03,2024,3,March,Monday,323.65,78.03,245.62,75.89
TXN_3386,2024-03-11 12:30:00,CUST_290,Electronics,3,204.33,100.84,2024,3,March,Monday,612.99,302.52,310.47,50.65
TXN_3387,2024-03-11 13:00:00,CUST_120,Apparel,5,477.45,305.37,2024,3,March,Monday,2387.25,1526.85,860.4,36.04
TXN_3389,2024-03-11 14:00:00,CUST_412,Electronics,2,449.41,10.63,2024,3,March,Monday,898.82,21.26,877.56,97.63
TXN_3390,2024-03-11 14:30:00,CUST_216,Electronics,2,117.72,307.2,2024,3,March,Monday,235.44,614.4,-378.96,-160.96
TXN_3391,2024-03-11 15:00:00,CUST_401,Home Goods,2,175.8,36.8,2024,3,March,Monday,351.6,73.6,278.0,79.07
TXN_3392,2024-03-11 15:30:00,CUST_241,Unknown,3,552.82,232.79,2024,3,March,Monday,1658.46,698.37,960.09,57.89
TXN_3393,2024-03-11 16:00:00,CUST_138,Electronics,5,270.77,61.5,2024,3,March,Monday,1353.85,307.5,1046.35,77.29
TXN_3395,2024-03-11 17:00:00,CUST_454,Apparel,5,244.58,268.32,2024,3,March,Monday,1222.9,1341.6,-118.7,-9.71
TXN_3396,2024-03-11 17:30:00,CUST_351,Apparel,3,571.79,168.85,2024,3,March,Monday,1715.37,506.55,1208.82,70.47
TXN_3398,2024-03-11 18:30:00,CUST_306,Home Goods,1,401.41,154.62,2024,3,March,Monday,401.41,154.62,246.79,61.48
TXN_3399,2024-03-11 19:00:00,CUST_309,Apparel,4,20.16,32.84,2024,3,March,Monday,80.64,131.36,-50.72,-62.9
TXN_3400,2024-03-11 19:30:00,CUST_214,Apparel,1,249.2,261.47,2024,3,March,Monday,249.2,261.47,-12.27,-4.92
TXN_3401,2024-03-11 20:00:00,CUST_324,Apparel,2,548.07,288.92,2024,3,March,Monday,1096.14,577.84,518.3,47.28
TXN_3402,2024-03-11 20:30:00,CUST_233,Unknown,1,532.79,24.08,2024,3,March,Monday,532.79,24.08,508.71,95.48
TXN_3403,2024-03-11 21:00:00,CUST_350,Home Goods,3,124.62,137.74,2024,3,March,Monday,373.86,413.22,-39.36,-10.53
TXN_3404,2024-03-11 21:30:00,CUST_318,Electronics,2,248.52,199.49,2024,3,March,Monday,497.04,398.98,98.06,19.73
TXN_3405,2024-03-11 22:00:00,CUST_190,Electronics,4,503.77,215.76,2024,3,March,Monday,2015.08,863.04,1152.04,57.17
TXN_3408,2024-03-11 23:30:00,CUST_145,Apparel,2,498.54,338.72,2024,3,March,Monday,997.08,677.44,319.64,32.06
TXN_3411,2024-03-12 01:00:00,CUST_199,Unknown,1,99.95,247.69,2024,3,March,Tuesday,99.95,247.69,-147.74,-147.81
TXN_3413,2024-03-12 02:00:00,CUST_289,Home Goods,5,562.13,141.5,2024,3,March,Tuesday,2810.65,707.5,2103.15,74.83
TXN_3414,2024-03-12 02:30:00,CUST_134,Home Goods,5,292.97,222.19,2024,3,March,Tuesday,1464.85,1110.95,353.9,24.16
TXN_3416,2024-03-12 03:30:00,CUST_129,Apparel,5,203.09,208.89,2024,3,March,Tuesday,1015.45,1044.45,-29.0,-2.86
TXN_3417,2024-03-12 04:00:00,CUST_433,Electronics,2,220.58,79.74,2024,3,March,Tuesday,441.16,159.48,281.68,63.85
TXN_3418,2024-03-12 04:30:00,CUST_183,Home Goods,5,488.59,182.03,2024,3,March,Tuesday,2442.95,910.15,1532.8,62.74
TXN_3419,2024-03-12 05:00:00,CUST_468,Apparel,3,445.25,310.68,2024,3,March,Tuesday,1335.75,932.04,403.71,30.22
TXN_3421,2024-03-12 06:00:00,CUST_443,Apparel,4,27.79,265.27,2024,3,March,Tuesday,111.16,1061.08,-949.92,-854.55
TXN_3422,2024-03-12 06:30:00,CUST_369,Apparel,5,547.76,247.05,2024,3,March,Tuesday,2738.8,1235.25,1503.55,54.9
TXN_3423,2024-03-12 07:00:00,CUST_253,Electronics,3,141.1,62.11,2024,3,March,Tuesday,423.3,186.33,236.97,55.98
TXN_3424,2024-03-12 07:30:00,CUST_201,Electronics,3,383.0,166.22,2024,3,March,Tuesday,1149.0,498.66,650.34,56.6
TXN_3425,2024-03-12 08:00:00,CUST_314,Apparel,2,51.16,47.72,2024,3,March,Tuesday,102.32,95.44,6.88,6.72
TXN_3427,2024-03-12 09:00:00,CUST_182,Home Goods,2,20.6,108.95,2024,3,March,Tuesday,41.2,217.9,-176.7,-428.88
TXN_3428,2024-03-12 09:30:00,CUST_209,Home Goods,4,346.07,270.73,2024,3,March,Tuesday,1384.28,1082.92,301.36,21.77
TXN_3429,2024-03-12 10:00:00,CUST_486,Apparel,4,383.19,286.96,2024,3,March,Tuesday,1532.76,1147.84,384.92,25.11
TXN_3430,2024-03-12 10:30:00,CUST_374,Home Goods,1,44.52,313.45,2024,3,March,Tuesday,44.52,313.45,-268.93,-604.07
TXN_3431,2024-03-12 11:00:00,CUST_300,Apparel,4,184.93,266.3,2024,3,March,Tuesday,739.72,1065.2,-325.48,-44.0
TXN_3436,2024-03-12 13:30:00,CUST_162,Electronics,2,507.73,54.42,2024,3,March,Tuesday,1015.46,108.84,906.62,89.28
TXN_3437,2024-03-12 14:00:00,CUST_172,Apparel,3,164.09,71.89,2024,3,March,Tuesday,492.27,215.67,276.6,56.19
TXN_3438,2024-03-12 14:30:00,CUST_350,Home Goods,1,598.33,327.54,2024,3,March,Tuesday,598.33,327.54,270.79,45.26
TXN_3441,2024-03-12 16:00:00,CUST_220,Home Goods,4,86.43,72.77,2024,3,March,Tuesday,345.72,291.08,54.64,15.8
TXN_3442,2024-03-12 16:30:00,CUST_374,Home Goods,3,412.92,341.6,2024,3,March,Tuesday,1238.76,1024.8,213.96,17.27
TXN_3443,2024-03-12 17:00:00,CUST_497,Electronics,2,157.43,134.64,2024,3,March,Tuesday,314.86,269.28,45.58,14.48
TXN_3444,2024-03-12 17:30:00,CUST_219,Electronics,5,382.89,150.13,2024,3,March,Tuesday,1914.45,750.65,1163.8,60.79
TXN_3445,2024-03-12 18:00:00,CUST_416,Apparel,1,145.55,147.53,2024,3,March,Tuesday,145.55,147.53,-1.98,-1.36
TXN_3447,2024-03-12 19:00:00,CUST_385,Electronics,3,516.15,84.22,2024,3,March,Tuesday,1548.45,252.66,1295.79,83.68
TXN_3448,2024-03-12 19:30:00,CUST_364,Electronics,2,447.26,292.55,2024,3,March,Tuesday,894.52,585.1,309.42,34.59
TXN_3449,2024-03-12 20:00:00,CUST_419,Home Goods,2,105.44,233.4,2024,3,March,Tuesday,210.88,466.8,-255.92,-121.36
TXN_3450,2024-03-12 20:30:00,CUST_260,Apparel,1,370.51,84.9,2024,3,March,Tuesday,370.51,84.9,285.61,77.09
TXN_3451,2024-03-12 21:00:00,CUST_475,Unknown,1,382.75,32.24,2024,3,March,Tuesday,382.75,32.24,350.51,91.58
TXN_3452,2024-03-12 21:30:00,CUST_407,Home Goods,4,67.98,273.5,2024,3,March,Tuesday,271.92,1094.0,-822.08,-302.32
TXN_3453,2024-03-12 22:00:00,CUST_188,Home Goods,4,287.5,84.45,2024,3,March,Tuesday,1150.0,337.8,812.2,70.63
TXN_3456,2024-03-12 23:30:00,CUST_408,Electronics,1,469.59,219.56,2024,3,March,Tuesday,469.59,219.56,250.03,53.24
TXN_3457,2024-03-13 00:00:00,CUST_326,Apparel,1,107.58,245.34,2024,3,March,Wednesday,107.58,245.34,-137.76,-128.05
TXN_3458,2024-03-13 00:30:00,CUST_433,Apparel,3,87.13,233.62,2024,3,March,Wednesday,261.39,700.86,-439.47,-168.13
TXN_3459,2024-03-13 01:00:00,CUST_321,Electronics,4,172.55,117.45,2024,3,March,Wednesday,690.2,469.8,220.4,31.93
TXN_3460,2024-03-13 01:30:00,CUST_140,Home Goods,2,572.08,307.68,2024,3,March,Wednesday,1144.16,615.36,528.8,46.22
TXN_3464,2024-03-13 03:30:00,CUST_101,Electronics,4,165.58,202.57,2024,3,March,Wednesday,662.32,810.28,-147.96,-22.34
TXN_3465,2024-03-13 04:00:00,CUST_460,Apparel,4,388.31,331.88,2024,3,March,Wednesday,1553.24,1327.52,225.72,14.53
TXN_3466,2024-03-13 04:30:00,CUST_224,Home Goods,1,283.69,314.78,2024,3,March,Wednesday,283.69,314.78,-31.09,-10.96
TXN_3468,2024-03-13 05:30:00,CUST_185,Home Goods,1,143.1,99.34,2024,3,March,Wednesday,143.1,99.34,43.76,30.58
TXN_3469,2024-03-13 06:00:00,CUST_219,Electronics,4,358.9,343.69,2024,3,March,Wednesday,1435.6,1374.76,60.84,4.24
TXN_3470,2024-03-13 06:30:00,CUST_226,Apparel,5,424.62,90.43,2024,3,March,Wednesday,2123.1,452.15,1670.95,78.7
TXN_3471,2024-03-13 07:00:00,CUST_354,Apparel,5,497.96,334.18,2024,3,March,Wednesday,2489.8,1670.9,818.9,32.89
TXN_3473,2024-03-13 08:00:00,CUST_115,Electronics,4,416.85,27.04,2024,3,March,Wednesday,1667.4,108.16,1559.24,93.51
TXN_3475,2024-03-13 09:00:00,CUST_468,Home Goods,5,269.75,171.89,2024,3,March,Wednesday,1348.75,859.45,489.3,36.28
TXN_3478,2024-03-13 10:30:00,CUST_134,Electronics,4,435.51,115.6,2024,3,March,Wednesday,1742.04,462.4,1279.64,73.46
TXN_3480,2024-03-13 11:30:00,CUST_163,Apparel,1,494.73,36.87,2024,3,March,Wednesday,494.73,36.87,457.86,92.55
TXN_3481,2024-03-13 12:00:00,CUST_149,Electronics,1,30.13,197.52,2024,3,March,Wednesday,30.13,197.52,-167.39,-555.56
TXN_3482,2024-03-13 12:30:00,CUST_354,Home Goods,1,75.11,181.44,2024,3,March,Wednesday,75.11,181.44,-106.33,-141.57
TXN_3483,2024-03-13 13:00:00,CUST_248,Apparel,2,401.9,29.49,2024,3,March,Wednesday,803.8,58.98,744.82,92.66
TXN_3484,2024-03-13 13:30:00,CUST_424,Home Goods,1,185.38,39.84,2024,3,March,Wednesday,185.38,39.84,145.54,78.51
TXN_3486,2024-03-13 14:30:00,CUST_375,Home Goods,1,270.1,55.61,2024,3,March,Wednesday,270.1,55.61,214.49,79.41
TXN_3487,2024-03-13 15:00:00,CUST_456,Apparel,4,266.18,172.54,2024,3,March,Wednesday,1064.72,690.16,374.56,35.18
TXN_3488,2024-03-13 15:30:00,CUST_271,Apparel,5,411.68,217.02,2024,3,March,Wednesday,2058.4,1085.1,973.3,47.28
TXN_3490,2024-03-13 16:30:00,CUST_492,Apparel,5,293.2,195.8,2024,3,March,Wednesday,1466.0,979.0,487.0,33.22
TXN_3491,2024-03-13 17:00:00,CUST_423,Electronics,1,140.19,139.08,2024,3,March,Wednesday,140.19,139.08,1.11,0.79
TXN_3492,2024-03-13 17:30:00,CUST_134,Apparel,1,467.39,54.12,2024,3,March,Wednesday,467.39,54.12,413.27,88.42
TXN_3493,2024-03-13 18:00:00,CUST_315,Home Goods,1,202.41,94.15,2024,3,March,Wednesday,202.41,94.15,108.26,53.49
TXN_3495,2024-03-13 19:00:00,CUST_107,Apparel,4,384.51,324.2,2024,3,March,Wednesday,1538.04,1296.8,241.24,15.68
TXN_3496,2024-03-13 19:30:00,CUST_400,Apparel,4,67.92,78.88,2024,3,March,Wednesday,271.68,315.52,-43.84,-16.14
TXN_3497,2024-03-13 20:00:00,CUST_442,Unknown,4,583.24,150.54,2024,3,March,Wednesday,2332.96,602.16,1730.8,74.19
TXN_3498,2024-03-13 20:30:00,CUST_431,Electronics,5,384.95,258.99,2024,3,March,Wednesday,1924.75,1294.95,629.8,32.72
TXN_3501,2024-03-13 22:00:00,CUST_146,Apparel,2,583.16,74.91,2024,3,March,Wednesday,1166.32,149.82,1016.5,87.15
TXN_3502,2024-03-13 22:30:00,CUST_114,Apparel,5,100.15,15.62,2024,3,March,Wednesday,500.75,78.1,422.65,84.4
TXN_3503,2024-03-13 23:00:00,CUST_460,Electronics,4,38.81,119.59,2024,3,March,Wednesday,155.24,478.36,-323.12,-208.14
TXN_3504,2024-03-13 23:30:00,CUST_246,Electronics,3,34.3,60.9,2024,3,March,Wednesday,102.9,182.7,-79.8,-77.55
TXN_3505,2024-03-14 00:00:00,CUST_125,Apparel,2,286.95,196.48,2024,3,March,Thursday,573.9,392.96,180.94,31.53
TXN_3506,2024-03-14 00:30:00,CUST_407,Electronics,1,63.56,315.58,2024,3,March,Thursday,63.56,315.58,-252.02,-396.51
TXN_3508,2024-03-14 01:30:00,CUST_331,Home Goods,5,206.59,56.17,2024,3,March,Thursday,1032.95,280.85,752.1,72.81
TXN_3510,2024-03-14 02:30:00,CUST_406,Apparel,2,386.83,319.89,2024,3,March,Thursday,773.66,639.78,133.88,17.3
TXN_3512,2024-03-14 03:30:00,CUST_375,Electronics,3,463.43,324.05,2024,3,March,Thursday,1390.29,972.15,418.14,30.08
TXN_3513,2024-03-14 04:00:00,CUST_256,Electronics,2,355.49,260.31,2024,3,March,Thursday,710.98,520.62,190.36,26.77
TXN_3514,2024-03-14 04:30:00,CUST_278,Apparel,5,550.24,347.74,2024,3,March,Thursday,2751.2,1738.7,1012.5,36.8
TXN_3515,2024-03-14 05:00:00,CUST_231,Home Goods,4,228.43,306.22,2024,3,March,Thursday,913.72,1224.88,-311.16,-34.05
TXN_3516,2024-03-14 05:30:00,CUST_410,Home Goods,1,589.89,150.83,2024,3,March,Thursday,589.89,150.83,439.06,74.43
TXN_3517,2024-03-14 06:00:00,CUST_447,Home Goods,4,351.86,267.8,2024,3,March,Thursday,1407.44,1071.2,336.24,23.89
TXN_3518,2024-03-14 06:30:00,CUST_127,Home Goods,4,584.44,170.22,2024,3,March,Thursday,2337.76,680.88,1656.88,70.87
TXN_3519,2024-03-14 07:00:00,CUST_359,Electronics,5,30.83,89.24,2024,3,March,Thursday,154.15,446.2,-292.05,-189.46
TXN_3520,2024-03-14 07:30:00,CUST_175,Electronics,4,440.87,91.95,2024,3,March,Thursday,1763.48,367.8,1395.68,79.14
TXN_3521,2024-03-14 08:00:00,CUST_166,Electronics,4,492.72,145.09,2024,3,March,Thursday,1970.88,580.36,1390.52,70.55
TXN_3522,2024-03-14 08:30:00,CUST_441,Electronics,5,46.11,47.9,2024,3,March,Thursday,230.55,239.5,-8.95,-3.88
TXN_3523,2024-03-14 09:00:00,CUST_293,Apparel,5,353.7,70.44,2024,3,March,Thursday,1768.5,352.2,1416.3,80.08
TXN_3524,2024-03-14 09:30:00,CUST_261,Apparel,3,484.14,180.21,2024,3,March,Thursday,1452.42,540.63,911.79,62.78
TXN_3525,2024-03-14 10:00:00,CUST_446,Electronics,4,343.21,334.33,2024,3,March,Thursday,1372.84,1337.32,35.52,2.59
TXN_3526,2024-03-14 10:30:00,CUST_460,Home Goods,2,52.33,206.41,2024,3,March,Thursday,104.66,412.82,-308.16,-294.44
TXN_3528,2024-03-14 11:30:00,CUST_171,Apparel,1,50.45,92.52,2024,3,March,Thursday,50.45,92.52,-42.07,-83.39
TXN_3530,2024-03-14 12:30:00,CUST_361,Apparel,1,40.17,233.86,2024,3,March,Thursday,40.17,233.86,-193.69,-482.18
TXN_3531,2024-03-14 13:00:00,CUST_313,Apparel,5,95.38,298.43,2024,3,March,Thursday,476.9,1492.15,-1015.25,-212.89
TXN_3533,2024-03-14 14:00:00,CUST_309,Apparel,5,385.52,197.22,2024,3,March,Thursday,1927.6,986.1,941.5,48.84
TXN_3536,2024-03-14 15:30:00,CUST_361,Apparel,3,98.48,129.3,2024,3,March,Thursday,295.44,387.9,-92.46,-31.3
TXN_3537,2024-03-14 16:00:00,CUST_317,Apparel,4,230.79,258.12,2024,3,March,Thursday,923.16,1032.48,-109.32,-11.84
TXN_3538,2024-03-14 16:30:00,CUST_382,Apparel,5,504.19,242.77,2024,3,March,Thursday,2520.95,1213.85,1307.1,51.85
TXN_3540,2024-03-14 17:30:00,CUST_479,Electronics,5,203.14,90.86,2024,3,March,Thursday,1015.7,454.3,561.4,55.27
TXN_3541,2024-03-14 18:00:00,CUST_461,Apparel,1,343.3,241.19,2024,3,March,Thursday,343.3,241.19,102.11,29.74
TXN_3542,2024-03-14 18:30:00,CUST_192,Home Goods,4,167.41,102.28,2024,3,March,Thursday,669.64,409.12,260.52,38.9
TXN_3543,2024-03-14 19:00:00,CUST_208,Apparel,3,249.68,286.9,2024,3,March,Thursday,749.04,860.7,-111.66,-14.91
TXN_3545,2024-03-14 20:00:00,CUST_454,Apparel,5,485.42,74.72,2024,3,March,Thursday,2427.1,373.6,2053.5,84.61
TXN_3546,2024-03-14 20:30:00,CUST_241,Electronics,5,555.69,105.65,2024,3,March,Thursday,2778.45,528.25,2250.2,80.99
TXN_3547,2024-03-14 21:00:00,CUST_390,Apparel,5,459.35,324.6,2024,3,March,Thursday,2296.75,1623.0,673.75,29.33
TXN_3548,2024-03-14 21:30:00,CUST_336,Apparel,1,271.86,280.75,2024,3,March,Thursday,271.86,280.75,-8.89,-3.27
TXN_3550,2024-03-14 22:30:00,CUST_411,Apparel,5,88.17,159.76,2024,3,March,Thursday,440.85,798.8,-357.95,-81.2
TXN_3551,2024-03-14 23:00:00,CUST_276,Electronics,5,451.92,289.67,2024,3,March,Thursday,2259.6,1448.35,811.25,35.9
TXN_3552,2024-03-14 23:30:00,CUST_240,Electronics,1,363.94,300.19,2024,3,March,Thursday,363.94,300.19,63.75,17.52
TXN_3553,2024-03-15 00:00:00,CUST_288,Home Goods,5,542.93,145.99,2024,3,March,Friday,2714.65,729.95,1984.7,73.11
TXN_3554,2024-03-15 00:30:00,CUST_148,Electronics,4,132.36,348.12,2024,3,March,Friday,529.44,1392.48,-863.04,-163.01
TXN_3555,2024-03-15 01:00:00,CUST_401,Apparel,4,459.44,299.42,2024,3,March,Friday,1837.76,1197.68,640.08,34.83
TXN_3556,2024-03-15 01:30:00,CUST_468,Electronics,1,415.53,341.19,2024,3,March,Friday,415.53,341.19,74.34,17.89
TXN_3557,2024-03-15 02:00:00,CUST_289,Home Goods,4,170.52,304.61,2024,3,March,Friday,682.08,1218.44,-536.36,-78.64
TXN_3561,2024-03-15 04:00:00,CUST_452,Home Goods,3,435.98,276.33,2024,3,March,Friday,1307.94,828.99,478.95,36.62
TXN_3562,2024-03-15 04:30:00,CUST_189,Apparel,5,43.12,82.38,2024,3,March,Friday,215.6,411.9,-196.3,-91.05
TXN_3563,2024-03-15 05:00:00,CUST_394,Apparel,3,525.27,259.15,2024,3,March,Friday,1575.81,777.45,798.36,50.66
TXN_3564,2024-03-15 05:30:00,CUST_440,Home Goods,4,399.8,277.02,2024,3,March,Friday,1599.2,1108.08,491.12,30.71
TXN_3565,2024-03-15 06:00:00,CUST_344,Home Goods,1,196.6,253.62,2024,3,March,Friday,196.6,253.62,-57.02,-29.0
TXN_3567,2024-03-15 07:00:00,CUST_417,Unknown,1,82.98,150.53,2024,3,March,Friday,82.98,150.53,-67.55,-81.41
TXN_3568,2024-03-15 07:30:00,CUST_205,Electronics,3,44.39,195.22,2024,3,March,Friday,133.17,585.66,-452.49,-339.78
TXN_3569,2024-03-15 08:00:00,CUST_462,Electronics,4,456.15,13.63,2024,3,March,Friday,1824.6,54.52,1770.08,97.01
TXN_3571,2024-03-15 09:00:00,CUST_481,Electronics,5,29.19,229.03,2024,3,March,Friday,145.95,1145.15,-999.2,-684.62
TXN_3573,2024-03-15 10:00:00,CUST_364,Electronics,4,297.33,77.09,2024,3,March,Friday,1189.32,308.36,880.96,74.07
TXN_3575,2024-03-15 11:00:00,CUST_136,Apparel,4,40.77,126.99,2024,3,March,Friday,163.08,507.96,-344.88,-211.48
TXN_3576,2024-03-15 11:30:00,CUST_404,Apparel,1,125.64,253.58,2024,3,March,Friday,125.64,253.58,-127.94,-101.83
TXN_3577,2024-03-15 12:00:00,CUST_140,Home Goods,2,412.28,217.3,2024,3,March,Friday,824.56,434.6,389.96,47.29
TXN_3580,2024-03-15 13:30:00,CUST_376,Home Goods,5,100.65,99.3,2024,3,March,Friday,503.25,496.5,6.75,1.34
TXN_3583,2024-03-15 15:00:00,CUST_282,Electronics,5,73.98,349.29,2024,3,March,Friday,369.9,1746.45,-1376.55,-372.14
TXN_3586,2024-03-15 16:30:00,CUST_496,Electronics,1,207.86,194.05,2024,3,March,Friday,207.86,194.05,13.81,6.64
TXN_3587,2024-03-15 17:00:00,CUST_291,Electronics,4,453.32,39.22,2024,3,March,Friday,1813.28,156.88,1656.4,91.35
TXN_3588,2024-03-15 17:30:00,CUST_366,Electronics,1,58.75,19.12,2024,3,March,Friday,58.75,19.12,39.63,67.46
TXN_3589,2024-03-15 18:00:00,CUST_246,Apparel,4,518.36,133.31,2024,3,March,Friday,2073.44,533.24,1540.2,74.28
TXN_3590,2024-03-15 18:30:00,CUST_494,Home Goods,2,492.5,282.76,2024,3,March,Friday,985.0,565.52,419.48,42.59
TXN_3592,2024-03-15 19:30:00,CUST_226,Electronics,2,195.98,249.5,2024,3,March,Friday,391.96,499.0,-107.04,-27.31
TXN_3593,2024-03-15 20:00:00,CUST_145,Electronics,3,496.39,232.83,2024,3,March,Friday,1489.17,698.49,790.68,53.1
TXN_3595,2024-03-15 21:00:00,CUST_100,Electronics,4,87.78,36.35,2024,3,March,Friday,351.12,145.4,205.72,58.59
TXN_3596,2024-03-15 21:30:00,CUST_267,Home Goods,1,41.3,321.21,2024,3,March,Friday,41.3,321.21,-279.91,-677.75
TXN_3597,2024-03-15 22:00:00,CUST_207,Electronics,1,564.5,112.12,2024,3,March,Friday,564.5,112.12,452.38,80.14
TXN_3599,2024-03-15 23:00:00,CUST_431,Electronics,1,551.81,241.72,2024,3,March,Friday,551.81,241.72,310.09,56.2
TXN_3600,2024-03-15 23:30:00,CUST_171,Apparel,3,174.48,83.67,2024,3,March,Friday,523.44,251.01,272.43,52.05
TXN_3601,2024-03-16 00:00:00,CUST_208,Apparel,5,545.93,171.71,2024,3,March,Saturday,2729.65,858.55,1871.1,68.55
TXN_3602,2024-03-16 00:30:00,CUST_367,Apparel,1,543.8,27.14,2024,3,March,Saturday,543.8,27.14,516.66,95.01
TXN_3604,2024-03-16 01:30:00,CUST_400,Apparel,2,305.25,162.19,2024,3,March,Saturday,610.5,324.38,286.12,46.87
TXN_3606,2024-03-16 02:30:00,CUST_202,Electronics,1,571.2,141.13,2024,3,March,Saturday,571.2,141.13,430.07,75.29
TXN_3607,2024-03-16 03:00:00,CUST_349,Electronics,1,204.9,128.27,2024,3,March,Saturday,204.9,128.27,76.63,37.4
TXN_3608,2024-03-16 03:30:00,CUST_107,Apparel,1,260.04,320.95,2024,3,March,Saturday,260.04,320.95,-60.91,-23.42
TXN_3611,2024-03-16 05:00:00,CUST_273,Electronics,5,455.98,36.56,2024,3,March,Saturday,2279.9,182.8,2097.1,91.98
TXN_3612,2024-03-16 05:30:00,CUST_442,Apparel,1,58.23,334.86,2024,3,March,Saturday,58.23,334.86,-276.63,-475.06
TXN_3613,2024-03-16 06:00:00,CUST_257,Electronics,5,321.25,38.95,2024,3,March,Saturday,1606.25,194.75,1411.5,87.88
TXN_3614,2024-03-16 06:30:00,CUST_314,Apparel,5,86.55,272.2,2024,3,March,Saturday,432.75,1361.0,-928.25,-214.5
TXN_3617,2024-03-16 08:00:00,CUST_439,Electronics,3,505.78,10.58,2024,3,March,Saturday,1517.34,31.74,1485.6,97.91
TXN_3618,2024-03-16 08:30:00,CUST_437,Unknown,2,128.21,328.09,2024,3,March,Saturday,256.42,656.18,-399.76,-155.9
TXN_3619,2024-03-16 09:00:00,CUST_245,Electronics,1,487.94,262.34,2024,3,March,Saturday,487.94,262.34,225.6,46.24
TXN_3620,2024-03-16 09:30:00,CUST_423,Apparel,1,479.47,243.39,2024,3,March,Saturday,479.47,243.39,236.08,49.24
TXN_3621,2024-03-16 10:00:00,CUST_260,Electronics,1,306.85,159.11,2024,3,March,Saturday,306.85,159.11,147.74,48.15
TXN_3622,2024-03-16 10:30:00,CUST_226,Electronics,5,151.8,91.13,2024,3,March,Saturday,759.0,455.65,303.35,39.97
TXN_3624,2024-03-16 11:30:00,CUST_246,Apparel,4,286.98,216.82,2024,3,March,Saturday,1147.92,867.28,280.64,24.45
TXN_3625,2024-03-16 12:00:00,CUST_338,Unknown,2,20.15,256.96,2024,3,March,Saturday,40.3,513.92,-473.62,-1175.24
TXN_3627,2024-03-16 13:00:00,CUST_212,Home Goods,1,572.38,345.55,2024,3,March,Saturday,572.38,345.55,226.83,39.63
TXN_3628,2024-03-16 13:30:00,CUST_324,Apparel,4,105.5,32.78,2024,3,March,Saturday,422.0,131.12,290.88,68.93
TXN_3629,2024-03-16 14:00:00,CUST_431,Apparel,4,350.41,37.1,2024,3,March,Saturday,1401.64,148.4,1253.24,89.41
TXN_3631,2024-03-16 15:00:00,CUST_342,Home Goods,4,518.41,230.22,2024,3,March,Saturday,2073.64,920.88,1152.76,55.59
TXN_3632,2024-03-16 15:30:00,CUST_242,Apparel,2,512.47,120.95,2024,3,March,Saturday,1024.94,241.9,783.04,76.4
TXN_3633,2024-03-16 16:00:00,CUST_140,Apparel,4,495.78,269.06,2024,3,March,Saturday,1983.12,1076.24,906.88,45.73
TXN_3635,2024-03-16 17:00:00,CUST_384,Electronics,1,536.01,17.18,2024,3,March,Saturday,536.01,17.18,518.83,96.79
TXN_3637,2024-03-16 18:00:00,CUST_301,Electronics,1,305.04,92.66,2024,3,March,Saturday,305.04,92.66,212.38,69.62
TXN_3638,2024-03-16 18:30:00,CUST_406,Apparel,3,222.42,49.21,2024,3,March,Saturday,667.26,147.63,519.63,77.88
TXN_3639,2024-03-16 19:00:00,CUST_430,Electronics,5,257.32,86.59,2024,3,March,Saturday,1286.6,432.95,853.65,66.35
TXN_3640,2024-03-16 19:30:00,CUST_365,Home Goods,4,210.51,171.89,2024,3,March,Saturday,842.04,687.56,154.48,18.35
TXN_3642,2024-03-16 20:30:00,CUST_309,Home Goods,5,376.79,310.27,2024,3,March,Saturday,1883.95,1551.35,332.6,17.65
TXN_3643,2024-03-16 21:00:00,CUST_150,Electronics,5,344.12,200.37,2024,3,March,Saturday,1720.6,1001.85,718.75,41.77
TXN_3644,2024-03-16 21:30:00,CUST_217,Home Goods,5,285.61,109.62,2024,3,March,Saturday,1428.05,548.1,879.95,61.62
TXN_3645,2024-03-16 22:00:00,CUST_300,Apparel,5,71.07,243.58,2024,3,March,Saturday,355.35,1217.9,-862.55,-242.73
TXN_3646,2024-03-16 22:30:00,CUST_476,Electronics,5,481.18,283.44,2024,3,March,Saturday,2405.9,1417.2,988.7,41.09
TXN_3647,2024-03-16 23:00:00,CUST_138,Apparel,1,117.34,218.73,2024,3,March,Saturday,117.34,218.73,-101.39,-86.41
TXN_3648,2024-03-16 23:30:00,CUST_127,Electronics,2,82.02,78.85,2024,3,March,Saturday,164.04,157.7,6.34,3.86
TXN_3649,2024-03-17 00:00:00,CUST_358,Electronics,4,379.5,47.5,2024,3,March,Sunday,1518.0,190.0,1328.0,87.48
TXN_3650,2024-03-17 00:30:00,CUST_183,Home Goods,4,248.21,302.37,2024,3,March,Sunday,992.84,1209.48,-216.64,-21.82
TXN_3651,2024-03-17 01:00:00,CUST_254,Apparel,1,49.99,89.79,2024,3,March,Sunday,49.99,89.79,-39.8,-79.62
TXN_3653,2024-03-17 02:00:00,CUST_101,Electronics,1,466.49,228.59,2024,3,March,Sunday,466.49,228.59,237.9,51.0
TXN_3655,2024-03-17 03:00:00,CUST_265,Home Goods,5,227.23,346.93,2024,3,March,Sunday,1136.15,1734.65,-598.5,-52.68
TXN_3656,2024-03-17 03:30:00,CUST_486,Electronics,2,127.21,305.71,2024,3,March,Sunday,254.42,611.42,-357.0,-140.32
TXN_3657,2024-03-17 04:00:00,CUST_499,Unknown,4,384.6,216.87,2024,3,March,Sunday,1538.4,867.48,670.92,43.61
TXN_3659,2024-03-17 05:00:00,CUST_395,Electronics,3,393.07,169.98,2024,3,March,Sunday,1179.21,509.94,669.27,56.76
TXN_3660,2024-03-17 05:30:00,CUST_357,Electronics,1,490.55,278.09,2024,3,March,Sunday,490.55,278.09,212.46,43.31
TXN_3661,2024-03-17 06:00:00,CUST_180,Home Goods,3,320.09,229.82,2024,3,March,Sunday,960.27,689.46,270.81,28.2
TXN_3662,2024-03-17 06:30:00,CUST_367,Electronics,4,435.01,19.74,2024,3,March,Sunday,1740.04,78.96,1661.08,95.46
TXN_3663,2024-03-17 07:00:00,CUST_334,Electronics,1,539.29,332.58,2024,3,March,Sunday,539.29,332.58,206.71,38.33
TXN_3664,2024-03-17 07:30:00,CUST_420,Electronics,4,467.31,302.71,2024,3,March,Sunday,1869.24,1210.84,658.4,35.22
TXN_3665,2024-03-17 08:00:00,CUST_410,Apparel,1,547.26,334.16,2024,3,March,Sunday,547.26,334.16,213.1,38.94
TXN_3667,2024-03-17 09:00:00,CUST_456,Electronics,4,543.97,150.1,2024,3,March,Sunday,2175.88,600.4,1575.48,72.41
TXN_3669,2024-03-17 10:00:00,CUST_161,Home Goods,3,523.98,71.2,2024,3,March,Sunday,1571.94,213.6,1358.34,86.41
TXN_3670,2024-03-17 10:30:00,CUST_148,Home Goods,2,38.04,59.27,2024,3,March,Sunday,76.08,118.54,-42.46,-55.81
TXN_3674,2024-03-17 12:30:00,CUST_393,Home Goods,1,402.15,116.78,2024,3,March,Sunday,402.15,116.78,285.37,70.96
TXN_3675,2024-03-17 13:00:00,CUST_383,Electronics,3,497.6,196.57,2024,3,March,Sunday,1492.8,589.71,903.09,60.5
TXN_3676,2024-03-17 13:30:00,CUST_376,Electronics,4,183.45,126.03,2024,3,March,Sunday,733.8,504.12,229.68,31.3
TXN_3677,2024-03-17 14:00:00,CUST_206,Apparel,3,252.07,246.81,2024,3,March,Sunday,756.21,740.43,15.78,2.09
TXN_3679,2024-03-17 15:00:00,CUST_198,Unknown,1,318.71,244.27,2024,3,March,Sunday,318.71,244.27,74.44,23.36
TXN_3680,2024-03-17 15:30:00,CUST_474,Electronics,3,37.93,30.07,2024,3,March,Sunday,113.79,90.21,23.58,20.72
TXN_3682,2024-03-17 16:30:00,CUST_221,Home Goods,4,73.77,271.93,2024,3,March,Sunday,295.08,1087.72,-792.64,-268.62
TXN_3683,2024-03-17 17:00:00,CUST_129,Electronics,5,168.43,194.36,2024,3,March,Sunday,842.15,971.8,-129.65,-15.4
TXN_3685,2024-03-17 18:00:00,CUST_463,Apparel,2,449.2,28.62,2024,3,March,Sunday,898.4,57.24,841.16,93.63
TXN_3686,2024-03-17 18:30:00,CUST_453,Home Goods,2,350.06,108.99,2024,3,March,Sunday,700.12,217.98,482.14,68.87
TXN_3688,2024-03-17 19:30:00,CUST_294,Apparel,5,55.89,270.99,2024,3,March,Sunday,279.45,1354.95,-1075.5,-384.86
TXN_3689,2024-03-17 20:00:00,CUST_255,Apparel,1,298.85,188.09,2024,3,March,Sunday,298.85,188.09,110.76,37.06
TXN_3690,2024-03-17 20:30:00,CUST_271,Electronics,3,204.41,57.04,2024,3,March,Sunday,613.23,171.12,442.11,72.1
TXN_3691,2024-03-17 21:00:00,CUST_434,Electronics,3,512.21,107.1,2024,3,March,Sunday,1536.63,321.3,1215.33,79.09
TXN_3692,2024-03-17 21:30:00,CUST_140,Apparel,5,429.06,187.7,2024,3,March,Sunday,2145.3,938.5,1206.8,56.25
TXN_3694,2024-03-17 22:30:00,CUST_122,Apparel,5,42.16,133.86,2024,3,March,Sunday,210.8,669.3,-458.5,-217.5
TXN_3695,2024-03-17 23:00:00,CUST_459,Apparel,4,436.68,63.32,2024,3,March,Sunday,1746.72,253.28,1493.44,85.5
TXN_3696,2024-03-17 23:30:00,CUST_174,Electronics,4,330.9,179.0,2024,3,March,Sunday,1323.6,716.0,607.6,45.91
TXN_3697,2024-03-18 00:00:00,CUST_147,Apparel,2,497.63,115.46,2024,3,March,Monday,995.26,230.92,764.34,76.8
TXN_3698,2024-03-18 00:30:00,CUST_259,Electronics,1,311.69,202.43,2024,3,March,Monday,311.69,202.43,109.26,35.05
TXN_3699,2024-03-18 01:00:00,CUST_412,Home Goods,1,331.02,168.68,2024,3,March,Monday,331.02,168.68,162.34,49.04
TXN_3701,2024-03-18 02:00:00,CUST_199,Apparel,5,406.09,320.86,2024,3,March,Monday,2030.45,1604.3,426.15,20.99
TXN_3702,2024-03-18 02:30:00,CUST_479,Electronics,2,174.79,78.17,2024,3,March,Monday,349.58,156.34,193.24,55.28
TXN_3703,2024-03-18 03:00:00,CUST_266,Electronics,2,26.52,289.2,2024,3,March,Monday,53.04,578.4,-525.36,-990.5
TXN_3704,2024-03-18 03:30:00,CUST_389,Apparel,4,53.87,332.75,2024,3,March,Monday,215.48,1331.0,-1115.52,-517.69
TXN_3705,2024-03-18 04:00:00,CUST_255,Apparel,3,575.01,137.03,2024,3,March,Monday,1725.03,411.09,1313.94,76.17
TXN_3707,2024-03-18 05:00:00,CUST_295,Electronics,1,522.82,289.45,2024,3,March,Monday,522.82,289.45,233.37,44.64
TXN_3709,2024-03-18 06:00:00,CUST_420,Apparel,2,566.81,82.32,2024,3,March,Monday,1133.62,164.64,968.98,85.48
TXN_3710,2024-03-18 06:30:00,CUST_292,Electronics,4,530.81,161.38,2024,3,March,Monday,2123.24,645.52,1477.72,69.6
TXN_3711,2024-03-18 07:00:00,CUST_146,Apparel,4,538.48,206.52,2024,3,March,Monday,2153.92,826.08,1327.84,61.65
TXN_3712,2024-03-18 07:30:00,CUST_247,Electronics,4,184.07,67.75,2024,3,March,Monday,736.28,271.0,465.28,63.19
TXN_3714,2024-03-18 08:30:00,CUST_256,Home Goods,3,388.97,244.56,2024,3,March,Monday,1166.91,733.68,433.23,37.13
TXN_3715,2024-03-18 09:00:00,CUST_301,Apparel,2,300.54,311.62,2024,3,March,Monday,601.08,623.24,-22.16,-3.69
TXN_3716,2024-03-18 09:30:00,CUST_225,Home Goods,5,72.77,202.87,2024,3,March,Monday,363.85,1014.35,-650.5,-178.78
TXN_3717,2024-03-18 10:00:00,CUST_494,Apparel,5,411.36,205.27,2024,3,March,Monday,2056.8,1026.35,1030.45,50.1
TXN_3718,2024-03-18 10:30:00,CUST_404,Electronics,4,344.27,220.59,2024,3,March,Monday,1377.08,882.36,494.72,35.93
TXN_3719,2024-03-18 11:00:00,CUST_468,Apparel,4,519.89,103.09,2024,3,March,Monday,2079.56,412.36,1667.2,80.17
TXN_3720,2024-03-18 11:30:00,CUST_393,Apparel,3,371.37,267.93,2024,3,March,Monday,1114.11,803.79,310.32,27.85
TXN_3721,2024-03-18 12:00:00,CUST_163,Electronics,4,350.76,235.25,2024,3,March,Monday,1403.04,941.0,462.04,32.93
TXN_3723,2024-03-18 13:00:00,CUST_491,Apparel,2,285.73,271.32,2024,3,March,Monday,571.46,542.64,28.82,5.04
TXN_3724,2024-03-18 13:30:00,CUST_275,Electronics,4,573.31,227.11,2024,3,March,Monday,2293.24,908.44,1384.8,60.39
TXN_3725,2024-03-18 14:00:00,CUST_215,Electronics,4,95.99,64.7,2024,3,March,Monday,383.96,258.8,125.16,32.6
TXN_3726,2024-03-18 14:30:00,CUST_303,Apparel,2,276.04,322.51,2024,3,March,Monday,552.08,645.02,-92.94,-16.83
TXN_3727,2024-03-18 15:00:00,CUST_420,Electronics,1,398.66,134.85,2024,3,March,Monday,398.66,134.85,263.81,66.17
TXN_3730,2024-03-18 16:30:00,CUST_212,Home Goods,5,183.1,59.62,2024,3,March,Monday,915.5,298.1,617.4,67.44
TXN_3731,2024-03-18 17:00:00,CUST_464,Apparel,4,151.69,310.85,2024,3,March,Monday,606.76,1243.4,-636.64,-104.92
TXN_3732,2024-03-18 17:30:00,CUST_424,Apparel,2,216.18,280.32,2024,3,March,Monday,432.36,560.64,-128.28,-29.67
TXN_3733,2024-03-18 18:00:00,CUST_475,Electronics,5,524.93,277.34,2024,3,March,Monday,2624.65,1386.7,1237.95,47.17
TXN_3736,2024-03-18 19:30:00,CUST_174,Home Goods,3,239.95,212.78,2024,3,March,Monday,719.85,638.34,81.51,11.32
TXN_3739,2024-03-18 21:00:00,CUST_253,Apparel,1,253.8,236.45,2024,3,March,Monday,253.8,236.45,17.35,6.84
TXN_3740,2024-03-18 21:30:00,CUST_254,Electronics,4,588.53,55.23,2024,3,March,Monday,2354.12,220.92,2133.2,90.62
TXN_3741,2024-03-18 22:00:00,CUST_462,Apparel,1,218.31,186.64,2024,3,March,Monday,218.31,186.64,31.67,14.51
TXN_3742,2024-03-18 22:30:00,CUST_333,Electronics,4,504.27,226.45,2024,3,March,Monday,2017.08,905.8,1111.28,55.09
TXN_3743,2024-03-18 23:00:00,CUST_150,Apparel,4,164.99,315.51,2024,3,March,Monday,659.96,1262.04,-602.08,-91.23
TXN_3744,2024-03-18 23:30:00,CUST_405,Unknown,4,59.55,105.16,2024,3,March,Monday,238.2,420.64,-182.44,-76.59
TXN_3745,2024-03-19 00:00:00,CUST_361,Apparel,1,33.56,280.04,2024,3,March,Tuesday,33.56,280.04,-246.48,-734.45
TXN_3747,2024-03-19 01:00:00,CUST_224,Apparel,3,197.27,53.54,2024,3,March,Tuesday,591.81,160.62,431.19,72.86
TXN_3749,2024-03-19 02:00:00,CUST_344,Home Goods,2,493.91,207.68,2024,3,March,Tuesday,987.82,415.36,572.46,57.95
TXN_3750,2024-03-19 02:30:00,CUST_129,Home Goods,2,160.14,278.42,2024,3,March,Tuesday,320.28,556.84,-236.56,-73.86
TXN_3753,2024-03-19 04:00:00,CUST_136,Apparel,3,303.27,221.58,2024,3,March,Tuesday,909.81,664.74,245.07,26.94
TXN_3755,2024-03-19 05:00:00,CUST_223,Apparel,3,234.07,19.57,2024,3,March,Tuesday,702.21,58.71,643.5,91.64
TXN_3756,2024-03-19 05:30:00,CUST_456,Apparel,4,248.05,40.12,2024,3,March,Tuesday,992.2,160.48,831.72,83.83
TXN_3757,2024-03-19 06:00:00,CUST_134,Home Goods,4,112.78,256.51,2024,3,March,Tuesday,451.12,1026.04,-574.92,-127.44
TXN_3758,2024-03-19 06:30:00,CUST_186,Home Goods,2,551.06,269.37,2024,3,March,Tuesday,1102.12,538.74,563.38,51.12
TXN_3759,2024-03-19 07:00:00,CUST_233,Apparel,4,539.62,194.34,2024,3,March,Tuesday,2158.48,777.36,1381.12,63.99
TXN_3761,2024-03-19 08:00:00,CUST_373,Home Goods,4,250.43,218.88,2024,3,March,Tuesday,1001.72,875.52,126.2,12.6
TXN_3762,2024-03-19 08:30:00,CUST_300,Electronics,3,493.89,45.7,2024,3,March,Tuesday,1481.67,137.1,1344.57,90.75
TXN_3763,2024-03-19 09:00:00,CUST_468,Apparel,1,257.75,237.09,2024,3,March,Tuesday,257.75,237.09,20.66,8.02
TXN_3765,2024-03-19 10:00:00,CUST_176,Electronics,5,500.55,214.86,2024,3,March,Tuesday,2502.75,1074.3,1428.45,57.08
TXN_3766,2024-03-19 10:30:00,CUST_158,Unknown,5,118.76,201.47,2024,3,March,Tuesday,593.8,1007.35,-413.55,-69.64
TXN_3767,2024-03-19 11:00:00,CUST_225,Electronics,4,143.88,269.42,2024,3,March,Tuesday,575.52,1077.68,-502.16,-87.25
TXN_3768,2024-03-19 11:30:00,CUST_208,Apparel,4,199.12,118.31,2024,3,March,Tuesday,796.48,473.24,323.24,40.58
TXN_3770,2024-03-19 12:30:00,CUST_377,Home Goods,5,233.0,143.15,2024,3,March,Tuesday,1165.0,715.75,449.25,38.56
TXN_3771,2024-03-19 13:00:00,CUST_167,Home Goods,3,224.53,269.24,2024,3,March,Tuesday,673.59,807.72,-134.13,-19.91
TXN_3772,2024-03-19 13:30:00,CUST_168,Electronics,5,599.31,156.58,2024,3,March,Tuesday,2996.55,782.9,2213.65,73.87
TXN_3773,2024-03-19 14:00:00,CUST_264,Electronics,5,239.53,70.21,2024,3,March,Tuesday,1197.65,351.05,846.6,70.69
TXN_3775,2024-03-19 15:00:00,CUST_496,Electronics,5,379.58,177.75,2024,3,March,Tuesday,1897.9,888.75,1009.15,53.17
TXN_3776,2024-03-19 15:30:00,CUST_261,Apparel,4,484.1,47.14,2024,3,March,Tuesday,1936.4,188.56,1747.84,90.26
TXN_3778,2024-03-19 16:30:00,CUST_441,Electronics,4,377.05,261.32,2024,3,March,Tuesday,1508.2,1045.28,462.92,30.69
TXN_3780,2024-03-19 17:30:00,CUST_478,Electronics,5,322.9,229.8,2024,3,March,Tuesday,1614.5,1149.0,465.5,28.83
TXN_3781,2024-03-19 18:00:00,CUST_442,Home Goods,4,165.34,68.71,2024,3,March,Tuesday,661.36,274.84,386.52,58.44
TXN_3783,2024-03-19 19:00:00,CUST_141,Electronics,5,288.25,65.02,2024,3,March,Tuesday,1441.25,325.1,1116.15,77.44
TXN_3784,2024-03-19 19:30:00,CUST_453,Unknown,3,557.36,141.66,2024,3,March,Tuesday,1672.08,424.98,1247.1,74.58
TXN_3785,2024-03-19 20:00:00,CUST_208,Apparel,4,430.74,201.35,2024,3,March,Tuesday,1722.96,805.4,917.56,53.25
TXN_3786,2024-03-19 20:30:00,CUST_150,Apparel,1,563.05,160.46,2024,3,March,Tuesday,563.05,160.46,402.59,71.5
TXN_3788,2024-03-19 21:30:00,CUST_440,Apparel,4,19.16,180.6,2024,3,March,Tuesday,76.64,722.4,-645.76,-842.59
TXN_3789,2024-03-19 22:00:00,CUST_482,Apparel,3,170.37,118.06,2024,3,March,Tuesday,511.11,354.18,156.93,30.7
TXN_3790,2024-03-19 22:30:00,CUST_120,Electronics,3,544.88,58.76,2024,3,March,Tuesday,1634.64,176.28,1458.36,89.22
TXN_3791,2024-03-19 23:00:00,CUST_399,Home Goods,4,391.42,95.91,2024,3,March,Tuesday,1565.68,383.64,1182.04,75.5
TXN_3792,2024-03-19 23:30:00,CUST_238,Apparel,2,589.26,78.24,2024,3,March,Tuesday,1178.52,156.48,1022.04,86.72
TXN_3794,2024-03-20 00:30:00,CUST_423,Apparel,5,188.6,288.79,2024,3,March,Wednesday,943.0,1443.95,-500.95,-53.12
TXN_3795,2024-03-20 01:00:00,CUST_484,Apparel,5,226.99,254.93,2024,3,March,Wednesday,1134.95,1274.65,-139.7,-12.31
TXN_3796,2024-03-20 01:30:00,CUST_191,Electronics,3,206.04,228.87,2024,3,March,Wednesday,618.12,686.61,-68.49,-11.08
TXN_3797,2024-03-20 02:00:00,CUST_379,Apparel,4,162.42,114.67,2024,3,March,Wednesday,649.68,458.68,191.0,29.4
TXN_3798,2024-03-20 02:30:00,CUST_224,Electronics,2,274.43,251.74,2024,3,March,Wednesday,548.86,503.48,45.38,8.27
TXN_3800,2024-03-20 03:30:00,CUST_210,Home Goods,1,197.09,25.94,2024,3,March,Wednesday,197.09,25.94,171.15,86.84
TXN_3801,2024-03-20 04:00:00,CUST_453,Apparel,5,61.62,318.59,2024,3,March,Wednesday,308.1,1592.95,-1284.85,-417.02
TXN_3805,2024-03-20 06:00:00,CUST_351,Home Goods,2,281.41,294.58,2024,3,March,Wednesday,562.82,589.16,-26.34,-4.68
TXN_3807,2024-03-20 07:00:00,CUST_203,Apparel,5,341.87,329.49,2024,3,March,Wednesday,1709.35,1647.45,61.9,3.62
TXN_3808,2024-03-20 07:30:00,CUST_313,Electronics,4,555.12,203.69,2024,3,March,Wednesday,2220.48,814.76,1405.72,63.31
TXN_3809,2024-03-20 08:00:00,CUST_348,Electronics,5,313.69,240.87,2024,3,March,Wednesday,1568.45,1204.35,364.1,23.21
TXN_3810,2024-03-20 08:30:00,CUST_251,Electronics,1,186.16,40.1,2024,3,March,Wednesday,186.16,40.1,146.06,78.46
TXN_3811,2024-03-20 09:00:00,CUST_349,Unknown,4,222.93,175.89,2024,3,March,Wednesday,891.72,703.56,188.16,21.1
TXN_3812,2024-03-20 09:30:00,CUST_374,Electronics,3,320.45,315.27,2024,3,March,Wednesday,961.35,945.81,15.54,1.62
TXN_3813,2024-03-20 10:00:00,CUST_264,Home Goods,2,325.04,164.94,2024,3,March,Wednesday,650.08,329.88,320.2,49.26
TXN_3814,2024-03-20 10:30:00,CUST_440,Apparel,5,417.09,33.66,2024,3,March,Wednesday,2085.45,168.3,1917.15,91.93
TXN_3815,2024-03-20 11:00:00,CUST_107,Electronics,4,146.33,78.22,2024,3,March,Wednesday,585.32,312.88,272.44,46.55
TXN_3817,2024-03-20 12:00:00,CUST_104,Home Goods,4,470.47,90.76,2024,3,March,Wednesday,1881.88,363.04,1518.84,80.71
TXN_3818,2024-03-20 12:30:00,CUST_244,Home Goods,5,410.81,143.38,2024,3,March,Wednesday,2054.05,716.9,1337.15,65.1
TXN_3819,2024-03-20 13:00:00,CUST_200,Electronics,3,296.87,123.21,2024,3,March,Wednesday,890.61,369.63,520.98,58.5
TXN_3820,2024-03-20 13:30:00,CUST_263,Electronics,5,595.13,118.44,2024,3,March,Wednesday,2975.65,592.2,2383.45,80.1
TXN_3821,2024-03-20 14:00:00,CUST_473,Electronics,3,251.82,41.0,2024,3,March,Wednesday,755.46,123.0,632.46,83.72
TXN_3823,2024-03-20 15:00:00,CUST_163,Apparel,5,495.58,245.52,2024,3,March,Wednesday,2477.9,1227.6,1250.3,50.46
TXN_3824,2024-03-20 15:30:00,CUST_190,Home Goods,4,139.14,221.95,2024,3,March,Wednesday,556.56,887.8,-331.24,-59.52
TXN_3825,2024-03-20 16:00:00,CUST_216,Electronics,1,432.27,216.2,2024,3,March,Wednesday,432.27,216.2,216.07,49.98
TXN_3826,2024-03-20 16:30:00,CUST_453,Apparel,1,119.7,144.81,2024,3,March,Wednesday,119.7,144.81,-25.11,-20.98
TXN_3830,2024-03-20 18:30:00,CUST_146,Apparel,4,77.37,36.93,2024,3,March,Wednesday,309.48,147.72,161.76,52.27
TXN_3831,2024-03-20 19:00:00,CUST_239,Home Goods,1,130.64,239.49,2024,3,March,Wednesday,130.64,239.49,-108.85,-83.32
TXN_3833,2024-03-20 20:00:00,CUST_248,Electronics,3,465.38,319.98,2024,3,March,Wednesday,1396.14,959.94,436.2,31.24
TXN_3834,2024-03-20 20:30:00,CUST_345,Electronics,4,493.23,236.92,2024,3,March,Wednesday,1972.92,947.68,1025.24,51.97
TXN_3836,2024-03-20 21:30:00,CUST_104,Apparel,3,260.95,151.2,2024,3,March,Wednesday,782.85,453.6,329.25,42.06
TXN_3837,2024-03-20 22:00:00,CUST_283,Home Goods,4,522.52,244.9,2024,3,March,Wednesday,2090.08,979.6,1110.48,53.13
TXN_3838,2024-03-20 22:30:00,CUST_119,Electronics,3,322.67,57.93,2024,3,March,Wednesday,968.01,173.79,794.22,82.05
TXN_3839,2024-03-20 23:00:00,CUST_145,Home Goods,3,290.3,310.36,2024,3,March,Wednesday,870.9,931.08,-60.18,-6.91
TXN_3840,2024-03-20 23:30:00,CUST_111,Apparel,1,435.34,11.62,2024,3,March,Wednesday,435.34,11.62,423.72,97.33
TXN_3841,2024-03-21 00:00:00,CUST_169,Apparel,4,140.08,342.84,2024,3,March,Thursday,560.32,1371.36,-811.04,-144.75
TXN_3842,2024-03-21 00:30:00,CUST_116,Unknown,5,476.86,67.0,2024,3,March,Thursday,2384.3,335.0,2049.3,85.95
TXN_3843,2024-03-21 01:00:00,CUST_470,Electronics,1,266.24,262.32,2024,3,March,Thursday,266.24,262.32,3.92,1.47
TXN_3844,2024-03-21 01:30:00,CUST_246,Home Goods,3,89.47,23.57,2024,3,March,Thursday,268.41,70.71,197.7,73.66
TXN_3845,2024-03-21 02:00:00,CUST_253,Electronics,3,84.8,156.69,2024,3,March,Thursday,254.4,470.07,-215.67,-84.78
TXN_3847,2024-03-21 03:00:00,CUST_207,Home Goods,5,535.99,33.88,2024,3,March,Thursday,2679.95,169.4,2510.55,93.68
TXN_3849,2024-03-21 04:00:00,CUST_407,Apparel,5,223.83,113.07,2024,3,March,Thursday,1119.15,565.35,553.8,49.48
TXN_3850,2024-03-21 04:30:00,CUST_451,Apparel,3,185.9,179.4,2024,3,March,Thursday,557.7,538.2,19.5,3.5
TXN_3851,2024-03-21 05:00:00,CUST_169,Apparel,5,142.98,181.56,2024,3,March,Thursday,714.9,907.8,-192.9,-26.98
TXN_3852,2024-03-21 05:30:00,CUST_282,Home Goods,2,496.93,276.98,2024,3,March,Thursday,993.86,553.96,439.9,44.26
TXN_3855,2024-03-21 07:00:00,CUST_201,Apparel,1,405.4,146.64,2024,3,March,Thursday,405.4,146.64,258.76,63.83
TXN_3856,2024-03-21 07:30:00,CUST_174,Apparel,4,539.82,311.76,2024,3,March,Thursday,2159.28,1247.04,912.24,42.25
TXN_3858,2024-03-21 08:30:00,CUST_498,Apparel,5,419.05,200.4,2024,3,March,Thursday,2095.25,1002.0,1093.25,52.18
TXN_3859,2024-03-21 09:00:00,CUST_302,Home Goods,5,377.38,312.18,2024,3,March,Thursday,1886.9,1560.9,326.0,17.28
TXN_3860,2024-03-21 09:30:00,CUST_291,Apparel,2,501.25,283.82,2024,3,March,Thursday,1002.5,567.64,434.86,43.38
TXN_3861,2024-03-21 10:00:00,CUST_348,Unknown,4,503.98,104.5,2024,3,March,Thursday,2015.92,418.0,1597.92,79.27
TXN_3862,2024-03-21 10:30:00,CUST_341,Electronics,2,360.03,67.84,2024,3,March,Thursday,720.06,135.68,584.38,81.16
TXN_3863,2024-03-21 11:00:00,CUST_278,Apparel,4,385.02,112.39,2024,3,March,Thursday,1540.08,449.56,1090.52,70.81
TXN_3866,2024-03-21 12:30:00,CUST_191,Apparel,1,403.59,208.87,2024,3,March,Thursday,403.59,208.87,194.72,48.25
TXN_3867,2024-03-21 13:00:00,CUST_274,Apparel,5,19.54,213.47,2024,3,March,Thursday,97.7,1067.35,-969.65,-992.48
TXN_3868,2024-03-21 13:30:00,CUST_338,Home Goods,1,76.08,74.36,2024,3,March,Thursday,76.08,74.36,1.72,2.26
TXN_3869,2024-03-21 14:00:00,CUST_359,Home Goods,4,516.9,279.23,2024,3,March,Thursday,2067.6,1116.92,950.68,45.98
TXN_3870,2024-03-21 14:30:00,CUST_490,Electronics,5,64.56,157.43,2024,3,March,Thursday,322.8,787.15,-464.35,-143.85
TXN_3872,2024-03-21 15:30:00,CUST_262,Apparel,2,149.87,348.97,2024,3,March,Thursday,299.74,697.94,-398.2,-132.85
TXN_3875,2024-03-21 17:00:00,CUST_427,Apparel,3,184.31,240.0,2024,3,March,Thursday,552.93,720.0,-167.07,-30.22
TXN_3876,2024-03-21 17:30:00,CUST_215,Home Goods,2,136.45,309.34,2024,3,March,Thursday,272.9,618.68,-345.78,-126.71
TXN_3877,2024-03-21 18:00:00,CUST_436,Electronics,3,462.25,53.11,2024,3,March,Thursday,1386.75,159.33,1227.42,88.51
TXN_3878,2024-03-21 18:30:00,CUST_436,Electronics,2,562.24,259.92,2024,3,March,Thursday,1124.48,519.84,604.64,53.77
TXN_3879,2024-03-21 19:00:00,CUST_468,Apparel,4,45.89,322.22,2024,3,March,Thursday,183.56,1288.88,-1105.32,-602.16
TXN_3880,2024-03-21 19:30:00,CUST_324,Electronics,1,92.91,153.79,2024,3,March,Thursday,92.91,153.79,-60.88,-65.53
TXN_3881,2024-03-21 20:00:00,CUST_451,Home Goods,3,390.67,107.49,2024,3,March,Thursday,1172.01,322.47,849.54,72.49
TXN_3882,2024-03-21 20:30:00,CUST_427,Electronics,4,485.6,240.43,2024,3,March,Thursday,1942.4,961.72,980.68,50.49
TXN_3883,2024-03-21 21:00:00,CUST_246,Apparel,1,477.85,93.67,2024,3,March,Thursday,477.85,93.67,384.18,80.4
TXN_3884,2024-03-21 21:30:00,CUST_162,Electronics,1,436.01,140.66,2024,3,March,Thursday,436.01,140.66,295.35,67.74
TXN_3885,2024-03-21 22:00:00,CUST_393,Electronics,5,534.15,314.95,2024,3,March,Thursday,2670.75,1574.75,1096.0,41.04
TXN_3887,2024-03-21 23:00:00,CUST_424,Electronics,5,77.77,42.29,2024,3,March,Thursday,388.85,211.45,177.4,45.62
TXN_3889,2024-03-22 00:00:00,CUST_288,Home Goods,5,496.03,223.27,2024,3,March,Friday,2480.15,1116.35,1363.8,54.99
TXN_3890,2024-03-22 00:30:00,CUST_386,Apparel,3,355.5,173.71,2024,3,March,Friday,1066.5,521.13,545.37,51.14
TXN_3891,2024-03-22 01:00:00,CUST_307,Home Goods,3,578.35,234.52,2024,3,March,Friday,1735.05,703.56,1031.49,59.45
TXN_3893,2024-03-22 02:00:00,CUST_121,Electronics,1,424.96,173.41,2024,3,March,Friday,424.96,173.41,251.55,59.19
TXN_3894,2024-03-22 02:30:00,CUST_448,Home Goods,3,50.25,345.56,2024,3,March,Friday,150.75,1036.68,-885.93,-587.68
TXN_3895,2024-03-22 03:00:00,CUST_313,Apparel,1,78.03,320.99,2024,3,March,Friday,78.03,320.99,-242.96,-311.37
TXN_3896,2024-03-22 03:30:00,CUST_270,Apparel,4,474.13,30.37,2024,3,March,Friday,1896.52,121.48,1775.04,93.59
TXN_3897,2024-03-22 04:00:00,CUST_422,Apparel,2,130.97,100.59,2024,3,March,Friday,261.94,201.18,60.76,23.2
TXN_3898,2024-03-22 04:30:00,CUST_153,Apparel,1,31.87,112.18,2024,3,March,Friday,31.87,112.18,-80.31,-251.99
TXN_3899,2024-03-22 05:00:00,CUST_493,Electronics,1,547.8,72.66,2024,3,March,Friday,547.8,72.66,475.14,86.74
TXN_3900,2024-03-22 05:30:00,CUST_397,Home Goods,4,536.12,116.09,2024,3,March,Friday,2144.48,464.36,1680.12,78.35
TXN_3902,2024-03-22 06:30:00,CUST_225,Apparel,5,471.42,27.53,2024,3,March,Friday,2357.1,137.65,2219.45,94.16
TXN_3905,2024-03-22 08:00:00,CUST_293,Electronics,5,379.85,25.75,2024,3,March,Friday,1899.25,128.75,1770.5,93.22
TXN_3906,2024-03-22 08:30:00,CUST_268,Home Goods,5,461.46,173.71,2024,3,March,Friday,2307.3,868.55,1438.75,62.36
TXN_3909,2024-03-22 10:00:00,CUST_283,Electronics,1,140.39,44.94,2024,3,March,Friday,140.39,44.94,95.45,67.99
TXN_3910,2024-03-22 10:30:00,CUST_385,Electronics,1,599.29,324.85,2024,3,March,Friday,599.29,324.85,274.44,45.79
TXN_3911,2024-03-22 11:00:00,CUST_156,Apparel,3,407.52,39.43,2024,3,March,Friday,1222.56,118.29,1104.27,90.32
TXN_3912,2024-03-22 11:30:00,CUST_321,Electronics,3,252.32,220.53,2024,3,March,Friday,756.96,661.59,95.37,12.6
TXN_3913,2024-03-22 12:00:00,CUST_402,Home Goods,2,59.26,94.23,2024,3,March,Friday,118.52,188.46,-69.94,-59.01
TXN_3914,2024-03-22 12:30:00,CUST_262,Home Goods,2,365.22,291.11,2024,3,March,Friday,730.44,582.22,148.22,20.29
TXN_3917,2024-03-22 14:00:00,CUST_363,Home Goods,3,183.82,26.07,2024,3,March,Friday,551.46,78.21,473.25,85.82
TXN_3919,2024-03-22 15:00:00,CUST_212,Electronics,1,272.09,167.82,2024,3,March,Friday,272.09,167.82,104.27,38.32
TXN_3920,2024-03-22 15:30:00,CUST_426,Electronics,4,188.13,267.06,2024,3,March,Friday,752.52,1068.24,-315.72,-41.96
TXN_3921,2024-03-22 16:00:00,CUST_129,Electronics,3,218.84,333.38,2024,3,March,Friday,656.52,1000.14,-343.62,-52.34
TXN_3922,2024-03-22 16:30:00,CUST_234,Home Goods,1,318.96,155.53,2024,3,March,Friday,318.96,155.53,163.43,51.24
TXN_3924,2024-03-22 17:30:00,CUST_164,Electronics,3,445.07,257.24,2024,3,March,Friday,1335.21,771.72,563.49,42.2
TXN_3925,2024-03-22 18:00:00,CUST_391,Unknown,5,352.61,204.2,2024,3,March,Friday,1763.05,1021.0,742.05,42.09
TXN_3926,2024-03-22 18:30:00,CUST_124,Electronics,3,110.24,244.91,2024,3,March,Friday,330.72,734.73,-404.01,-122.16
TXN_3931,2024-03-22 21:00:00,CUST_240,Electronics,5,147.16,306.99,2024,3,March,Friday,735.8,1534.95,-799.15,-108.61
TXN_3932,2024-03-22 21:30:00,CUST_331,Apparel,1,73.56,293.44,2024,3,March,Friday,73.56,293.44,-219.88,-298.91
TXN_3933,2024-03-22 22:00:00,CUST_235,Electronics,5,239.91,303.57,2024,3,March,Friday,1199.55,1517.85,-318.3,-26.53
TXN_3934,2024-03-22 22:30:00,CUST_488,Electronics,3,552.13,54.2,2024,3,March,Friday,1656.39,162.6,1493.79,90.18
TXN_3935,2024-03-22 23:00:00,CUST_287,Electronics,5,334.04,93.01,2024,3,March,Friday,1670.2,465.05,1205.15,72.16
TXN_3937,2024-03-23 00:00:00,CUST_300,Electronics,4,204.33,344.15,2024,3,March,Saturday,817.32,1376.6,-559.28,-68.43
TXN_3938,2024-03-23 00:30:00,CUST_226,Home Goods,5,92.27,90.29,2024,3,March,Saturday,461.35,451.45,9.9,2.15
TXN_3941,2024-03-23 02:00:00,CUST_134,Apparel,5,581.61,23.53,2024,3,March,Saturday,2908.05,117.65,2790.4,95.95
TXN_3942,2024-03-23 02:30:00,CUST_293,Home Goods,2,308.43,98.83,2024,3,March,Saturday,616.86,197.66,419.2,67.96
TXN_3943,2024-03-23 03:00:00,CUST_290,Home Goods,4,112.82,43.39,2024,3,March,Saturday,451.28,173.56,277.72,61.54
TXN_3944,2024-03-23 03:30:00,CUST_203,Apparel,1,414.53,144.06,2024,3,March,Saturday,414.53,144.06,270.47,65.25
TXN_3947,2024-03-23 05:00:00,CUST_389,Electronics,5,512.33,250.35,2024,3,March,Saturday,2561.65,1251.75,1309.9,51.14
TXN_3948,2024-03-23 05:30:00,CUST_483,Apparel,4,500.15,164.08,2024,3,March,Saturday,2000.6,656.32,1344.28,67.19
TXN_3949,2024-03-23 06:00:00,CUST_359,Apparel,1,291.44,285.84,2024,3,March,Saturday,291.44,285.84,5.6,1.92
TXN_3950,2024-03-23 06:30:00,CUST_457,Apparel,4,342.85,318.82,2024,3,March,Saturday,1371.4,1275.28,96.12,7.01
TXN_3952,2024-03-23 07:30:00,CUST_454,Unknown,2,410.9,43.66,2024,3,March,Saturday,821.8,87.32,734.48,89.37
TXN_3955,2024-03-23 09:00:00,CUST_497,Apparel,1,110.12,145.07,2024,3,March,Saturday,110.12,145.07,-34.95,-31.74
TXN_3956,2024-03-23 09:30:00,CUST_287,Electronics,1,457.07,127.46,2024,3,March,Saturday,457.07,127.46,329.61,72.11
TXN_3957,2024-03-23 10:00:00,CUST_272,Electronics,5,272.45,239.54,2024,3,March,Saturday,1362.25,1197.7,164.55,12.08
TXN_3958,2024-03-23 10:30:00,CUST_389,Electronics,3,334.12,213.29,2024,3,March,Saturday,1002.36,639.87,362.49,36.16
TXN_3960,2024-03-23 11:30:00,CUST_160,Electronics,1,214.47,276.16,2024,3,March,Saturday,214.47,276.16,-61.69,-28.76
TXN_3963,2024-03-23 13:00:00,CUST_457,Apparel,1,235.65,150.93,2024,3,March,Saturday,235.65,150.93,84.72,35.95
TXN_3964,2024-03-23 13:30:00,CUST_115,Electronics,2,209.83,185.55,2024,3,March,Saturday,419.66,371.1,48.56,11.57
TXN_3965,2024-03-23 14:00:00,CUST_165,Electronics,2,579.49,33.42,2024,3,March,Saturday,1158.98,66.84,1092.14,94.23
TXN_3967,2024-03-23 15:00:00,CUST_474,Apparel,2,26.81,347.81,2024,3,March,Saturday,53.62,695.62,-642.0,-1197.31
TXN_3969,2024-03-23 16:00:00,CUST_333,Unknown,5,468.63,55.33,2024,3,March,Saturday,2343.15,276.65,2066.5,88.19
TXN_3970,2024-03-23 16:30:00,CUST_479,Electronics,1,102.27,207.31,2024,3,March,Saturday,102.27,207.31,-105.04,-102.71
TXN_3972,2024-03-23 17:30:00,CUST_457,Home Goods,2,195.29,194.87,2024,3,March,Saturday,390.58,389.74,0.84,0.22
TXN_3973,2024-03-23 18:00:00,CUST_287,Unknown,2,380.15,169.98,2024,3,March,Saturday,760.3,339.96,420.34,55.29
TXN_3974,2024-03-23 18:30:00,CUST_421,Apparel,4,375.68,26.37,2024,3,March,Saturday,1502.72,105.48,1397.24,92.98
TXN_3975,2024-03-23 19:00:00,CUST_112,Home Goods,4,176.37,117.24,2024,3,March,Saturday,705.48,468.96,236.52,33.53
TXN_3977,2024-03-23 20:00:00,CUST_210,Electronics,2,138.96,176.25,2024,3,March,Saturday,277.92,352.5,-74.58,-26.84
TXN_3981,2024-03-23 22:00:00,CUST_314,Electronics,5,332.59,345.14,2024,3,March,Saturday,1662.95,1725.7,-62.75,-3.77
TXN_3982,2024-03-23 22:30:00,CUST_219,Electronics,3,568.71,15.18,2024,3,March,Saturday,1706.13,45.54,1660.59,97.33
TXN_3984,2024-03-23 23:30:00,CUST_154,Electronics,4,16.15,102.8,2024,3,March,Saturday,64.6,411.2,-346.6,-536.53
TXN_3986,2024-03-24 00:30:00,CUST_217,Electronics,4,285.68,286.67,2024,3,March,Sunday,1142.72,1146.68,-3.96,-0.35
TXN_3987,2024-03-24 01:00:00,CUST_320,Electronics,1,428.56,154.05,2024,3,March,Sunday,428.56,154.05,274.51,64.05
TXN_3988,2024-03-24 01:30:00,CUST_330,Electronics,1,354.75,170.91,2024,3,March,Sunday,354.75,170.91,183.84,51.82
TXN_3989,2024-03-24 02:00:00,CUST_152,Apparel,2,304.51,100.13,2024,3,March,Sunday,609.02,200.26,408.76,67.12
TXN_3990,2024-03-24 02:30:00,CUST_394,Apparel,1,222.07,108.19,2024,3,March,Sunday,222.07,108.19,113.88,51.28
TXN_3991,2024-03-24 03:00:00,CUST_420,Electronics,1,196.33,343.6,2024,3,March,Sunday,196.33,343.6,-147.27,-75.01
TXN_3992,2024-03-24 03:30:00,CUST_332,Electronics,3,235.13,312.21,2024,3,March,Sunday,705.39,936.63,-231.24,-32.78
TXN_3994,2024-03-24 04:30:00,CUST_368,Apparel,5,113.14,103.68,2024,3,March,Sunday,565.7,518.4,47.3,8.36
TXN_3995,2024-03-24 05:00:00,CUST_120,Electronics,2,466.25,46.94,2024,3,March,Sunday,932.5,93.88,838.62,89.93
TXN_3996,2024-03-24 05:30:00,CUST_152,Home Goods,3,351.52,346.22,2024,3,March,Sunday,1054.56,1038.66,15.9,1.51
TXN_3997,2024-03-24 06:00:00,CUST_374,Apparel,2,172.46,318.45,2024,3,March,Sunday,344.92,636.9,-291.98,-84.65
TXN_3998,2024-03-24 06:30:00,CUST_412,Electronics,5,308.17,197.71,2024,3,March,Sunday,1540.85,988.55,552.3,35.84
TXN_3999,2024-03-24 07:00:00,CUST_380,Apparel,2,578.23,245.58,2024,3,March,Sunday,1156.46,491.16,665.3,57.53
TXN_4003,2024-03-24 09:00:00,CUST_282,Apparel,1,388.49,189.09,2024,3,March,Sunday,388.49,189.09,199.4,51.33
TXN_4004,2024-03-24 09:30:00,CUST_122,Home Goods,5,139.15,41.43,2024,3,March,Sunday,695.75,207.15,488.6,70.23
TXN_4005,2024-03-24 10:00:00,CUST_131,Home Goods,3,559.87,145.01,2024,3,March,Sunday,1679.61,435.03,1244.58,74.1
TXN_4006,2024-03-24 10:30:00,CUST_173,Electronics,3,390.9,214.56,2024,3,March,Sunday,1172.7,643.68,529.02,45.11
TXN_4007,2024-03-24 11:00:00,CUST_109,Electronics,4,528.3,129.96,2024,3,March,Sunday,2113.2,519.84,1593.36,75.4
TXN_4008,2024-03-24 11:30:00,CUST_153,Apparel,3,207.65,247.73,2024,3,March,Sunday,622.95,743.19,-120.24,-19.3
TXN_4014,2024-03-24 14:30:00,CUST_277,Electronics,4,566.59,164.68,2024,3,March,Sunday,2266.36,658.72,1607.64,70.93
TXN_4015,2024-03-24 15:00:00,CUST_465,Electronics,1,283.23,109.6,2024,3,March,Sunday,283.23,109.6,173.63,61.3
TXN_4016,2024-03-24 15:30:00,CUST_152,Electronics,3,595.69,327.57,2024,3,March,Sunday,1787.07,982.71,804.36,45.01
TXN_4017,2024-03-24 16:00:00,CUST_434,Apparel,5,330.66,318.49,2024,3,March,Sunday,1653.3,1592.45,60.85,3.68
TXN_4018,2024-03-24 16:30:00,CUST_121,Home Goods,4,458.13,62.98,2024,3,March,Sunday,1832.52,251.92,1580.6,86.25
TXN_4019,2024-03-24 17:00:00,CUST_129,Unknown,3,19.14,289.69,2024,3,March,Sunday,57.42,869.07,-811.65,-1413.53
TXN_4020,2024-03-24 17:30:00,CUST_290,Electronics,1,305.55,248.99,2024,3,March,Sunday,305.55,248.99,56.56,18.51
TXN_4022,2024-03-24 18:30:00,CUST_304,Home Goods,5,472.95,167.52,2024,3,March,Sunday,2364.75,837.6,1527.15,64.58
TXN_4023,2024-03-24 19:00:00,CUST_158,Electronics,5,107.46,255.54,2024,3,March,Sunday,537.3,1277.7,-740.4,-137.8
TXN_4025,2024-03-24 20:00:00,CUST_111,Apparel,1,260.16,33.6,2024,3,March,Sunday,260.16,33.6,226.56,87.08
TXN_4026,2024-03-24 20:30:00,CUST_218,Electronics,3,75.63,25.9,2024,3,March,Sunday,226.89,77.7,149.19,65.75
TXN_4028,2024-03-24 21:30:00,CUST_437,Electronics,2,487.15,110.7,2024,3,March,Sunday,974.3,221.4,752.9,77.28
TXN_4029,2024-03-24 22:00:00,CUST_347,Apparel,3,190.61,98.1,2024,3,March,Sunday,571.83,294.3,277.53,48.53
TXN_4032,2024-03-24 23:30:00,CUST_174,Electronics,4,33.55,340.27,2024,3,March,Sunday,134.2,1361.08,-1226.88,-914.22
TXN_4033,2024-03-25 00:00:00,CUST_460,Home Goods,4,361.04,115.53,2024,3,March,Monday,1444.16,462.12,982.04,68.0
TXN_4034,2024-03-25 00:30:00,CUST_303,Apparel,3,449.91,329.07,2024,3,March,Monday,1349.73,987.21,362.52,26.86
TXN_4036,2024-03-25 01:30:00,CUST_178,Apparel,4,433.82,178.4,2024,3,March,Monday,1735.28,713.6,1021.68,58.88
TXN_4037,2024-03-25 02:00:00,CUST_340,Apparel,2,439.97,237.07,2024,3,March,Monday,879.94,474.14,405.8,46.12
TXN_4039,2024-03-25 03:00:00,CUST_253,Apparel,2,327.47,68.46,2024,3,March,Monday,654.94,136.92,518.02,79.09
TXN_4040,2024-03-25 03:30:00,CUST_373,Electronics,5,473.04,265.58,2024,3,March,Monday,2365.2,1327.9,1037.3,43.86
TXN_4041,2024-03-25 04:00:00,CUST_195,Electronics,4,70.03,256.56,2024,3,March,Monday,280.12,1026.24,-746.12,-266.36
TXN_4044,2024-03-25 05:30:00,CUST_308,Electronics,3,431.69,242.78,2024,3,March,Monday,1295.07,728.34,566.73,43.76
TXN_4047,2024-03-25 07:00:00,CUST_405,Apparel,5,463.46,338.84,2024,3,March,Monday,2317.3,1694.2,623.1,26.89
TXN_4048,2024-03-25 07:30:00,CUST_363,Apparel,2,581.2,291.17,2024,3,March,Monday,1162.4,582.34,580.06,49.9
TXN_4049,2024-03-25 08:00:00,CUST_489,Apparel,5,558.65,270.91,2024,3,March,Monday,2793.25,1354.55,1438.7,51.51
TXN_4050,2024-03-25 08:30:00,CUST_424,Apparel,1,296.56,47.86,2024,3,March,Monday,296.56,47.86,248.7,83.86
TXN_4051,2024-03-25 09:00:00,CUST_476,Electronics,4,456.5,292.31,2024,3,March,Monday,1826.0,1169.24,656.76,35.97
TXN_4052,2024-03-25 09:30:00,CUST_419,Electronics,3,406.48,96.09,2024,3,March,Monday,1219.44,288.27,931.17,76.36
TXN_4053,2024-03-25 10:00:00,CUST_256,Apparel,2,489.7,201.69,2024,3,March,Monday,979.4,403.38,576.02,58.81
TXN_4054,2024-03-25 10:30:00,CUST_255,Electronics,5,475.8,147.83,2024,3,March,Monday,2379.0,739.15,1639.85,68.93
TXN_4055,2024-03-25 11:00:00,CUST_238,Unknown,3,104.64,127.51,2024,3,March,Monday,313.92,382.53,-68.61,-21.86
TXN_4056,2024-03-25 11:30:00,CUST_220,Home Goods,4,151.74,115.49,2024,3,March,Monday,606.96,461.96,145.0,23.89
TXN_4058,2024-03-25 12:30:00,CUST_206,Electronics,3,493.82,271.51,2024,3,March,Monday,1481.46,814.53,666.93,45.02
TXN_4059,2024-03-25 13:00:00,CUST_246,Electronics,4,489.28,187.97,2024,3,March,Monday,1957.12,751.88,1205.24,61.58
TXN_4060,2024-03-25 13:30:00,CUST_236,Electronics,4,304.77,235.92,2024,3,March,Monday,1219.08,943.68,275.4,22.59
TXN_4061,2024-03-25 14:00:00,CUST_261,Electronics,4,354.79,344.74,2024,3,March,Monday,1419.16,1378.96,40.2,2.83
TXN_4062,2024-03-25 14:30:00,CUST_199,Apparel,5,498.75,145.16,2024,3,March,Monday,2493.75,725.8,1767.95,70.9
TXN_4064,2024-03-25 15:30:00,CUST_498,Apparel,4,44.35,191.4,2024,3,March,Monday,177.4,765.6,-588.2,-331.57
TXN_4065,2024-03-25 16:00:00,CUST_406,Electronics,3,297.32,328.23,2024,3,March,Monday,891.96,984.69,-92.73,-10.4
TXN_4067,2024-03-25 17:00:00,CUST_182,Apparel,1,477.42,345.33,2024,3,March,Monday,477.42,345.33,132.09,27.67
TXN_4068,2024-03-25 17:30:00,CUST_276,Home Goods,3,229.47,113.6,2024,3,March,Monday,688.41,340.8,347.61,50.49
TXN_4069,2024-03-25 18:00:00,CUST_297,Home Goods,5,52.89,47.03,2024,3,March,Monday,264.45,235.15,29.3,11.08
TXN_4070,2024-03-25 18:30:00,CUST_211,Home Goods,4,387.6,75.07,2024,3,March,Monday,1550.4,300.28,1250.12,80.63
TXN_4072,2024-03-25 19:30:00,CUST_278,Apparel,1,403.99,230.92,2024,3,March,Monday,403.99,230.92,173.07,42.84
TXN_4073,2024-03-25 20:00:00,CUST_285,Electronics,5,263.67,185.72,2024,3,March,Monday,1318.35,928.6,389.75,29.56
TXN_4074,2024-03-25 20:30:00,CUST_317,Apparel,2,87.16,137.93,2024,3,March,Monday,174.32,275.86,-101.54,-58.25
TXN_4075,2024-03-25 21:00:00,CUST_415,Electronics,2,547.8,201.09,2024,3,March,Monday,1095.6,402.18,693.42,63.29
TXN_4076,2024-03-25 21:30:00,CUST_316,Apparel,2,176.44,295.19,2024,3,March,Monday,352.88,590.38,-237.5,-67.3
TXN_4077,2024-03-25 22:00:00,CUST_219,Apparel,1,146.21,295.24,2024,3,March,Monday,146.21,295.24,-149.03,-101.93
TXN_4079,2024-03-25 23:00:00,CUST_274,Electronics,3,589.01,333.83,2024,3,March,Monday,1767.03,1001.49,765.54,43.32
TXN_4080,2024-03-25 23:30:00,CUST_122,Electronics,1,401.19,210.67,2024,3,March,Monday,401.19,210.67,190.52,47.49
TXN_4082,2024-03-26 00:30:00,CUST_334,Electronics,1,201.87,108.92,2024,3,March,Tuesday,201.87,108.92,92.95,46.04
TXN_4084,2024-03-26 01:30:00,CUST_200,Electronics,1,127.2,196.09,2024,3,March,Tuesday,127.2,196.09,-68.89,-54.16
TXN_4085,2024-03-26 02:00:00,CUST_123,Electronics,2,356.89,317.66,2024,3,March,Tuesday,713.78,635.32,78.46,10.99
TXN_4090,2024-03-26 04:30:00,CUST_193,Home Goods,3,314.53,345.75,2024,3,March,Tuesday,943.59,1037.25,-93.66,-9.93
TXN_4093,2024-03-26 06:00:00,CUST_439,Apparel,1,526.02,345.96,2024,3,March,Tuesday,526.02,345.96,180.06,34.23
TXN_4094,2024-03-26 06:30:00,CUST_310,Apparel,3,274.92,342.25,2024,3,March,Tuesday,824.76,1026.75,-201.99,-24.49
TXN_4096,2024-03-26 07:30:00,CUST_392,Apparel,4,387.01,10.01,2024,3,March,Tuesday,1548.04,40.04,1508.0,97.41
TXN_4097,2024-03-26 08:00:00,CUST_397,Home Goods,1,83.54,209.49,2024,3,March,Tuesday,83.54,209.49,-125.95,-150.77
TXN_4098,2024-03-26 08:30:00,CUST_200,Home Goods,1,379.24,304.76,2024,3,March,Tuesday,379.24,304.76,74.48,19.64
TXN_4099,2024-03-26 09:00:00,CUST_403,Apparel,1,337.16,120.26,2024,3,March,Tuesday,337.16,120.26,216.9,64.33
TXN_4100,2024-03-26 09:30:00,CUST_458,Apparel,4,540.68,327.65,2024,3,March,Tuesday,2162.72,1310.6,852.12,39.4
TXN_4101,2024-03-26 10:00:00,CUST_127,Apparel,4,530.31,123.12,2024,3,March,Tuesday,2121.24,492.48,1628.76,76.78
TXN_4102,2024-03-26 10:30:00,CUST_140,Home Goods,2,103.31,217.47,2024,3,March,Tuesday,206.62,434.94,-228.32,-110.5
TXN_4103,2024-03-26 11:00:00,CUST_454,Electronics,5,62.79,255.5,2024,3,March,Tuesday,313.95,1277.5,-963.55,-306.91
TXN_4104,2024-03-26 11:30:00,CUST_402,Unknown,3,187.34,127.44,2024,3,March,Tuesday,562.02,382.32,179.7,31.97
TXN_4105,2024-03-26 12:00:00,CUST_245,Electronics,5,592.17,129.75,2024,3,March,Tuesday,2960.85,648.75,2312.1,78.09
TXN_4106,2024-03-26 12:30:00,CUST_355,Apparel,1,27.62,169.8,2024,3,March,Tuesday,27.62,169.8,-142.18,-514.77
TXN_4108,2024-03-26 13:30:00,CUST_335,Electronics,1,370.98,44.29,2024,3,March,Tuesday,370.98,44.29,326.69,88.06
TXN_4110,2024-03-26 14:30:00,CUST_479,Electronics,2,142.7,240.3,2024,3,March,Tuesday,285.4,480.6,-195.2,-68.4
TXN_4112,2024-03-26 15:30:00,CUST_309,Electronics,5,266.93,328.19,2024,3,March,Tuesday,1334.65,1640.95,-306.3,-22.95
TXN_4115,2024-03-26 17:00:00,CUST_199,Unknown,1,66.69,213.92,2024,3,March,Tuesday,66.69,213.92,-147.23,-220.77
TXN_4116,2024-03-26 17:30:00,CUST_130,Unknown,5,350.19,255.49,2024,3,March,Tuesday,1750.95,1277.45,473.5,27.04
TXN_4117,2024-03-26 18:00:00,CUST_485,Electronics,2,247.68,56.04,2024,3,March,Tuesday,495.36,112.08,383.28,77.37
TXN_4118,2024-03-26 18:30:00,CUST_115,Apparel,5,186.77,314.05,2024,3,March,Tuesday,933.85,1570.25,-636.4,-68.15
TXN_4120,2024-03-26 19:30:00,CUST_428,Electronics,3,136.26,227.85,2024,3,March,Tuesday,408.78,683.55,-274.77,-67.22
TXN_4122,2024-03-26 20:30:00,CUST_409,Unknown,2,133.79,80.76,2024,3,March,Tuesday,267.58,161.52,106.06,39.64
TXN_4123,2024-03-26 21:00:00,CUST_199,Home Goods,5,423.36,23.84,2024,3,March,Tuesday,2116.8,119.2,1997.6,94.37
TXN_4124,2024-03-26 21:30:00,CUST_208,Electronics,1,87.5,57.2,2024,3,March,Tuesday,87.5,57.2,30.3,34.63
TXN_4125,2024-03-26 22:00:00,CUST_442,Electronics,4,569.72,102.37,2024,3,March,Tuesday,2278.88,409.48,1869.4,82.03
TXN_4126,2024-03-26 22:30:00,CUST_272,Electronics,4,67.54,309.92,2024,3,March,Tuesday,270.16,1239.68,-969.52,-358.87
TXN_4127,2024-03-26 23:00:00,CUST_336,Apparel,2,566.92,300.95,2024,3,March,Tuesday,1133.84,601.9,531.94,46.91
TXN_4128,2024-03-26 23:30:00,CUST_261,Apparel,4,502.48,31.71,2024,3,March,Tuesday,2009.92,126.84,1883.08,93.69
TXN_4129,2024-03-27 00:00:00,CUST_492,Electronics,3,413.22,108.35,2024,3,March,Wednesday,1239.66,325.05,914.61,73.78
TXN_4130,2024-03-27 00:30:00,CUST_315,Home Goods,2,548.7,312.37,2024,3,March,Wednesday,1097.4,624.74,472.66,43.07
TXN_4131,2024-03-27 01:00:00,CUST_363,Electronics,1,96.44,90.46,2024,3,March,Wednesday,96.44,90.46,5.98,6.2
TXN_4132,2024-03-27 01:30:00,CUST_362,Home Goods,1,118.14,348.63,2024,3,March,Wednesday,118.14,348.63,-230.49,-195.1
TXN_4133,2024-03-27 02:00:00,CUST_391,Apparel,2,162.51,97.33,2024,3,March,Wednesday,325.02,194.66,130.36,40.11
TXN_4134,2024-03-27 02:30:00,CUST_373,Apparel,4,158.21,261.3,2024,3,March,Wednesday,632.84,1045.2,-412.36,-65.16
TXN_4135,2024-03-27 03:00:00,CUST_102,Home Goods,4,196.85,151.8,2024,3,March,Wednesday,787.4,607.2,180.2,22.89
TXN_4136,2024-03-27 03:30:00,CUST_127,Home Goods,1,351.74,56.32,2024,3,March,Wednesday,351.74,56.32,295.42,83.99
TXN_4137,2024-03-27 04:00:00,CUST_425,Electronics,3,31.48,96.75,2024,3,March,Wednesday,94.44,290.25,-195.81,-207.34
TXN_4139,2024-03-27 05:00:00,CUST_127,Home Goods,4,159.14,124.6,2024,3,March,Wednesday,636.56,498.4,138.16,21.7
TXN_4140,2024-03-27 05:30:00,CUST_409,Electronics,3,369.88,215.4,2024,3,March,Wednesday,1109.64,646.2,463.44,41.76
TXN_4142,2024-03-27 06:30:00,CUST_455,Apparel,4,317.83,162.52,2024,3,March,Wednesday,1271.32,650.08,621.24,48.87
TXN_4144,2024-03-27 07:30:00,CUST_351,Home Goods,2,230.42,150.35,2024,3,March,Wednesday,460.84,300.7,160.14,34.75
TXN_4145,2024-03-27 08:00:00,CUST_334,Home Goods,5,474.2,77.29,2024,3,March,Wednesday,2371.0,386.45,1984.55,83.7
TXN_4146,2024-03-27 08:30:00,CUST_326,Apparel,1,57.11,166.93,2024,3,March,Wednesday,57.11,166.93,-109.82,-192.3
TXN_4147,2024-03-27 09:00:00,CUST_112,Electronics,2,576.47,245.59,2024,3,March,Wednesday,1152.94,491.18,661.76,57.4
TXN_4148,2024-03-27 09:30:00,CUST_412,Apparel,4,259.48,338.07,2024,3,March,Wednesday,1037.92,1352.28,-314.36,-30.29
TXN_4150,2024-03-27 10:30:00,CUST_217,Electronics,1,584.83,64.9,2024,3,March,Wednesday,584.83,64.9,519.93,88.9
TXN_4151,2024-03-27 11:00:00,CUST_153,Electronics,5,562.49,102.72,2024,3,March,Wednesday,2812.45,513.6,2298.85,81.74
TXN_4152,2024-03-27 11:30:00,CUST_237,Electronics,5,390.53,36.8,2024,3,March,Wednesday,1952.65,184.0,1768.65,90.58
TXN_4155,2024-03-27 13:00:00,CUST_402,Apparel,4,211.3,77.84,2024,3,March,Wednesday,845.2,311.36,533.84,63.16
TXN_4156,2024-03-27 13:30:00,CUST_152,Unknown,1,242.14,82.64,2024,3,March,Wednesday,242.14,82.64,159.5,65.87
TXN_4159,2024-03-27 15:00:00,CUST_112,Home Goods,4,450.56,52.7,2024,3,March,Wednesday,1802.24,210.8,1591.44,88.3
TXN_4160,2024-03-27 15:30:00,CUST_264,Electronics,5,174.71,104.46,2024,3,March,Wednesday,873.55,522.3,351.25,40.21
TXN_4161,2024-03-27 16:00:00,CUST_201,Unknown,2,564.16,244.06,2024,3,March,Wednesday,1128.32,488.12,640.2,56.74
TXN_4162,2024-03-27 16:30:00,CUST_379,Electronics,2,128.92,90.38,2024,3,March,Wednesday,257.84,180.76,77.08,29.89
TXN_4163,2024-03-27 17:00:00,CUST_357,Home Goods,3,53.76,68.43,2024,3,March,Wednesday,161.28,205.29,-44.01,-27.29
TXN_4164,2024-03-27 17:30:00,CUST_436,Home Goods,5,391.95,33.02,2024,3,March,Wednesday,1959.75,165.1,1794.65,91.58
TXN_4167,2024-03-27 19:00:00,CUST_237,Electronics,5,463.8,30.07,2024,3,March,Wednesday,2319.0,150.35,2168.65,93.52
TXN_4168,2024-03-27 19:30:00,CUST_262,Apparel,4,131.8,194.39,2024,3,March,Wednesday,527.2,777.56,-250.36,-47.49
TXN_4169,2024-03-27 20:00:00,CUST_486,Electronics,3,586.93,231.21,2024,3,March,Wednesday,1760.79,693.63,1067.16,60.61
TXN_4171,2024-03-27 21:00:00,CUST_201,Home Goods,3,110.45,308.39,2024,3,March,Wednesday,331.35,925.17,-593.82,-179.21
TXN_4172,2024-03-27 21:30:00,CUST_116,Home Goods,1,341.89,304.57,2024,3,March,Wednesday,341.89,304.57,37.32,10.92
TXN_4173,2024-03-27 22:00:00,CUST_367,Electronics,4,339.98,29.48,2024,3,March,Wednesday,1359.92,117.92,1242.0,91.33
TXN_4177,2024-03-28 00:00:00,CUST_128,Electronics,2,381.92,283.59,2024,3,March,Thursday,763.84,567.18,196.66,25.75
TXN_4178,2024-03-28 00:30:00,CUST_270,Electronics,1,135.1,70.04,2024,3,March,Thursday,135.1,70.04,65.06,48.16
TXN_4179,2024-03-28 01:00:00,CUST_327,Electronics,3,323.49,104.93,2024,3,March,Thursday,970.47,314.79,655.68,67.56
TXN_4180,2024-03-28 01:30:00,CUST_477,Apparel,2,471.15,269.62,2024,3,March,Thursday,942.3,539.24,403.06,42.77
TXN_4181,2024-03-28 02:00:00,CUST_287,Apparel,5,159.34,170.3,2024,3,March,Thursday,796.7,851.5,-54.8,-6.88
TXN_4182,2024-03-28 02:30:00,CUST_445,Unknown,4,245.12,196.08,2024,3,March,Thursday,980.48,784.32,196.16,20.01
TXN_4183,2024-03-28 03:00:00,CUST_329,Electronics,3,571.2,217.05,2024,3,March,Thursday,1713.6,651.15,1062.45,62.0
TXN_4184,2024-03-28 03:30:00,CUST_420,Electronics,5,460.47,45.12,2024,3,March,Thursday,2302.35,225.6,2076.75,90.2
TXN_4187,2024-03-28 05:00:00,CUST_255,Home Goods,3,263.8,169.2,2024,3,March,Thursday,791.4,507.6,283.8,35.86
TXN_4188,2024-03-28 05:30:00,CUST_371,Home Goods,2,467.83,223.13,2024,3,March,Thursday,935.66,446.26,489.4,52.31
TXN_4189,2024-03-28 06:00:00,CUST_274,Apparel,1,495.02,234.37,2024,3,March,Thursday,495.02,234.37,260.65,52.65
TXN_4190,2024-03-28 06:30:00,CUST_203,Apparel,2,158.09,74.51,2024,3,March,Thursday,316.18,149.02,167.16,52.87
TXN_4191,2024-03-28 07:00:00,CUST_191,Home Goods,4,402.31,48.28,2024,3,March,Thursday,1609.24,193.12,1416.12,88.0
TXN_4193,2024-03-28 08:00:00,CUST_382,Electronics,4,28.58,320.38,2024,3,March,Thursday,114.32,1281.52,-1167.2,-1020.99
TXN_4194,2024-03-28 08:30:00,CUST_280,Electronics,3,335.97,127.54,2024,3,March,Thursday,1007.91,382.62,625.29,62.04
TXN_4195,2024-03-28 09:00:00,CUST_269,Electronics,2,146.26,39.18,2024,3,March,Thursday,292.52,78.36,214.16,73.21
TXN_4196,2024-03-28 09:30:00,CUST_286,Apparel,1,61.16,168.37,2024,3,March,Thursday,61.16,168.37,-107.21,-175.29
TXN_4198,2024-03-28 10:30:00,CUST_321,Electronics,4,306.32,38.99,2024,3,March,Thursday,1225.28,155.96,1069.32,87.27
TXN_4199,2024-03-28 11:00:00,CUST_332,Electronics,1,480.82,176.22,2024,3,March,Thursday,480.82,176.22,304.6,63.35
TXN_4200,2024-03-28 11:30:00,CUST_261,Apparel,5,403.41,183.0,2024,3,March,Thursday,2017.05,915.0,1102.05,54.64
TXN_4201,2024-03-28 12:00:00,CUST_233,Electronics,3,441.94,207.25,2024,3,March,Thursday,1325.82,621.75,704.07,53.1
TXN_4202,2024-03-28 12:30:00,CUST_490,Apparel,1,194.81,233.15,2024,3,March,Thursday,194.81,233.15,-38.34,-19.68
TXN_4203,2024-03-28 13:00:00,CUST_323,Electronics,3,169.02,237.21,2024,3,March,Thursday,507.06,711.63,-204.57,-40.34
TXN_4204,2024-03-28 13:30:00,CUST_252,Electronics,5,366.51,157.22,2024,3,March,Thursday,1832.55,786.1,1046.45,57.1
TXN_4205,2024-03-28 14:00:00,CUST_132,Apparel,1,132.05,228.8,2024,3,March,Thursday,132.05,228.8,-96.75,-73.27
TXN_4207,2024-03-28 15:00:00,CUST_106,Electronics,1,320.91,160.04,2024,3,March,Thursday,320.91,160.04,160.87,50.13
TXN_4209,2024-03-28 16:00:00,CUST_412,Home Goods,5,380.72,121.9,2024,3,March,Thursday,1903.6,609.5,1294.1,67.98
TXN_4212,2024-03-28 17:30:00,CUST_115,Electronics,2,78.97,182.01,2024,3,March,Thursday,157.94,364.02,-206.08,-130.48
TXN_4213,2024-03-28 18:00:00,CUST_307,Unknown,1,508.65,192.68,2024,3,March,Thursday,508.65,192.68,315.97,62.12
TXN_4215,2024-03-28 19:00:00,CUST_472,Apparel,1,38.03,341.79,2024,3,March,Thursday,38.03,341.79,-303.76,-798.74
TXN_4218,2024-03-28 20:30:00,CUST_210,Home Goods,4,348.12,203.83,2024,3,March,Thursday,1392.48,815.32,577.16,41.45
TXN_4220,2024-03-28 21:30:00,CUST_259,Apparel,2,549.21,341.37,2024,3,March,Thursday,1098.42,682.74,415.68,37.84
TXN_4221,2024-03-28 22:00:00,CUST_430,Electronics,1,464.67,311.01,2024,3,March,Thursday,464.67,311.01,153.66,33.07
TXN_4222,2024-03-28 22:30:00,CUST_363,Home Goods,5,590.53,170.23,2024,3,March,Thursday,2952.65,851.15,2101.5,71.17
TXN_4223,2024-03-28 23:00:00,CUST_324,Apparel,3,293.73,92.64,2024,3,March,Thursday,881.19,277.92,603.27,68.46
TXN_4224,2024-03-28 23:30:00,CUST_316,Electronics,5,64.33,85.71,2024,3,March,Thursday,321.65,428.55,-106.9,-33.23
TXN_4225,2024-03-29 00:00:00,CUST_144,Home Goods,2,573.99,284.05,2024,3,March,Friday,1147.98,568.1,579.88,50.51
TXN_4226,2024-03-29 00:30:00,CUST_313,Home Goods,4,17.41,33.5,2024,3,March,Friday,69.64,134.0,-64.36,-92.42
TXN_4227,2024-03-29 01:00:00,CUST_158,Unknown,4,469.02,226.94,2024,3,March,Friday,1876.08,907.76,968.32,51.61
TXN_4228,2024-03-29 01:30:00,CUST_231,Home Goods,4,33.3,227.65,2024,3,March,Friday,133.2,910.6,-777.4,-583.63
TXN_4230,2024-03-29 02:30:00,CUST_294,Electronics,5,563.69,249.67,2024,3,March,Friday,2818.45,1248.35,1570.1,55.71
TXN_4231,2024-03-29 03:00:00,CUST_256,Home Goods,3,242.72,249.84,2024,3,March,Friday,728.16,749.52,-21.36,-2.93
TXN_4234,2024-03-29 04:30:00,CUST_304,Electronics,3,302.65,293.14,2024,3,March,Friday,907.95,879.42,28.53,3.14
TXN_4237,2024-03-29 06:00:00,CUST_317,Home Goods,1,230.49,150.34,2024,3,March,Friday,230.49,150.34,80.15,34.77
TXN_4239,2024-03-29 07:00:00,CUST_189,Electronics,3,284.85,349.34,2024,3,March,Friday,854.55,1048.02,-193.47,-22.64
TXN_4240,2024-03-29 07:30:00,CUST_203,Apparel,3,332.41,190.72,2024,3,March,Friday,997.23,572.16,425.07,42.63
TXN_4241,2024-03-29 08:00:00,CUST_492,Electronics,1,98.03,124.39,2024,3,March,Friday,98.03,124.39,-26.36,-26.89
TXN_4242,2024-03-29 08:30:00,CUST_218,Apparel,5,429.04,252.69,2024,3,March,Friday,2145.2,1263.45,881.75,41.1
TXN_4243,2024-03-29 09:00:00,CUST_232,Apparel,5,531.52,221.08,2024,3,March,Friday,2657.6,1105.4,1552.2,58.41
TXN_4244,2024-03-29 09:30:00,CUST_411,Electronics,2,177.62,89.19,2024,3,March,Friday,355.24,178.38,176.86,49.79
TXN_4245,2024-03-29 10:00:00,CUST_195,Electronics,5,120.53,308.15,2024,3,March,Friday,602.65,1540.75,-938.1,-155.66
TXN_4246,2024-03-29 10:30:00,CUST_430,Electronics,4,459.9,34.11,2024,3,March,Friday,1839.6,136.44,1703.16,92.58
TXN_4247,2024-03-29 11:00:00,CUST_242,Electronics,4,122.37,215.94,2024,3,March,Friday,489.48,863.76,-374.28,-76.46
TXN_4248,2024-03-29 11:30:00,CUST_387,Home Goods,2,39.13,172.48,2024,3,March,Friday,78.26,344.96,-266.7,-340.79
TXN_4249,2024-03-29 12:00:00,CUST_127,Apparel,3,377.26,118.19,2024,3,March,Friday,1131.78,354.57,777.21,68.67
TXN_4250,2024-03-29 12:30:00,CUST_377,Electronics,2,155.25,290.97,2024,3,March,Friday,310.5,581.94,-271.44,-87.42
TXN_4251,2024-03-29 13:00:00,CUST_332,Apparel,1,115.51,233.13,2024,3,March,Friday,115.51,233.13,-117.62,-101.83
TXN_4252,2024-03-29 13:30:00,CUST_116,Electronics,2,589.24,268.23,2024,3,March,Friday,1178.48,536.46,642.02,54.48
TXN_4253,2024-03-29 14:00:00,CUST_158,Electronics,2,185.74,150.98,2024,3,March,Friday,371.48,301.96,69.52,18.71
TXN_4255,2024-03-29 15:00:00,CUST_298,Home Goods,4,119.26,127.21,2024,3,March,Friday,477.04,508.84,-31.8,-6.67
TXN_4256,2024-03-29 15:30:00,CUST_461,Home Goods,1,494.1,190.56,2024,3,March,Friday,494.1,190.56,303.54,61.43
TXN_4258,2024-03-29 16:30:00,CUST_124,Electronics,1,60.98,38.28,2024,3,March,Friday,60.98,38.28,22.7,37.23
TXN_4259,2024-03-29 17:00:00,CUST_493,Electronics,2,444.16,47.0,2024,3,March,Friday,888.32,94.0,794.32,89.42
TXN_4262,2024-03-29 18:30:00,CUST_366,Unknown,1,439.47,272.38,2024,3,March,Friday,439.47,272.38,167.09,38.02
TXN_4263,2024-03-29 19:00:00,CUST_280,Electronics,1,275.36,174.62,2024,3,March,Friday,275.36,174.62,100.74,36.58
TXN_4264,2024-03-29 19:30:00,CUST_459,Electronics,5,456.01,182.06,2024,3,March,Friday,2280.05,910.3,1369.75,60.08
TXN_4266,2024-03-29 20:30:00,CUST_450,Home Goods,1,30.56,157.13,2024,3,March,Friday,30.56,157.13,-126.57,-414.17
TXN_4268,2024-03-29 21:30:00,CUST_148,Apparel,3,290.55,22.27,2024,3,March,Friday,871.65,66.81,804.84,92.34
TXN_4269,2024-03-29 22:00:00,CUST_274,Unknown,1,561.15,164.07,2024,3,March,Friday,561.15,164.07,397.08,70.76
TXN_4270,2024-03-29 22:30:00,CUST_151,Apparel,4,215.11,173.13,2024,3,March,Friday,860.44,692.52,167.92,19.52
TXN_4271,2024-03-29 23:00:00,CUST_201,Home Goods,5,382.89,236.37,2024,3,March,Friday,1914.45,1181.85,732.6,38.27
TXN_4272,2024-03-29 23:30:00,CUST_315,Unknown,4,22.07,185.59,2024,3,March,Friday,88.28,742.36,-654.08,-740.92
TXN_4274,2024-03-30 00:30:00,CUST_156,Electronics,4,367.79,134.97,2024,3,March,Saturday,1471.16,539.88,931.28,63.3
TXN_4275,2024-03-30 01:00:00,CUST_146,Electronics,3,433.51,149.3,2024,3,March,Saturday,1300.53,447.9,852.63,65.56
TXN_4276,2024-03-30 01:30:00,CUST_258,Apparel,5,544.23,204.3,2024,3,March,Saturday,2721.15,1021.5,1699.65,62.46
TXN_4278,2024-03-30 02:30:00,CUST_341,Home Goods,2,168.03,143.79,2024,3,March,Saturday,336.06,287.58,48.48,14.43
TXN_4281,2024-03-30 04:00:00,CUST_469,Home Goods,1,436.57,318.25,2024,3,March,Saturday,436.57,318.25,118.32,27.1
TXN_4283,2024-03-30 05:00:00,CUST_183,Electronics,3,414.55,62.28,2024,3,March,Saturday,1243.65,186.84,1056.81,84.98
TXN_4285,2024-03-30 06:00:00,CUST_460,Apparel,3,140.85,270.02,2024,3,March,Saturday,422.55,810.06,-387.51,-91.71
TXN_4286,2024-03-30 06:30:00,CUST_347,Electronics,2,404.81,228.74,2024,3,March,Saturday,809.62,457.48,352.14,43.49
TXN_4287,2024-03-30 07:00:00,CUST_153,Home Goods,3,123.96,310.99,2024,3,March,Saturday,371.88,932.97,-561.09,-150.88
TXN_4288,2024-03-30 07:30:00,CUST_260,Apparel,2,402.01,264.99,2024,3,March,Saturday,804.02,529.98,274.04,34.08
TXN_4289,2024-03-30 08:00:00,CUST_325,Home Goods,2,303.13,30.95,2024,3,March,Saturday,606.26,61.9,544.36,89.79
TXN_4290,2024-03-30 08:30:00,CUST_114,Apparel,2,241.18,48.25,2024,3,March,Saturday,482.36,96.5,385.86,79.99
TXN_4291,2024-03-30 09:00:00,CUST_323,Electronics,3,190.64,230.91,2024,3,March,Saturday,571.92,692.73,-120.81,-21.12
TXN_4293,2024-03-30 10:00:00,CUST_221,Electronics,2,312.23,209.86,2024,3,March,Saturday,624.46,419.72,204.74,32.79
TXN_4295,2024-03-30 11:00:00,CUST_145,Electronics,3,570.31,206.16,2024,3,March,Saturday,1710.93,618.48,1092.45,63.85
TXN_4296,2024-03-30 11:30:00,CUST_489,Electronics,5,397.52,151.27,2024,3,March,Saturday,1987.6,756.35,1231.25,61.95
TXN_4297,2024-03-30 12:00:00,CUST_393,Apparel,2,575.34,229.73,2024,3,March,Saturday,1150.68,459.46,691.22,60.07
TXN_4298,2024-03-30 12:30:00,CUST_161,Electronics,3,77.22,58.83,2024,3,March,Saturday,231.66,176.49,55.17,23.82
TXN_4299,2024-03-30 13:00:00,CUST_185,Electronics,3,510.28,255.89,2024,3,March,Saturday,1530.84,767.67,763.17,49.85
TXN_4301,2024-03-30 14:00:00,CUST_177,Home Goods,3,489.14,184.9,2024,3,March,Saturday,1467.42,554.7,912.72,62.2
TXN_4302,2024-03-30 14:30:00,CUST_301,Electronics,1,515.55,104.8,2024,3,March,Saturday,515.55,104.8,410.75,79.67
TXN_4305,2024-03-30 16:00:00,CUST_322,Electronics,1,439.72,30.12,2024,3,March,Saturday,439.72,30.12,409.6,93.15
TXN_4306,2024-03-30 16:30:00,CUST_321,Unknown,2,72.95,322.33,2024,3,March,Saturday,145.9,644.66,-498.76,-341.85
TXN_4308,2024-03-30 17:30:00,CUST_105,Home Goods,5,79.63,208.83,2024,3,March,Saturday,398.15,1044.15,-646.0,-162.25
TXN_4310,2024-03-30 18:30:00,CUST_107,Home Goods,2,176.66,336.37,2024,3,March,Saturday,353.32,672.74,-319.42,-90.41
TXN_4311,2024-03-30 19:00:00,CUST_334,Electronics,4,351.73,273.51,2024,3,March,Saturday,1406.92,1094.04,312.88,22.24
TXN_4312,2024-03-30 19:30:00,CUST_207,Apparel,4,83.53,191.9,2024,3,March,Saturday,334.12,767.6,-433.48,-129.74
TXN_4313,2024-03-30 20:00:00,CUST_260,Electronics,5,172.65,232.07,2024,3,March,Saturday,863.25,1160.35,-297.1,-34.42
TXN_4315,2024-03-30 21:00:00,CUST_339,Home Goods,5,299.92,76.54,2024,3,March,Saturday,1499.6,382.7,1116.9,74.48
TXN_4316,2024-03-30 21:30:00,CUST_430,Apparel,5,15.04,102.93,2024,3,March,Saturday,75.2,514.65,-439.45,-584.38
TXN_4317,2024-03-30 22:00:00,CUST_432,Home Goods,1,534.86,109.67,2024,3,March,Saturday,534.86,109.67,425.19,79.5
TXN_4318,2024-03-30 22:30:00,CUST_149,Apparel,1,19.49,261.51,2024,3,March,Saturday,19.49,261.51,-242.02,-1241.77
TXN_4319,2024-03-30 23:00:00,CUST_110,Home Goods,4,467.61,57.62,2024,3,March,Saturday,1870.44,230.48,1639.96,87.68
TXN_4320,2024-03-30 23:30:00,CUST_450,Apparel,5,290.29,274.38,2024,3,March,Saturday,1451.45,1371.9,79.55,5.48
TXN_4321,2024-03-31 00:00:00,CUST_255,Unknown,3,321.47,187.95,2024,3,March,Sunday,964.41,563.85,400.56,41.53
TXN_4323,2024-03-31 01:00:00,CUST_268,Electronics,4,370.31,112.13,2024,3,March,Sunday,1481.24,448.52,1032.72,69.72
TXN_4324,2024-03-31 01:30:00,CUST_371,Home Goods,5,329.28,184.49,2024,3,March,Sunday,1646.4,922.45,723.95,43.97
TXN_4325,2024-03-31 02:00:00,CUST_167,Home Goods,3,111.08,117.96,2024,3,March,Sunday,333.24,353.88,-20.64,-6.19
TXN_4326,2024-03-31 02:30:00,CUST_454,Electronics,5,154.3,156.01,2024,3,March,Sunday,771.5,780.05,-8.55,-1.11
TXN_4328,2024-03-31 03:30:00,CUST_147,Electronics,2,53.78,222.84,2024,3,March,Sunday,107.56,445.68,-338.12,-314.35
TXN_4329,2024-03-31 04:00:00,CUST_283,Home Goods,3,23.06,264.31,2024,3,March,Sunday,69.18,792.93,-723.75,-1046.18
TXN_4332,2024-03-31 05:30:00,CUST_189,Apparel,2,199.99,78.57,2024,3,March,Sunday,399.98,157.14,242.84,60.71
TXN_4334,2024-03-31 06:30:00,CUST_238,Home Goods,1,92.16,171.76,2024,3,March,Sunday,92.16,171.76,-79.6,-86.37
TXN_4335,2024-03-31 07:00:00,CUST_456,Unknown,4,351.65,254.2,2024,3,March,Sunday,1406.6,1016.8,389.8,27.71
TXN_4336,2024-03-31 07:30:00,CUST_188,Apparel,5,215.15,240.44,2024,3,March,Sunday,1075.75,1202.2,-126.45,-11.75
TXN_4337,2024-03-31 08:00:00,CUST_373,Electronics,4,410.65,202.49,2024,3,March,Sunday,1642.6,809.96,832.64,50.69
TXN_4339,2024-03-31 09:00:00,CUST_410,Apparel,5,357.05,83.89,2024,3,March,Sunday,1785.25,419.45,1365.8,76.5
TXN_4340,2024-03-31 09:30:00,CUST_457,Apparel,2,176.5,153.39,2024,3,March,Sunday,353.0,306.78,46.22,13.09
TXN_4341,2024-03-31 10:00:00,CUST_473,Electronics,3,312.54,53.43,2024,3,March,Sunday,937.62,160.29,777.33,82.9
TXN_4342,2024-03-31 10:30:00,CUST_253,Apparel,3,162.38,71.82,2024,3,March,Sunday,487.14,215.46,271.68,55.77
TXN_4343,2024-03-31 11:00:00,CUST_489,Electronics,5,543.2,252.41,2024,3,March,Sunday,2716.0,1262.05,1453.95,53.53
TXN_4344,2024-03-31 11:30:00,CUST_359,Home Goods,2,463.34,11.65,2024,3,March,Sunday,926.68,23.3,903.38,97.49
TXN_4345,2024-03-31 12:00:00,CUST_207,Apparel,5,303.41,312.54,2024,3,March,Sunday,1517.05,1562.7,-45.65,-3.01
TXN_4346,2024-03-31 12:30:00,CUST_470,Home Goods,5,579.79,225.28,2024,3,March,Sunday,2898.95,1126.4,1772.55,61.14
TXN_4348,2024-03-31 13:30:00,CUST_158,Electronics,5,207.19,122.66,2024,3,March,Sunday,1035.95,613.3,422.65,40.8
TXN_4349,2024-03-31 14:00:00,CUST_224,Home Goods,3,70.85,52.93,2024,3,March,Sunday,212.55,158.79,53.76,25.29
TXN_4351,2024-03-31 15:00:00,CUST_372,Electronics,5,518.34,252.19,2024,3,March,Sunday,2591.7,1260.95,1330.75,51.35
TXN_4352,2024-03-31 15:30:00,CUST_206,Apparel,3,522.03,124.37,2024,3,March,Sunday,1566.09,373.11,1192.98,76.18
TXN_4353,2024-03-31 16:00:00,CUST_398,Electronics,1,368.67,34.12,2024,3,March,Sunday,368.67,34.12,334.55,90.75
TXN_4354,2024-03-31 16:30:00,CUST_344,Home Goods,2,245.16,120.73,2024,3,March,Sunday,490.32,241.46,248.86,50.75
TXN_4355,2024-03-31 17:00:00,CUST_435,Apparel,1,395.42,72.78,2024,3,March,Sunday,395.42,72.78,322.64,81.59
TXN_4356,2024-03-31 17:30:00,CUST_346,Apparel,5,460.85,277.33,2024,3,March,Sunday,2304.25,1386.65,917.6,39.82
TXN_4357,2024-03-31 18:00:00,CUST_107,Electronics,3,255.8,254.66,2024,3,March,Sunday,767.4,763.98,3.42,0.45
TXN_4358,2024-03-31 18:30:00,CUST_240,Electronics,2,293.61,179.37,2024,3,March,Sunday,587.22,358.74,228.48,38.91
TXN_4359,2024-03-31 19:00:00,CUST_461,Unknown,4,413.16,311.19,2024,3,March,Sunday,1652.64,1244.76,407.88,24.68
TXN_4360,2024-03-31 19:30:00,CUST_107,Home Goods,2,527.84,71.43,2024,3,March,Sunday,1055.68,142.86,912.82,86.47
TXN_4361,2024-03-31 20:00:00,CUST_451,Electronics,2,477.74,163.67,2024,3,March,Sunday,955.48,327.34,628.14,65.74
TXN_4362,2024-03-31 20:30:00,CUST_193,Electronics,5,28.1,251.61,2024,3,March,Sunday,140.5,1258.05,-1117.55,-795.41
TXN_4364,2024-03-31 21:30:00,CUST_138,Apparel,1,513.88,136.71,2024,3,March,Sunday,513.88,136.71,377.17,73.4
TXN_4365,2024-03-31 22:00:00,CUST_180,Home Goods,1,502.79,204.37,2024,3,March,Sunday,502.79,204.37,298.42,59.35
TXN_4366,2024-03-31 22:30:00,CUST_286,Apparel,4,242.45,134.71,2024,3,March,Sunday,969.8,538.84,430.96,44.44
TXN_4367,2024-03-31 23:00:00,CUST_183,Apparel,5,356.8,173.27,2024,3,March,Sunday,1784.0,866.35,917.65,51.44
TXN_4368,2024-03-31 23:30:00,CUST_187,Home Goods,2,544.92,216.76,2024,3,March,Sunday,1089.84,433.52,656.32,60.22
TXN_4371,2024-04-01 01:00:00,CUST_192,Apparel,1,137.61,57.41,2024,4,April,Monday,137.61,57.41,80.2,58.28
TXN_4372,2024-04-01 01:30:00,CUST_185,Unknown,1,442.22,189.18,2024,4,April,Monday,442.22,189.18,253.04,57.22
TXN_4373,2024-04-01 02:00:00,CUST_143,Home Goods,3,74.14,69.41,2024,4,April,Monday,222.42,208.23,14.19,6.38
TXN_4374,2024-04-01 02:30:00,CUST_236,Apparel,2,537.95,312.54,2024,4,April,Monday,1075.9,625.08,450.82,41.9
TXN_4375,2024-04-01 03:00:00,CUST_173,Apparel,5,102.25,293.62,2024,4,April,Monday,511.25,1468.1,-956.85,-187.16
TXN_4376,2024-04-01 03:30:00,CUST_135,Home Goods,1,402.47,128.67,2024,4,April,Monday,402.47,128.67,273.8,68.03
TXN_4378,2024-04-01 04:30:00,CUST_255,Electronics,5,469.49,191.28,2024,4,April,Monday,2347.45,956.4,1391.05,59.26
TXN_4379,2024-04-01 05:00:00,CUST_354,Unknown,2,337.67,64.08,2024,4,April,Monday,675.34,128.16,547.18,81.02
TXN_4380,2024-04-01 05:30:00,CUST_270,Home Goods,2,49.85,218.83,2024,4,April,Monday,99.7,437.66,-337.96,-338.98
TXN_4381,2024-04-01 06:00:00,CUST_315,Electronics,1,427.92,241.01,2024,4,April,Monday,427.92,241.01,186.91,43.68
TXN_4382,2024-04-01 06:30:00,CUST_269,Apparel,4,239.15,38.52,2024,4,April,Monday,956.6,154.08,802.52,83.89
TXN_4383,2024-04-01 07:00:00,CUST_351,Apparel,5,202.37,116.91,2024,4,April,Monday,1011.85,584.55,427.3,42.23
TXN_4384,2024-04-01 07:30:00,CUST_459,Electronics,5,595.13,11.83,2024,4,April,Monday,2975.65,59.15,2916.5,98.01
TXN_4385,2024-04-01 08:00:00,CUST_421,Unknown,3,360.38,117.59,2024,4,April,Monday,1081.14,352.77,728.37,67.37
TXN_4387,2024-04-01 09:00:00,CUST_190,Home Goods,2,322.9,224.27,2024,4,April,Monday,645.8,448.54,197.26,30.55
TXN_4388,2024-04-01 09:30:00,CUST_377,Electronics,2,465.43,77.67,2024,4,April,Monday,930.86,155.34,775.52,83.31
TXN_4389,2024-04-01 10:00:00,CUST_200,Apparel,1,454.96,20.23,2024,4,April,Monday,454.96,20.23,434.73,95.55
TXN_4390,2024-04-01 10:30:00,CUST_254,Electronics,1,399.43,117.32,2024,4,April,Monday,399.43,117.32,282.11,70.63
TXN_4391,2024-04-01 11:00:00,CUST_476,Home Goods,1,598.68,290.71,2024,4,April,Monday,598.68,290.71,307.97,51.44
TXN_4392,2024-04-01 11:30:00,CUST_448,Apparel,3,283.98,145.71,2024,4,April,Monday,851.94,437.13,414.81,48.69
TXN_4394,2024-04-01 12:30:00,CUST_240,Electronics,4,481.7,169.47,2024,4,April,Monday,1926.8,677.88,1248.92,64.82
TXN_4395,2024-04-01 13:00:00,CUST_272,Electronics,1,234.98,265.61,2024,4,April,Monday,234.98,265.61,-30.63,-13.04
TXN_4396,2024-04-01 13:30:00,CUST_109,Electronics,1,282.45,173.21,2024,4,April,Monday,282.45,173.21,109.24,38.68
TXN_4399,2024-04-01 15:00:00,CUST_347,Apparel,1,211.15,73.89,2024,4,April,Monday,211.15,73.89,137.26,65.01
TXN_4400,2024-04-01 15:30:00,CUST_346,Apparel,3,299.43,182.67,2024,4,April,Monday,898.29,548.01,350.28,38.99
TXN_4401,2024-04-01 16:00:00,CUST_254,Apparel,5,15.86,20.18,2024,4,April,Monday,79.3,100.9,-21.6,-27.24
TXN_4402,2024-04-01 16:30:00,CUST_133,Electronics,4,540.99,106.43,2024,4,April,Monday,2163.96,425.72,1738.24,80.33
TXN_4403,2024-04-01 17:00:00,CUST_228,Electronics,5,182.45,216.45,2024,4,April,Monday,912.25,1082.25,-170.0,-18.64
TXN_4405,2024-04-01 18:00:00,CUST_188,Home Goods,2,494.89,250.62,2024,4,April,Monday,989.78,501.24,488.54,49.36
TXN_4406,2024-04-01 18:30:00,CUST_192,Apparel,2,177.62,143.02,2024,4,April,Monday,355.24,286.04,69.2,19.48
TXN_4407,2024-04-01 19:00:00,CUST_426,Electronics,1,399.71,342.95,2024,4,April,Monday,399.71,342.95,56.76,14.2
TXN_4409,2024-04-01 20:00:00,CUST_422,Home Goods,5,478.6,281.95,2024,4,April,Monday,2393.0,1409.75,983.25,41.09
TXN_4410,2024-04-01 20:30:00,CUST_216,Apparel,3,472.44,334.49,2024,4,April,Monday,1417.32,1003.47,413.85,29.2
TXN_4411,2024-04-01 21:00:00,CUST_193,Apparel,4,66.85,79.62,2024,4,April,Monday,267.4,318.48,-51.08,-19.1
TXN_4413,2024-04-01 22:00:00,CUST_198,Electronics,5,194.46,119.36,2024,4,April,Monday,972.3,596.8,375.5,38.62
TXN_4417,2024-04-02 00:00:00,CUST_445,Home Goods,5,340.86,335.99,2024,4,April,Tuesday,1704.3,1679.95,24.35,1.43
TXN_4418,2024-04-02 00:30:00,CUST_305,Home Goods,4,189.79,81.36,2024,4,April,Tuesday,759.16,325.44,433.72,57.13
TXN_4419,2024-04-02 01:00:00,CUST_116,Electronics,5,299.17,267.91,2024,4,April,Tuesday,1495.85,1339.55,156.3,10.45
TXN_4420,2024-04-02 01:30:00,CUST_373,Apparel,5,210.83,239.39,2024,4,April,Tuesday,1054.15,1196.95,-142.8,-13.55
TXN_4421,2024-04-02 02:00:00,CUST_272,Electronics,4,129.2,113.18,2024,4,April,Tuesday,516.8,452.72,64.08,12.4
TXN_4422,2024-04-02 02:30:00,CUST_215,Electronics,3,394.88,165.84,2024,4,April,Tuesday,1184.64,497.52,687.12,58.0
TXN_4425,2024-04-02 04:00:00,CUST_190,Home Goods,4,526.73,339.16,2024,4,April,Tuesday,2106.92,1356.64,750.28,35.61
TXN_4426,2024-04-02 04:30:00,CUST_181,Unknown,1,427.11,259.04,2024,4,April,Tuesday,427.11,259.04,168.07,39.35
TXN_4427,2024-04-02 05:00:00,CUST_423,Electronics,1,417.19,298.8,2024,4,April,Tuesday,417.19,298.8,118.39,28.38
TXN_4428,2024-04-02 05:30:00,CUST_213,Apparel,1,48.16,38.09,2024,4,April,Tuesday,48.16,38.09,10.07,20.91
TXN_4429,2024-04-02 06:00:00,CUST_356,Home Goods,1,79.22,140.55,2024,4,April,Tuesday,79.22,140.55,-61.33,-77.42
TXN_4431,2024-04-02 07:00:00,CUST_253,Home Goods,2,151.28,202.08,2024,4,April,Tuesday,302.56,404.16,-101.6,-33.58
TXN_4432,2024-04-02 07:30:00,CUST_464,Electronics,3,223.01,72.34,2024,4,April,Tuesday,669.03,217.02,452.01,67.56
TXN_4433,2024-04-02 08:00:00,CUST_215,Apparel,2,100.0,201.55,2024,4,April,Tuesday,200.0,403.1,-203.1,-101.55
TXN_4434,2024-04-02 08:30:00,CUST_442,Apparel,5,129.16,232.48,2024,4,April,Tuesday,645.8,1162.4,-516.6,-79.99
TXN_4435,2024-04-02 09:00:00,CUST_365,Unknown,5,468.62,55.0,2024,4,April,Tuesday,2343.1,275.0,2068.1,88.26
TXN_4436,2024-04-02 09:30:00,CUST_414,Electronics,4,168.19,54.79,2024,4,April,Tuesday,672.76,219.16,453.6,67.42
TXN_4437,2024-04-02 10:00:00,CUST_302,Home Goods,1,277.69,22.04,2024,4,April,Tuesday,277.69,22.04,255.65,92.06
TXN_4438,2024-04-02 10:30:00,CUST_140,Electronics,4,103.73,268.7,2024,4,April,Tuesday,414.92,1074.8,-659.88,-159.04
TXN_4439,2024-04-02 11:00:00,CUST_204,Unknown,5,411.59,122.54,2024,4,April,Tuesday,2057.95,612.7,1445.25,70.23
TXN_4440,2024-04-02 11:30:00,CUST_488,Apparel,1,441.04,86.64,2024,4,April,Tuesday,441.04,86.64,354.4,80.36
TXN_4443,2024-04-02 13:00:00,CUST_377,Electronics,3,155.35,155.24,2024,4,April,Tuesday,466.05,465.72,0.33,0.07
TXN_4444,2024-04-02 13:30:00,CUST_453,Electronics,5,419.76,263.23,2024,4,April,Tuesday,2098.8,1316.15,782.65,37.29
TXN_4446,2024-04-02 14:30:00,CUST_320,Electronics,4,581.66,198.36,2024,4,April,Tuesday,2326.64,793.44,1533.2,65.9
TXN_4448,2024-04-02 15:30:00,CUST_296,Home Goods,4,69.82,71.52,2024,4,April,Tuesday,279.28,286.08,-6.8,-2.43
TXN_4449,2024-04-02 16:00:00,CUST_355,Apparel,5,168.88,208.07,2024,4,April,Tuesday,844.4,1040.35,-195.95,-23.21
TXN_4450,2024-04-02 16:30:00,CUST_238,Electronics,2,86.87,18.01,2024,4,April,Tuesday,173.74,36.02,137.72,79.27
TXN_4453,2024-04-02 18:00:00,CUST_198,Unknown,3,257.18,151.65,2024,4,April,Tuesday,771.54,454.95,316.59,41.03
TXN_4458,2024-04-02 20:30:00,CUST_287,Electronics,5,530.66,209.0,2024,4,April,Tuesday,2653.3,1045.0,1608.3,60.62
TXN_4460,2024-04-02 21:30:00,CUST_402,Electronics,5,455.65,168.3,2024,4,April,Tuesday,2278.25,841.5,1436.75,63.06
TXN_4462,2024-04-02 22:30:00,CUST_253,Apparel,4,271.12,149.63,2024,4,April,Tuesday,1084.48,598.52,485.96,44.81
TXN_4463,2024-04-02 23:00:00,CUST_139,Apparel,1,313.61,117.09,2024,4,April,Tuesday,313.61,117.09,196.52,62.66
TXN_4464,2024-04-02 23:30:00,CUST_232,Electronics,1,560.5,36.4,2024,4,April,Tuesday,560.5,36.4,524.1,93.51
TXN_4465,2024-04-03 00:00:00,CUST_231,Apparel,1,236.28,22.7,2024,4,April,Wednesday,236.28,22.7,213.58,90.39
TXN_4466,2024-04-03 00:30:00,CUST_378,Apparel,4,39.54,69.2,2024,4,April,Wednesday,158.16,276.8,-118.64,-75.01
TXN_4467,2024-04-03 01:00:00,CUST_461,Electronics,1,461.21,95.56,2024,4,April,Wednesday,461.21,95.56,365.65,79.28
TXN_4468,2024-04-03 01:30:00,CUST_183,Electronics,5,350.3,312.76,2024,4,April,Wednesday,1751.5,1563.8,187.7,10.72
TXN_4469,2024-04-03 02:00:00,CUST_498,Electronics,2,491.7,217.82,2024,4,April,Wednesday,983.4,435.64,547.76,55.7
TXN_4470,2024-04-03 02:30:00,CUST_341,Electronics,2,59.2,335.82,2024,4,April,Wednesday,118.4,671.64,-553.24,-467.26
TXN_4472,2024-04-03 03:30:00,CUST_208,Electronics,2,159.91,146.59,2024,4,April,Wednesday,319.82,293.18,26.64,8.33
TXN_4473,2024-04-03 04:00:00,CUST_320,Apparel,1,543.41,254.72,2024,4,April,Wednesday,543.41,254.72,288.69,53.13
TXN_4474,2024-04-03 04:30:00,CUST_491,Apparel,2,79.3,206.49,2024,4,April,Wednesday,158.6,412.98,-254.38,-160.39
TXN_4476,2024-04-03 05:30:00,CUST_467,Electronics,1,66.8,205.69,2024,4,April,Wednesday,66.8,205.69,-138.89,-207.92
TXN_4478,2024-04-03 06:30:00,CUST_211,Home Goods,5,152.51,270.35,2024,4,April,Wednesday,762.55,1351.75,-589.2,-77.27
TXN_4480,2024-04-03 07:30:00,CUST_145,Apparel,5,381.52,335.49,2024,4,April,Wednesday,1907.6,1677.45,230.15,12.06
TXN_4481,2024-04-03 08:00:00,CUST_423,Electronics,4,92.06,332.31,2024,4,April,Wednesday,368.24,1329.24,-961.0,-260.97
TXN_4482,2024-04-03 08:30:00,CUST_477,Electronics,4,270.84,153.45,2024,4,April,Wednesday,1083.36,613.8,469.56,43.34
TXN_4485,2024-04-03 10:00:00,CUST_294,Unknown,3,41.31,51.89,2024,4,April,Wednesday,123.93,155.67,-31.74,-25.61
TXN_4486,2024-04-03 10:30:00,CUST_466,Apparel,5,223.22,35.47,2024,4,April,Wednesday,1116.1,177.35,938.75,84.11
TXN_4487,2024-04-03 11:00:00,CUST_379,Apparel,1,384.35,136.94,2024,4,April,Wednesday,384.35,136.94,247.41,64.37
TXN_4488,2024-04-03 11:30:00,CUST_382,Electronics,3,549.16,27.98,2024,4,April,Wednesday,1647.48,83.94,1563.54,94.9
TXN_4489,2024-04-03 12:00:00,CUST_139,Apparel,5,522.78,222.47,2024,4,April,Wednesday,2613.9,1112.35,1501.55,57.44
TXN_4490,2024-04-03 12:30:00,CUST_288,Apparel,1,538.69,74.66,2024,4,April,Wednesday,538.69,74.66,464.03,86.14
TXN_4491,2024-04-03 13:00:00,CUST_263,Electronics,5,51.77,184.75,2024,4,April,Wednesday,258.85,923.75,-664.9,-256.87
TXN_4492,2024-04-03 13:30:00,CUST_123,Electronics,5,506.94,45.05,2024,4,April,Wednesday,2534.7,225.25,2309.45,91.11
TXN_4493,2024-04-03 14:00:00,CUST_123,Home Goods,1,471.25,291.43,2024,4,April,Wednesday,471.25,291.43,179.82,38.16
TXN_4494,2024-04-03 14:30:00,CUST_103,Apparel,5,542.92,275.19,2024,4,April,Wednesday,2714.6,1375.95,1338.65,49.31
TXN_4495,2024-04-03 15:00:00,CUST_422,Apparel,5,197.27,141.41,2024,4,April,Wednesday,986.35,707.05,279.3,28.32
TXN_4496,2024-04-03 15:30:00,CUST_389,Electronics,5,548.38,319.6,2024,4,April,Wednesday,2741.9,1598.0,1143.9,41.72
TXN_4498,2024-04-03 16:30:00,CUST_347,Apparel,4,385.95,286.74,2024,4,April,Wednesday,1543.8,1146.96,396.84,25.71
TXN_4499,2024-04-03 17:00:00,CUST_215,Apparel,2,263.14,195.59,2024,4,April,Wednesday,526.28,391.18,135.1,25.67
TXN_4500,2024-04-03 17:30:00,CUST_378,Apparel,5,265.17,122.06,2024,4,April,Wednesday,1325.85,610.3,715.55,53.97
TXN_4502,2024-04-03 18:30:00,CUST_168,Apparel,1,223.22,68.25,2024,4,April,Wednesday,223.22,68.25,154.97,69.42
TXN_4504,2024-04-03 19:30:00,CUST_353,Home Goods,5,385.68,216.34,2024,4,April,Wednesday,1928.4,1081.7,846.7,43.91
TXN_4506,2024-04-03 20:30:00,CUST_417,Electronics,4,150.16,178.59,2024,4,April,Wednesday,600.64,714.36,-113.72,-18.93
TXN_4508,2024-04-03 21:30:00,CUST_412,Home Goods,4,401.2,43.61,2024,4,April,Wednesday,1604.8,174.44,1430.36,89.13
TXN_4510,2024-04-03 22:30:00,CUST_287,Electronics,5,454.04,165.67,2024,4,April,Wednesday,2270.2,828.35,1441.85,63.51
TXN_4511,2024-04-03 23:00:00,CUST_153,Apparel,3,116.62,132.93,2024,4,April,Wednesday,349.86,398.79,-48.93,-13.99
TXN_4513,2024-04-04 00:00:00,CUST_456,Home Goods,2,323.62,145.66,2024,4,April,Thursday,647.24,291.32,355.92,54.99
TXN_4514,2024-04-04 00:30:00,CUST_412,Electronics,1,338.81,124.32,2024,4,April,Thursday,338.81,124.32,214.49,63.31
TXN_4516,2024-04-04 01:30:00,CUST_267,Electronics,1,218.8,202.12,2024,4,April,Thursday,218.8,202.12,16.68,7.62
TXN_4517,2024-04-04 02:00:00,CUST_490,Electronics,1,568.28,199.86,2024,4,April,Thursday,568.28,199.86,368.42,64.83
TXN_4518,2024-04-04 02:30:00,CUST_202,Home Goods,1,181.73,15.51,2024,4,April,Thursday,181.73,15.51,166.22,91.47
TXN_4519,2024-04-04 03:00:00,CUST_184,Apparel,4,106.01,232.38,2024,4,April,Thursday,424.04,929.52,-505.48,-119.21
TXN_4521,2024-04-04 04:00:00,CUST_311,Electronics,2,191.85,219.43,2024,4,April,Thursday,383.7,438.86,-55.16,-14.38
TXN_4522,2024-04-04 04:30:00,CUST_102,Apparel,5,412.95,305.76,2024,4,April,Thursday,2064.75,1528.8,535.95,25.96
TXN_4523,2024-04-04 05:00:00,CUST_483,Apparel,5,150.46,103.98,2024,4,April,Thursday,752.3,519.9,232.4,30.89
TXN_4524,2024-04-04 05:30:00,CUST_278,Unknown,3,336.82,75.27,2024,4,April,Thursday,1010.46,225.81,784.65,77.65
TXN_4525,2024-04-04 06:00:00,CUST_441,Unknown,5,240.97,247.07,2024,4,April,Thursday,1204.85,1235.35,-30.5,-2.53
TXN_4526,2024-04-04 06:30:00,CUST_402,Apparel,2,577.52,74.11,2024,4,April,Thursday,1155.04,148.22,1006.82,87.17
TXN_4527,2024-04-04 07:00:00,CUST_431,Apparel,5,268.19,40.98,2024,4,April,Thursday,1340.95,204.9,1136.05,84.72
TXN_4528,2024-04-04 07:30:00,CUST_137,Apparel,4,356.74,42.85,2024,4,April,Thursday,1426.96,171.4,1255.56,87.99
TXN_4530,2024-04-04 08:30:00,CUST_268,Electronics,5,593.7,19.77,2024,4,April,Thursday,2968.5,98.85,2869.65,96.67
TXN_4531,2024-04-04 09:00:00,CUST_496,Electronics,1,74.47,108.42,2024,4,April,Thursday,74.47,108.42,-33.95,-45.59
TXN_4532,2024-04-04 09:30:00,CUST_442,Electronics,1,503.08,53.92,2024,4,April,Thursday,503.08,53.92,449.16,89.28
TXN_4534,2024-04-04 10:30:00,CUST_405,Electronics,1,362.97,181.19,2024,4,April,Thursday,362.97,181.19,181.78,50.08
TXN_4535,2024-04-04 11:00:00,CUST_129,Apparel,1,234.4,79.87,2024,4,April,Thursday,234.4,79.87,154.53,65.93
TXN_4536,2024-04-04 11:30:00,CUST_289,Home Goods,4,249.65,265.14,2024,4,April,Thursday,998.6,1060.56,-61.96,-6.2
TXN_4537,2024-04-04 12:00:00,CUST_456,Apparel,4,107.93,265.12,2024,4,April,Thursday,431.72,1060.48,-628.76,-145.64
TXN_4538,2024-04-04 12:30:00,CUST_124,Electronics,4,350.07,187.83,2024,4,April,Thursday,1400.28,751.32,648.96,46.35
TXN_4539,2024-04-04 13:00:00,CUST_211,Electronics,5,334.83,103.79,2024,4,April,Thursday,1674.15,518.95,1155.2,69.0
TXN_4541,2024-04-04 14:00:00,CUST_284,Electronics,1,331.91,327.4,2024,4,April,Thursday,331.91,327.4,4.51,1.36
TXN_4542,2024-04-04 14:30:00,CUST_481,Apparel,3,584.26,27.56,2024,4,April,Thursday,1752.78,82.68,1670.1,95.28
TXN_4544,2024-04-04 15:30:00,CUST_146,Electronics,3,296.37,106.89,2024,4,April,Thursday,889.11,320.67,568.44,63.93
TXN_4545,2024-04-04 16:00:00,CUST_473,Electronics,1,550.91,224.82,2024,4,April,Thursday,550.91,224.82,326.09,59.19
TXN_4546,2024-04-04 16:30:00,CUST_327,Apparel,2,351.56,231.4,2024,4,April,Thursday,703.12,462.8,240.32,34.18
TXN_4548,2024-04-04 17:30:00,CUST_115,Home Goods,5,335.29,83.47,2024,4,April,Thursday,1676.45,417.35,1259.1,75.11
TXN_4549,2024-04-04 18:00:00,CUST_121,Home Goods,3,120.87,325.59,2024,4,April,Thursday,362.61,976.77,-614.16,-169.37
TXN_4552,2024-04-04 19:30:00,CUST_248,Electronics,4,226.08,292.09,2024,4,April,Thursday,904.32,1168.36,-264.04,-29.2
TXN_4553,2024-04-04 20:00:00,CUST_340,Electronics,2,269.43,146.72,2024,4,April,Thursday,538.86,293.44,245.42,45.54
TXN_4554,2024-04-04 20:30:00,CUST_371,Home Goods,4,261.58,51.45,2024,4,April,Thursday,1046.32,205.8,840.52,80.33
TXN_4555,2024-04-04 21:00:00,CUST_158,Home Goods,2,181.9,224.05,2024,4,April,Thursday,363.8,448.1,-84.3,-23.17
TXN_4556,2024-04-04 21:30:00,CUST_386,Electronics,2,479.6,129.68,2024,4,April,Thursday,959.2,259.36,699.84,72.96
TXN_4557,2024-04-04 22:00:00,CUST_301,Electronics,5,376.37,154.64,2024,4,April,Thursday,1881.85,773.2,1108.65,58.91
TXN_4559,2024-04-04 23:00:00,CUST_261,Electronics,4,505.7,328.42,2024,4,April,Thursday,2022.8,1313.68,709.12,35.06
TXN_4560,2024-04-04 23:30:00,CUST_354,Electronics,4,124.45,33.41,2024,4,April,Thursday,497.8,133.64,364.16,73.15
TXN_4561,2024-04-05 00:00:00,CUST_353,Unknown,3,587.8,75.66,2024,4,April,Friday,1763.4,226.98,1536.42,87.13
TXN_4563,2024-04-05 01:00:00,CUST_238,Home Goods,1,375.62,310.48,2024,4,April,Friday,375.62,310.48,65.14,17.34
TXN_4564,2024-04-05 01:30:00,CUST_109,Home Goods,1,60.53,322.1,2024,4,April,Friday,60.53,322.1,-261.57,-432.13
TXN_4565,2024-04-05 02:00:00,CUST_313,Apparel,3,216.63,199.96,2024,4,April,Friday,649.89,599.88,50.01,7.7
TXN_4566,2024-04-05 02:30:00,CUST_372,Home Goods,2,484.38,21.75,2024,4,April,Friday,968.76,43.5,925.26,95.51
TXN_4567,2024-04-05 03:00:00,CUST_423,Apparel,3,294.17,133.38,2024,4,April,Friday,882.51,400.14,482.37,54.66
TXN_4568,2024-04-05 03:30:00,CUST_147,Electronics,3,544.19,322.4,2024,4,April,Friday,1632.57,967.2,665.37,40.76
TXN_4569,2024-04-05 04:00:00,CUST_210,Apparel,4,351.46,179.98,2024,4,April,Friday,1405.84,719.92,685.92,48.79
TXN_4570,2024-04-05 04:30:00,CUST_252,Apparel,3,558.21,257.05,2024,4,April,Friday,1674.63,771.15,903.48,53.95
TXN_4572,2024-04-05 05:30:00,CUST_456,Unknown,2,280.53,18.5,2024,4,April,Friday,561.06,37.0,524.06,93.41
TXN_4573,2024-04-05 06:00:00,CUST_201,Apparel,1,345.62,206.64,2024,4,April,Friday,345.62,206.64,138.98,40.21
TXN_4574,2024-04-05 06:30:00,CUST_340,Home Goods,5,503.43,293.89,2024,4,April,Friday,2517.15,1469.45,1047.7,41.62
TXN_4576,2024-04-05 07:30:00,CUST_290,Home Goods,3,519.05,297.85,2024,4,April,Friday,1557.15,893.55,663.6,42.62
TXN_4578,2024-04-05 08:30:00,CUST_150,Electronics,3,439.42,216.97,2024,4,April,Friday,1318.26,650.91,667.35,50.62
TXN_4581,2024-04-05 10:00:00,CUST_482,Electronics,4,196.81,333.56,2024,4,April,Friday,787.24,1334.24,-547.0,-69.48
TXN_4582,2024-04-05 10:30:00,CUST_187,Home Goods,4,486.06,190.62,2024,4,April,Friday,1944.24,762.48,1181.76,60.78
TXN_4584,2024-04-05 11:30:00,CUST_203,Home Goods,3,175.65,269.94,2024,4,April,Friday,526.95,809.82,-282.87,-53.68
TXN_4587,2024-04-05 13:00:00,CUST_478,Electronics,3,591.63,130.24,2024,4,April,Friday,1774.89,390.72,1384.17,77.99
TXN_4588,2024-04-05 13:30:00,CUST_297,Apparel,2,228.21,99.76,2024,4,April,Friday,456.42,199.52,256.9,56.29
TXN_4589,2024-04-05 14:00:00,CUST_100,Apparel,1,394.79,159.36,2024,4,April,Friday,394.79,159.36,235.43,59.63
TXN_4590,2024-04-05 14:30:00,CUST_477,Apparel,1,372.78,215.33,2024,4,April,Friday,372.78,215.33,157.45,42.24
TXN_4592,2024-04-05 15:30:00,CUST_225,Apparel,5,37.42,29.18,2024,4,April,Friday,187.1,145.9,41.2,22.02
TXN_4593,2024-04-05 16:00:00,CUST_412,Unknown,1,185.66,341.71,2024,4,April,Friday,185.66,341.71,-156.05,-84.05
TXN_4594,2024-04-05 16:30:00,CUST_180,Electronics,5,546.96,154.54,2024,4,April,Friday,2734.8,772.7,1962.1,71.75
TXN_4595,2024-04-05 17:00:00,CUST_350,Apparel,4,262.93,299.37,2024,4,April,Friday,1051.72,1197.48,-145.76,-13.86
TXN_4596,2024-04-05 17:30:00,CUST_268,Electronics,5,576.98,35.14,2024,4,April,Friday,2884.9,175.7,2709.2,93.91
TXN_4597,2024-04-05 18:00:00,CUST_172,Home Goods,5,139.9,285.42,2024,4,April,Friday,699.5,1427.1,-727.6,-104.02
TXN_4598,2024-04-05 18:30:00,CUST_240,Home Goods,1,598.49,68.96,2024,4,April,Friday,598.49,68.96,529.53,88.48
TXN_4600,2024-04-05 19:30:00,CUST_361,Electronics,3,469.19,235.01,2024,4,April,Friday,1407.57,705.03,702.54,49.91
TXN_4602,2024-04-05 20:30:00,CUST_407,Apparel,4,545.6,119.03,2024,4,April,Friday,2182.4,476.12,1706.28,78.18
TXN_4603,2024-04-05 21:00:00,CUST_344,Apparel,2,334.1,47.05,2024,4,April,Friday,668.2,94.1,574.1,85.92
TXN_4604,2024-04-05 21:30:00,CUST_102,Unknown,5,413.35,303.95,2024,4,April,Friday,2066.75,1519.75,547.0,26.47
TXN_4605,2024-04-05 22:00:00,CUST_436,Apparel,5,70.46,122.74,2024,4,April,Friday,352.3,613.7,-261.4,-74.2
TXN_4607,2024-04-05 23:00:00,CUST_148,Home Goods,5,529.26,175.31,2024,4,April,Friday,2646.3,876.55,1769.75,66.88
TXN_4609,2024-04-06 00:00:00,CUST_467,Apparel,3,446.57,110.97,2024,4,April,Saturday,1339.71,332.91,1006.8,75.15
TXN_4610,2024-04-06 00:30:00,CUST_274,Electronics,2,29.86,141.0,2024,4,April,Saturday,59.72,282.0,-222.28,-372.2
TXN_4614,2024-04-06 02:30:00,CUST_164,Electronics,1,77.64,273.36,2024,4,April,Saturday,77.64,273.36,-195.72,-252.09
TXN_4615,2024-04-06 03:00:00,CUST_436,Apparel,4,400.27,322.26,2024,4,April,Saturday,1601.08,1289.04,312.04,19.49
TXN_4616,2024-04-06 03:30:00,CUST_370,Home Goods,3,32.45,44.31,2024,4,April,Saturday,97.35,132.93,-35.58,-36.55
TXN_4617,2024-04-06 04:00:00,CUST_199,Electronics,2,297.25,289.92,2024,4,April,Saturday,594.5,579.84,14.66,2.47
TXN_4618,2024-04-06 04:30:00,CUST_131,Apparel,4,173.99,326.8,2024,4,April,Saturday,695.96,1307.2,-611.24,-87.83
TXN_4619,2024-04-06 05:00:00,CUST_451,Unknown,1,291.9,243.45,2024,4,April,Saturday,291.9,243.45,48.45,16.6
TXN_4620,2024-04-06 05:30:00,CUST_227,Electronics,4,25.69,348.78,2024,4,April,Saturday,102.76,1395.12,-1292.36,-1257.65
TXN_4622,2024-04-06 06:30:00,CUST_438,Apparel,5,24.35,292.31,2024,4,April,Saturday,121.75,1461.55,-1339.8,-1100.45
TXN_4623,2024-04-06 07:00:00,CUST_142,Apparel,5,377.19,239.06,2024,4,April,Saturday,1885.95,1195.3,690.65,36.62
TXN_4624,2024-04-06 07:30:00,CUST_471,Electronics,3,342.65,119.97,2024,4,April,Saturday,1027.95,359.91,668.04,64.99
TXN_4625,2024-04-06 08:00:00,CUST_177,Electronics,4,151.4,249.59,2024,4,April,Saturday,605.6,998.36,-392.76,-64.85
TXN_4627,2024-04-06 09:00:00,CUST_388,Electronics,5,532.26,74.25,2024,4,April,Saturday,2661.3,371.25,2290.05,86.05
TXN_4628,2024-04-06 09:30:00,CUST_369,Apparel,3,177.23,69.12,2024,4,April,Saturday,531.69,207.36,324.33,61.0
TXN_4629,2024-04-06 10:00:00,CUST_261,Electronics,3,501.72,252.56,2024,4,April,Saturday,1505.16,757.68,747.48,49.66
TXN_4631,2024-04-06 11:00:00,CUST_346,Unknown,3,34.78,190.46,2024,4,April,Saturday,104.34,571.38,-467.04,-447.61
TXN_4632,2024-04-06 11:30:00,CUST_487,Apparel,1,234.46,180.48,2024,4,April,Saturday,234.46,180.48,53.98,23.02
TXN_4634,2024-04-06 12:30:00,CUST_414,Electronics,5,443.04,155.96,2024,4,April,Saturday,2215.2,779.8,1435.4,64.8
TXN_4635,2024-04-06 13:00:00,CUST_438,Apparel,5,182.97,306.28,2024,4,April,Saturday,914.85,1531.4,-616.55,-67.39
TXN_4636,2024-04-06 13:30:00,CUST_489,Electronics,2,589.9,300.61,2024,4,April,Saturday,1179.8,601.22,578.58,49.04
TXN_4637,2024-04-06 14:00:00,CUST_476,Home Goods,1,415.46,234.71,2024,4,April,Saturday,415.46,234.71,180.75,43.51
TXN_4638,2024-04-06 14:30:00,CUST_267,Home Goods,5,233.1,349.1,2024,4,April,Saturday,1165.5,1745.5,-580.0,-49.76
TXN_4640,2024-04-06 15:30:00,CUST_292,Home Goods,5,121.1,59.38,2024,4,April,Saturday,605.5,296.9,308.6,50.97
TXN_4641,2024-04-06 16:00:00,CUST_382,Electronics,2,300.25,145.71,2024,4,April,Saturday,600.5,291.42,309.08,51.47
TXN_4642,2024-04-06 16:30:00,CUST_435,Apparel,4,304.4,54.86,2024,4,April,Saturday,1217.6,219.44,998.16,81.98
TXN_4643,2024-04-06 17:00:00,CUST_489,Unknown,4,464.12,168.47,2024,4,April,Saturday,1856.48,673.88,1182.6,63.7
TXN_4644,2024-04-06 17:30:00,CUST_112,Home Goods,1,439.81,273.97,2024,4,April,Saturday,439.81,273.97,165.84,37.71
TXN_4645,2024-04-06 18:00:00,CUST_339,Unknown,3,132.74,62.97,2024,4,April,Saturday,398.22,188.91,209.31,52.56
TXN_4646,2024-04-06 18:30:00,CUST_419,Electronics,2,363.05,309.34,2024,4,April,Saturday,726.1,618.68,107.42,14.79
TXN_4647,2024-04-06 19:00:00,CUST_246,Electronics,2,27.06,203.48,2024,4,April,Saturday,54.12,406.96,-352.84,-651.96
TXN_4648,2024-04-06 19:30:00,CUST_303,Electronics,5,248.15,264.64,2024,4,April,Saturday,1240.75,1323.2,-82.45,-6.65
TXN_4650,2024-04-06 20:30:00,CUST_478,Home Goods,5,248.71,41.9,2024,4,April,Saturday,1243.55,209.5,1034.05,83.15
TXN_4652,2024-04-06 21:30:00,CUST_188,Apparel,2,586.05,294.99,2024,4,April,Saturday,1172.1,589.98,582.12,49.66
TXN_4653,2024-04-06 22:00:00,CUST_247,Electronics,3,370.22,307.11,2024,4,April,Saturday,1110.66,921.33,189.33,17.05
TXN_4654,2024-04-06 22:30:00,CUST_194,Electronics,4,99.83,244.05,2024,4,April,Saturday,399.32,976.2,-576.88,-144.47
TXN_4655,2024-04-06 23:00:00,CUST_250,Apparel,1,237.11,78.32,2024,4,April,Saturday,237.11,78.32,158.79,66.97
TXN_4658,2024-04-07 00:30:00,CUST_121,Electronics,4,495.62,48.5,2024,4,April,Sunday,1982.48,194.0,1788.48,90.21
TXN_4659,2024-04-07 01:00:00,CUST_470,Home Goods,1,383.51,243.26,2024,4,April,Sunday,383.51,243.26,140.25,36.57
TXN_4660,2024-04-07 01:30:00,CUST_412,Electronics,3,474.86,191.39,2024,4,April,Sunday,1424.58,574.17,850.41,59.7
TXN_4661,2024-04-07 02:00:00,CUST_427,Electronics,2,482.94,153.28,2024,4,April,Sunday,965.88,306.56,659.32,68.26
TXN_4662,2024-04-07 02:30:00,CUST_106,Apparel,3,512.84,159.71,2024,4,April,Sunday,1538.52,479.13,1059.39,68.86
TXN_4664,2024-04-07 03:30:00,CUST_474,Electronics,2,524.69,302.89,2024,4,April,Sunday,1049.38,605.78,443.6,42.27
TXN_4665,2024-04-07 04:00:00,CUST_213,Electronics,5,397.64,304.09,2024,4,April,Sunday,1988.2,1520.45,467.75,23.53
TXN_4666,2024-04-07 04:30:00,CUST_371,Apparel,1,184.49,148.25,2024,4,April,Sunday,184.49,148.25,36.24,19.64
TXN_4667,2024-04-07 05:00:00,CUST_182,Electronics,5,592.57,46.37,2024,4,April,Sunday,2962.85,231.85,2731.0,92.17
TXN_4668,2024-04-07 05:30:00,CUST_278,Home Goods,2,570.86,349.27,2024,4,April,Sunday,1141.72,698.54,443.18,38.82
TXN_4670,2024-04-07 06:30:00,CUST_427,Electronics,1,508.28,185.3,2024,4,April,Sunday,508.28,185.3,322.98,63.54
TXN_4671,2024-04-07 07:00:00,CUST_223,Apparel,1,167.97,99.97,2024,4,April,Sunday,167.97,99.97,68.0,40.48
TXN_4672,2024-04-07 07:30:00,CUST_212,Home Goods,5,258.38,183.65,2024,4,April,Sunday,1291.9,918.25,373.65,28.92
TXN_4673,2024-04-07 08:00:00,CUST_111,Electronics,1,122.62,113.68,2024,4,April,Sunday,122.62,113.68,8.94,7.29
TXN_4674,2024-04-07 08:30:00,CUST_225,Apparel,2,319.26,314.94,2024,4,April,Sunday,638.52,629.88,8.64,1.35
TXN_4678,2024-04-07 10:30:00,CUST_382,Home Goods,2,83.91,235.53,2024,4,April,Sunday,167.82,471.06,-303.24,-180.69
TXN_4679,2024-04-07 11:00:00,CUST_239,Electronics,5,51.09,138.05,2024,4,April,Sunday,255.45,690.25,-434.8,-170.21
TXN_4680,2024-04-07 11:30:00,CUST_489,Electronics,3,240.17,345.23,2024,4,April,Sunday,720.51,1035.69,-315.18,-43.74
TXN_4681,2024-04-07 12:00:00,CUST_196,Home Goods,2,254.75,40.39,2024,4,April,Sunday,509.5,80.78,428.72,84.15
TXN_4683,2024-04-07 13:00:00,CUST_156,Electronics,2,165.9,247.8,2024,4,April,Sunday,331.8,495.6,-163.8,-49.37
TXN_4684,2024-04-07 13:30:00,CUST_433,Electronics,1,213.18,267.94,2024,4,April,Sunday,213.18,267.94,-54.76,-25.69
TXN_4685,2024-04-07 14:00:00,CUST_168,Electronics,1,110.57,170.17,2024,4,April,Sunday,110.57,170.17,-59.6,-53.9
TXN_4686,2024-04-07 14:30:00,CUST_217,Home Goods,2,251.02,104.27,2024,4,April,Sunday,502.04,208.54,293.5,58.46
TXN_4687,2024-04-07 15:00:00,CUST_475,Home Goods,5,544.19,115.34,2024,4,April,Sunday,2720.95,576.7,2144.25,78.81
TXN_4688,2024-04-07 15:30:00,CUST_158,Electronics,3,146.29,124.91,2024,4,April,Sunday,438.87,374.73,64.14,14.61
TXN_4689,2024-04-07 16:00:00,CUST_132,Apparel,1,415.4,86.6,2024,4,April,Sunday,415.4,86.6,328.8,79.15
TXN_4692,2024-04-07 17:30:00,CUST_467,Electronics,1,202.89,148.47,2024,4,April,Sunday,202.89,148.47,54.42,26.82
TXN_4695,2024-04-07 19:00:00,CUST_296,Apparel,3,418.92,308.53,2024,4,April,Sunday,1256.76,925.59,331.17,26.35
TXN_4697,2024-04-07 20:00:00,CUST_146,Electronics,1,97.5,34.95,2024,4,April,Sunday,97.5,34.95,62.55,64.15
TXN_4699,2024-04-07 21:00:00,CUST_388,Apparel,5,217.33,175.68,2024,4,April,Sunday,1086.65,878.4,208.25,19.16
TXN_4701,2024-04-07 22:00:00,CUST_183,Electronics,1,190.76,309.89,2024,4,April,Sunday,190.76,309.89,-119.13,-62.45
TXN_4702,2024-04-07 22:30:00,CUST_281,Apparel,1,211.35,309.6,2024,4,April,Sunday,211.35,309.6,-98.25,-46.49
TXN_4703,2024-04-07 23:00:00,CUST_490,Home Goods,2,69.26,148.97,2024,4,April,Sunday,138.52,297.94,-159.42,-115.09
TXN_4704,2024-04-07 23:30:00,CUST_178,Apparel,5,377.69,90.81,2024,4,April,Sunday,1888.45,454.05,1434.4,75.96
TXN_4705,2024-04-08 00:00:00,CUST_314,Home Goods,5,217.86,97.52,2024,4,April,Monday,1089.3,487.6,601.7,55.24
TXN_4706,2024-04-08 00:30:00,CUST_113,Home Goods,2,383.04,270.42,2024,4,April,Monday,766.08,540.84,225.24,29.4
TXN_4709,2024-04-08 02:00:00,CUST_409,Electronics,4,114.75,15.11,2024,4,April,Monday,459.0,60.44,398.56,86.83
TXN_4710,2024-04-08 02:30:00,CUST_347,Apparel,3,400.71,289.8,2024,4,April,Monday,1202.13,869.4,332.73,27.68
TXN_4711,2024-04-08 03:00:00,CUST_128,Electronics,5,433.73,141.44,2024,4,April,Monday,2168.65,707.2,1461.45,67.39
TXN_4712,2024-04-08 03:30:00,CUST_379,Apparel,4,115.39,103.99,2024,4,April,Monday,461.56,415.96,45.6,9.88
TXN_4714,2024-04-08 04:30:00,CUST_418,Apparel,3,104.26,127.8,2024,4,April,Monday,312.78,383.4,-70.62,-22.58
TXN_4715,2024-04-08 05:00:00,CUST_301,Electronics,5,159.39,340.3,2024,4,April,Monday,796.95,1701.5,-904.55,-113.5
TXN_4716,2024-04-08 05:30:00,CUST_460,Unknown,1,113.42,342.21,2024,4,April,Monday,113.42,342.21,-228.79,-201.72
TXN_4717,2024-04-08 06:00:00,CUST_156,Electronics,5,409.29,122.71,2024,4,April,Monday,2046.45,613.55,1432.9,70.02
TXN_4718,2024-04-08 06:30:00,CUST_491,Electronics,3,261.19,337.65,2024,4,April,Monday,783.57,1012.95,-229.38,-29.27
TXN_4720,2024-04-08 07:30:00,CUST_161,Unknown,4,42.69,300.52,2024,4,April,Monday,170.76,1202.08,-1031.32,-603.96
TXN_4722,2024-04-08 08:30:00,CUST_301,Apparel,1,114.78,291.01,2024,4,April,Monday,114.78,291.01,-176.23,-153.54
TXN_4723,2024-04-08 09:00:00,CUST_116,Home Goods,3,225.69,130.27,2024,4,April,Monday,677.07,390.81,286.26,42.28
TXN_4726,2024-04-08 10:30:00,CUST_157,Electronics,3,404.49,82.82,2024,4,April,Monday,1213.47,248.46,965.01,79.52
TXN_4727,2024-04-08 11:00:00,CUST_424,Electronics,5,420.16,347.22,2024,4,April,Monday,2100.8,1736.1,364.7,17.36
TXN_4729,2024-04-08 12:00:00,CUST_268,Apparel,2,338.0,13.41,2024,4,April,Monday,676.0,26.82,649.18,96.03
TXN_4730,2024-04-08 12:30:00,CUST_181,Home Goods,2,572.23,306.07,2024,4,April,Monday,1144.46,612.14,532.32,46.51
TXN_4732,2024-04-08 13:30:00,CUST_276,Unknown,1,277.91,153.35,2024,4,April,Monday,277.91,153.35,124.56,44.82
TXN_4733,2024-04-08 14:00:00,CUST_303,Apparel,3,159.81,37.87,2024,4,April,Monday,479.43,113.61,365.82,76.3
TXN_4734,2024-04-08 14:30:00,CUST_170,Electronics,4,72.83,205.46,2024,4,April,Monday,291.32,821.84,-530.52,-182.11
TXN_4735,2024-04-08 15:00:00,CUST_486,Apparel,1,335.67,143.87,2024,4,April,Monday,335.67,143.87,191.8,57.14
TXN_4738,2024-04-08 16:30:00,CUST_444,Apparel,1,135.58,227.58,2024,4,April,Monday,135.58,227.58,-92.0,-67.86
TXN_4740,2024-04-08 17:30:00,CUST_307,Electronics,5,599.82,232.72,2024,4,April,Monday,2999.1,1163.6,1835.5,61.2
TXN_4742,2024-04-08 18:30:00,CUST_223,Unknown,4,507.76,122.08,2024,4,April,Monday,2031.04,488.32,1542.72,75.96
TXN_4743,2024-04-08 19:00:00,CUST_379,Electronics,3,525.7,172.23,2024,4,April,Monday,1577.1,516.69,1060.41,67.24
TXN_4745,2024-04-08 20:00:00,CUST_265,Apparel,3,215.49,137.99,2024,4,April,Monday,646.47,413.97,232.5,35.96
TXN_4746,2024-04-08 20:30:00,CUST_121,Electronics,3,457.28,296.32,2024,4,April,Monday,1371.84,888.96,482.88,35.2
TXN_4747,2024-04-08 21:00:00,CUST_253,Unknown,1,148.85,302.32,2024,4,April,Monday,148.85,302.32,-153.47,-103.1
TXN_4748,2024-04-08 21:30:00,CUST_394,Apparel,5,380.51,223.45,2024,4,April,Monday,1902.55,1117.25,785.3,41.28
TXN_4749,2024-04-08 22:00:00,CUST_318,Electronics,1,427.33,208.17,2024,4,April,Monday,427.33,208.17,219.16,51.29
TXN_4750,2024-04-08 22:30:00,CUST_256,Electronics,2,448.56,155.21,2024,4,April,Monday,897.12,310.42,586.7,65.4
TXN_4751,2024-04-08 23:00:00,CUST_329,Electronics,2,136.2,226.21,2024,4,April,Monday,272.4,452.42,-180.02,-66.09
TXN_4752,2024-04-08 23:30:00,CUST_119,Home Goods,3,511.5,284.06,2024,4,April,Monday,1534.5,852.18,682.32,44.47
TXN_4753,2024-04-09 00:00:00,CUST_140,Apparel,5,261.27,260.87,2024,4,April,Tuesday,1306.35,1304.35,2.0,0.15
TXN_4755,2024-04-09 01:00:00,CUST_207,Electronics,3,332.38,258.58,2024,4,April,Tuesday,997.14,775.74,221.4,22.2
TXN_4757,2024-04-09 02:00:00,CUST_466,Electronics,3,580.75,43.66,2024,4,April,Tuesday,1742.25,130.98,1611.27,92.48
TXN_4758,2024-04-09 02:30:00,CUST_421,Apparel,1,452.7,61.08,2024,4,April,Tuesday,452.7,61.08,391.62,86.51
TXN_4759,2024-04-09 03:00:00,CUST_408,Unknown,3,18.29,277.89,2024,4,April,Tuesday,54.87,833.67,-778.8,-1419.35
TXN_4760,2024-04-09 03:30:00,CUST_389,Apparel,3,93.8,200.06,2024,4,April,Tuesday,281.4,600.18,-318.78,-113.28
TXN_4761,2024-04-09 04:00:00,CUST_422,Electronics,5,59.62,289.35,2024,4,April,Tuesday,298.1,1446.75,-1148.65,-385.32
TXN_4762,2024-04-09 04:30:00,CUST_233,Home Goods,5,74.21,72.81,2024,4,April,Tuesday,371.05,364.05,7.0,1.89
TXN_4765,2024-04-09 06:00:00,CUST_365,Home Goods,5,81.51,163.87,2024,4,April,Tuesday,407.55,819.35,-411.8,-101.04
TXN_4766,2024-04-09 06:30:00,CUST_172,Electronics,3,531.11,187.92,2024,4,April,Tuesday,1593.33,563.76,1029.57,64.62
TXN_4767,2024-04-09 07:00:00,CUST_451,Electronics,5,375.03,301.62,2024,4,April,Tuesday,1875.15,1508.1,367.05,19.57
TXN_4768,2024-04-09 07:30:00,CUST_147,Electronics,5,480.93,253.51,2024,4,April,Tuesday,2404.65,1267.55,1137.1,47.29
TXN_4769,2024-04-09 08:00:00,CUST_425,Apparel,4,232.36,346.73,2024,4,April,Tuesday,929.44,1386.92,-457.48,-49.22
TXN_4770,2024-04-09 08:30:00,CUST_332,Apparel,4,254.99,36.76,2024,4,April,Tuesday,1019.96,147.04,872.92,85.58
TXN_4771,2024-04-09 09:00:00,CUST_199,Electronics,2,200.81,54.28,2024,4,April,Tuesday,401.62,108.56,293.06,72.97
TXN_4772,2024-04-09 09:30:00,CUST_158,Electronics,1,271.48,38.68,2024,4,April,Tuesday,271.48,38.68,232.8,85.75
TXN_4775,2024-04-09 11:00:00,CUST_182,Home Goods,1,505.18,242.44,2024,4,April,Tuesday,505.18,242.44,262.74,52.01
TXN_4776,2024-04-09 11:30:00,CUST_253,Electronics,5,541.58,55.11,2024,4,April,Tuesday,2707.9,275.55,2432.35,89.82
TXN_4777,2024-04-09 12:00:00,CUST_365,Electronics,2,289.77,45.09,2024,4,April,Tuesday,579.54,90.18,489.36,84.44
TXN_4778,2024-04-09 12:30:00,CUST_408,Electronics,2,155.25,166.46,2024,4,April,Tuesday,310.5,332.92,-22.42,-7.22
TXN_4781,2024-04-09 14:00:00,CUST_249,Apparel,4,389.47,294.77,2024,4,April,Tuesday,1557.88,1179.08,378.8,24.32
TXN_4782,2024-04-09 14:30:00,CUST_147,Apparel,2,451.07,49.93,2024,4,April,Tuesday,902.14,99.86,802.28,88.93
TXN_4783,2024-04-09 15:00:00,CUST_478,Apparel,3,59.45,286.19,2024,4,April,Tuesday,178.35,858.57,-680.22,-381.4
TXN_4786,2024-04-09 16:30:00,CUST_455,Apparel,5,101.26,42.22,2024,4,April,Tuesday,506.3,211.1,295.2,58.31
TXN_4787,2024-04-09 17:00:00,CUST_197,Electronics,3,261.09,261.47,2024,4,April,Tuesday,783.27,784.41,-1.14,-0.15
TXN_4788,2024-04-09 17:30:00,CUST_124,Electronics,1,107.08,30.28,2024,4,April,Tuesday,107.08,30.28,76.8,71.72
TXN_4790,2024-04-09 18:30:00,CUST_468,Electronics,4,353.19,42.45,2024,4,April,Tuesday,1412.76,169.8,1242.96,87.98
TXN_4791,2024-04-09 19:00:00,CUST_400,Electronics,3,230.43,190.46,2024,4,April,Tuesday,691.29,571.38,119.91,17.35
TXN_4792,2024-04-09 19:30:00,CUST_167,Home Goods,5,55.73,229.38,2024,4,April,Tuesday,278.65,1146.9,-868.25,-311.59
TXN_4793,2024-04-09 20:00:00,CUST_106,Home Goods,3,360.75,312.89,2024,4,April,Tuesday,1082.25,938.67,143.58,13.27
TXN_4794,2024-04-09 20:30:00,CUST_404,Electronics,3,83.17,259.52,2024,4,April,Tuesday,249.51,778.56,-529.05,-212.04
TXN_4795,2024-04-09 21:00:00,CUST_236,Electronics,2,449.78,336.78,2024,4,April,Tuesday,899.56,673.56,226.0,25.12
TXN_4796,2024-04-09 21:30:00,CUST_263,Apparel,4,484.61,268.72,2024,4,April,Tuesday,1938.44,1074.88,863.56,44.55
TXN_4797,2024-04-09 22:00:00,CUST_182,Electronics,1,333.23,111.34,2024,4,April,Tuesday,333.23,111.34,221.89,66.59
TXN_4798,2024-04-09 22:30:00,CUST_484,Electronics,5,102.52,196.18,2024,4,April,Tuesday,512.6,980.9,-468.3,-91.36
TXN_4801,2024-04-10 00:00:00,CUST_336,Home Goods,5,145.25,204.51,2024,4,April,Wednesday,726.25,1022.55,-296.3,-40.8
TXN_4802,2024-04-10 00:30:00,CUST_145,Home Goods,1,290.28,248.71,2024,4,April,Wednesday,290.28,248.71,41.57,14.32
TXN_4803,2024-04-10 01:00:00,CUST_205,Electronics,5,554.75,38.23,2024,4,April,Wednesday,2773.75,191.15,2582.6,93.11
TXN_4804,2024-04-10 01:30:00,CUST_387,Electronics,2,188.96,263.89,2024,4,April,Wednesday,377.92,527.78,-149.86,-39.65
TXN_4809,2024-04-10 04:00:00,CUST_429,Apparel,3,126.5,21.85,2024,4,April,Wednesday,379.5,65.55,313.95,82.73
TXN_4810,2024-04-10 04:30:00,CUST_469,Home Goods,2,200.22,185.23,2024,4,April,Wednesday,400.44,370.46,29.98,7.49
TXN_4812,2024-04-10 05:30:00,CUST_153,Home Goods,2,209.37,27.85,2024,4,April,Wednesday,418.74,55.7,363.04,86.7
TXN_4813,2024-04-10 06:00:00,CUST_277,Electronics,2,179.07,251.94,2024,4,April,Wednesday,358.14,503.88,-145.74,-40.69
TXN_4814,2024-04-10 06:30:00,CUST_343,Electronics,1,445.76,81.5,2024,4,April,Wednesday,445.76,81.5,364.26,81.72
TXN_4817,2024-04-10 08:00:00,CUST_466,Unknown,4,438.79,172.48,2024,4,April,Wednesday,1755.16,689.92,1065.24,60.69
TXN_4819,2024-04-10 09:00:00,CUST_231,Unknown,1,421.11,284.1,2024,4,April,Wednesday,421.11,284.1,137.01,32.54
TXN_4820,2024-04-10 09:30:00,CUST_192,Electronics,1,531.54,275.83,2024,4,April,Wednesday,531.54,275.83,255.71,48.11
TXN_4821,2024-04-10 10:00:00,CUST_478,Home Goods,2,188.3,64.55,2024,4,April,Wednesday,376.6,129.1,247.5,65.72
TXN_4822,2024-04-10 10:30:00,CUST_172,Electronics,4,190.55,26.37,2024,4,April,Wednesday,762.2,105.48,656.72,86.16
TXN_4823,2024-04-10 11:00:00,CUST_347,Unknown,1,448.61,215.96,2024,4,April,Wednesday,448.61,215.96,232.65,51.86
TXN_4824,2024-04-10 11:30:00,CUST_447,Electronics,4,148.79,149.64,2024,4,April,Wednesday,595.16,598.56,-3.4,-0.57
TXN_4826,2024-04-10 12:30:00,CUST_142,Home Goods,2,327.85,128.86,2024,4,April,Wednesday,655.7,257.72,397.98,60.7
TXN_4827,2024-04-10 13:00:00,CUST_476,Apparel,1,190.57,149.59,2024,4,April,Wednesday,190.57,149.59,40.98,21.5
TXN_4828,2024-04-10 13:30:00,CUST_140,Apparel,4,469.02,188.84,2024,4,April,Wednesday,1876.08,755.36,1120.72,59.74
TXN_4829,2024-04-10 14:00:00,CUST_269,Unknown,5,197.71,280.78,2024,4,April,Wednesday,988.55,1403.9,-415.35,-42.02
TXN_4831,2024-04-10 15:00:00,CUST_267,Apparel,1,590.05,330.22,2024,4,April,Wednesday,590.05,330.22,259.83,44.04
TXN_4832,2024-04-10 15:30:00,CUST_138,Electronics,1,405.08,193.57,2024,4,April,Wednesday,405.08,193.57,211.51,52.21
TXN_4833,2024-04-10 16:00:00,CUST_468,Home Goods,1,81.48,295.93,2024,4,April,Wednesday,81.48,295.93,-214.45,-263.19
TXN_4834,2024-04-10 16:30:00,CUST_344,Apparel,4,168.98,188.71,2024,4,April,Wednesday,675.92,754.84,-78.92,-11.68
TXN_4835,2024-04-10 17:00:00,CUST_250,Apparel,3,316.52,272.48,2024,4,April,Wednesday,949.56,817.44,132.12,13.91
TXN_4838,2024-04-10 18:30:00,CUST_162,Electronics,1,76.08,188.15,2024,4,April,Wednesday,76.08,188.15,-112.07,-147.31
TXN_4839,2024-04-10 19:00:00,CUST_324,Electronics,5,58.57,162.8,2024,4,April,Wednesday,292.85,814.0,-521.15,-177.96
TXN_4840,2024-04-10 19:30:00,CUST_465,Apparel,5,311.58,47.95,2024,4,April,Wednesday,1557.9,239.75,1318.15,84.61
TXN_4841,2024-04-10 20:00:00,CUST_168,Electronics,2,532.55,262.13,2024,4,April,Wednesday,1065.1,524.26,540.84,50.78
TXN_4842,2024-04-10 20:30:00,CUST_398,Electronics,3,39.78,54.6,2024,4,April,Wednesday,119.34,163.8,-44.46,-37.25
TXN_4843,2024-04-10 21:00:00,CUST_389,Apparel,3,139.21,75.39,2024,4,April,Wednesday,417.63,226.17,191.46,45.84
TXN_4844,2024-04-10 21:30:00,CUST_395,Electronics,4,420.56,52.98,2024,4,April,Wednesday,1682.24,211.92,1470.32,87.4
TXN_4845,2024-04-10 22:00:00,CUST_302,Electronics,2,498.13,12.24,2024,4,April,Wednesday,996.26,24.48,971.78,97.54
TXN_4847,2024-04-10 23:00:00,CUST_417,Apparel,4,474.26,102.09,2024,4,April,Wednesday,1897.04,408.36,1488.68,78.47
TXN_4848,2024-04-10 23:30:00,CUST_413,Apparel,2,90.93,60.82,2024,4,April,Wednesday,181.86,121.64,60.22,33.11
TXN_4850,2024-04-11 00:30:00,CUST_430,Electronics,3,591.08,179.69,2024,4,April,Thursday,1773.24,539.07,1234.17,69.6
TXN_4854,2024-04-11 02:30:00,CUST_403,Home Goods,4,571.5,155.3,2024,4,April,Thursday,2286.0,621.2,1664.8,72.83
TXN_4855,2024-04-11 03:00:00,CUST_237,Electronics,2,278.21,289.71,2024,4,April,Thursday,556.42,579.42,-23.0,-4.13
TXN_4856,2024-04-11 03:30:00,CUST_437,Electronics,3,95.07,20.07,2024,4,April,Thursday,285.21,60.21,225.0,78.89
TXN_4857,2024-04-11 04:00:00,CUST_137,Electronics,3,406.34,305.13,2024,4,April,Thursday,1219.02,915.39,303.63,24.91
TXN_4861,2024-04-11 06:00:00,CUST_418,Home Goods,1,262.31,110.07,2024,4,April,Thursday,262.31,110.07,152.24,58.04
TXN_4862,2024-04-11 06:30:00,CUST_176,Apparel,4,71.43,219.22,2024,4,April,Thursday,285.72,876.88,-591.16,-206.9
TXN_4863,2024-04-11 07:00:00,CUST_273,Electronics,1,113.8,271.42,2024,4,April,Thursday,113.8,271.42,-157.62,-138.51
TXN_4866,2024-04-11 08:30:00,CUST_420,Apparel,3,22.03,30.01,2024,4,April,Thursday,66.09,90.03,-23.94,-36.22
TXN_4867,2024-04-11 09:00:00,CUST_475,Apparel,4,573.89,324.16,2024,4,April,Thursday,2295.56,1296.64,998.92,43.52
TXN_4868,2024-04-11 09:30:00,CUST_190,Apparel,4,306.2,297.94,2024,4,April,Thursday,1224.8,1191.76,33.04,2.7
TXN_4870,2024-04-11 10:30:00,CUST_363,Home Goods,5,335.85,270.08,2024,4,April,Thursday,1679.25,1350.4,328.85,19.58
TXN_4871,2024-04-11 11:00:00,CUST_278,Apparel,2,74.5,116.51,2024,4,April,Thursday,149.0,233.02,-84.02,-56.39
TXN_4872,2024-04-11 11:30:00,CUST_308,Home Goods,5,375.11,258.34,2024,4,April,Thursday,1875.55,1291.7,583.85,31.13
TXN_4873,2024-04-11 12:00:00,CUST_172,Electronics,5,598.48,185.68,2024,4,April,Thursday,2992.4,928.4,2064.0,68.97
TXN_4875,2024-04-11 13:00:00,CUST_206,Home Goods,3,507.45,29.22,2024,4,April,Thursday,1522.35,87.66,1434.69,94.24
TXN_4877,2024-04-11 14:00:00,CUST_394,Home Goods,2,245.41,294.72,2024,4,April,Thursday,490.82,589.44,-98.62,-20.09
TXN_4880,2024-04-11 15:30:00,CUST_452,Apparel,5,310.12,108.46,2024,4,April,Thursday,1550.6,542.3,1008.3,65.03
TXN_4881,2024-04-11 16:00:00,CUST_281,Electronics,5,276.6,204.89,2024,4,April,Thursday,1383.0,1024.45,358.55,25.93
TXN_4882,2024-04-11 16:30:00,CUST_136,Unknown,4,493.54,297.72,2024,4,April,Thursday,1974.16,1190.88,783.28,39.68
TXN_4883,2024-04-11 17:00:00,CUST_236,Home Goods,3,43.61,327.77,2024,4,April,Thursday,130.83,983.31,-852.48,-651.59
TXN_4884,2024-04-11 17:30:00,CUST_437,Electronics,5,65.58,101.44,2024,4,April,Thursday,327.9,507.2,-179.3,-54.68
TXN_4885,2024-04-11 18:00:00,CUST_155,Electronics,2,27.69,216.52,2024,4,April,Thursday,55.38,433.04,-377.66,-681.94
TXN_4886,2024-04-11 18:30:00,CUST_286,Apparel,1,417.47,256.13,2024,4,April,Thursday,417.47,256.13,161.34,38.65
TXN_4888,2024-04-11 19:30:00,CUST_357,Electronics,1,527.47,148.54,2024,4,April,Thursday,527.47,148.54,378.93,71.84
TXN_4889,2024-04-11 20:00:00,CUST_157,Apparel,3,306.64,73.74,2024,4,April,Thursday,919.92,221.22,698.7,75.95
TXN_4890,2024-04-11 20:30:00,CUST_462,Electronics,1,144.76,247.63,2024,4,April,Thursday,144.76,247.63,-102.87,-71.06
TXN_4891,2024-04-11 21:00:00,CUST_222,Electronics,4,486.01,303.69,2024,4,April,Thursday,1944.04,1214.76,729.28,37.51
TXN_4892,2024-04-11 21:30:00,CUST_287,Home Goods,4,187.18,308.36,2024,4,April,Thursday,748.72,1233.44,-484.72,-64.74
TXN_4893,2024-04-11 22:00:00,CUST_329,Home Goods,2,562.38,237.83,2024,4,April,Thursday,1124.76,475.66,649.1,57.71
TXN_4895,2024-04-11 23:00:00,CUST_213,Home Goods,3,113.12,234.75,2024,4,April,Thursday,339.36,704.25,-364.89,-107.52
TXN_4896,2024-04-11 23:30:00,CUST_351,Electronics,3,303.59,303.85,2024,4,April,Thursday,910.77,911.55,-0.78,-0.09
TXN_4898,2024-04-12 00:30:00,CUST_136,Electronics,1,36.3,150.38,2024,4,April,Friday,36.3,150.38,-114.08,-314.27
TXN_4899,2024-04-12 01:00:00,CUST_434,Home Goods,5,305.17,322.73,2024,4,April,Friday,1525.85,1613.65,-87.8,-5.75
TXN_4900,2024-04-12 01:30:00,CUST_191,Home Goods,5,140.84,293.97,2024,4,April,Friday,704.2,1469.85,-765.65,-108.73
TXN_4903,2024-04-12 03:00:00,CUST_162,Apparel,5,294.26,143.9,2024,4,April,Friday,1471.3,719.5,751.8,51.1
TXN_4906,2024-04-12 04:30:00,CUST_285,Electronics,2,354.11,22.97,2024,4,April,Friday,708.22,45.94,662.28,93.51
TXN_4907,2024-04-12 05:00:00,CUST_284,Electronics,3,430.54,226.18,2024,4,April,Friday,1291.62,678.54,613.08,47.47
TXN_4908,2024-04-12 05:30:00,CUST_304,Apparel,1,410.19,170.01,2024,4,April,Friday,410.19,170.01,240.18,58.55
TXN_4909,2024-04-12 06:00:00,CUST_359,Apparel,2,245.35,103.55,2024,4,April,Friday,490.7,207.1,283.6,57.79
TXN_4910,2024-04-12 06:30:00,CUST_313,Apparel,4,95.49,339.93,2024,4,April,Friday,381.96,1359.72,-977.76,-255.98
TXN_4911,2024-04-12 07:00:00,CUST_355,Apparel,4,307.2,28.72,2024,4,April,Friday,1228.8,114.88,1113.92,90.65
TXN_4912,2024-04-12 07:30:00,CUST_234,Electronics,4,535.9,331.6,2024,4,April,Friday,2143.6,1326.4,817.2,38.12
TXN_4916,2024-04-12 09:30:00,CUST_187,Home Goods,3,567.2,258.55,2024,4,April,Friday,1701.6,775.65,925.95,54.42
TXN_4917,2024-04-12 10:00:00,CUST_423,Apparel,4,449.66,83.31,2024,4,April,Friday,1798.64,333.24,1465.4,81.47
TXN_4921,2024-04-12 12:00:00,CUST_102,Home Goods,5,118.88,46.19,2024,4,April,Friday,594.4,230.95,363.45,61.15
TXN_4923,2024-04-12 13:00:00,CUST_220,Electronics,4,432.4,331.51,2024,4,April,Friday,1729.6,1326.04,403.56,23.33
TXN_4924,2024-04-12 13:30:00,CUST_484,Electronics,2,246.89,101.82,2024,4,April,Friday,493.78,203.64,290.14,58.76
TXN_4925,2024-04-12 14:00:00,CUST_201,Electronics,4,38.34,59.43,2024,4,April,Friday,153.36,237.72,-84.36,-55.01
TXN_4929,2024-04-12 16:00:00,CUST_301,Electronics,5,492.03,147.64,2024,4,April,Friday,2460.15,738.2,1721.95,69.99
TXN_4930,2024-04-12 16:30:00,CUST_447,Electronics,4,340.08,231.09,2024,4,April,Friday,1360.32,924.36,435.96,32.05
TXN_4931,2024-04-12 17:00:00,CUST_120,Apparel,1,567.01,328.54,2024,4,April,Friday,567.01,328.54,238.47,42.06
TXN_4932,2024-04-12 17:30:00,CUST_341,Apparel,5,546.84,26.68,2024,4,April,Friday,2734.2,133.4,2600.8,95.12
TXN_4933,2024-04-12 18:00:00,CUST_208,Home Goods,3,297.49,62.15,2024,4,April,Friday,892.47,186.45,706.02,79.11
TXN_4934,2024-04-12 18:30:00,CUST_402,Home Goods,4,201.19,55.14,2024,4,April,Friday,804.76,220.56,584.2,72.59
TXN_4936,2024-04-12 19:30:00,CUST_182,Electronics,2,409.81,112.72,2024,4,April,Friday,819.62,225.44,594.18,72.49
TXN_4937,2024-04-12 20:00:00,CUST_390,Electronics,4,306.54,87.97,2024,4,April,Friday,1226.16,351.88,874.28,71.3
TXN_4938,2024-04-12 20:30:00,CUST_168,Electronics,2,496.04,196.56,2024,4,April,Friday,992.08,393.12,598.96,60.37
TXN_4941,2024-04-12 22:00:00,CUST_239,Apparel,1,416.53,330.23,2024,4,April,Friday,416.53,330.23,86.3,20.72
TXN_4942,2024-04-12 22:30:00,CUST_382,Apparel,3,159.31,62.92,2024,4,April,Friday,477.93,188.76,289.17,60.5
TXN_4944,2024-04-12 23:30:00,CUST_333,Electronics,5,578.78,97.41,2024,4,April,Friday,2893.9,487.05,2406.85,83.17
TXN_4945,2024-04-13 00:00:00,CUST_122,Apparel,5,381.14,196.72,2024,4,April,Saturday,1905.7,983.6,922.1,48.39
TXN_4946,2024-04-13 00:30:00,CUST_252,Apparel,3,570.2,260.35,2024,4,April,Saturday,1710.6,781.05,929.55,54.34
TXN_4947,2024-04-13 01:00:00,CUST_376,Electronics,1,437.63,287.78,2024,4,April,Saturday,437.63,287.78,149.85,34.24
TXN_4948,2024-04-13 01:30:00,CUST_160,Apparel,1,438.93,185.2,2024,4,April,Saturday,438.93,185.2,253.73,57.81
TXN_4950,2024-04-13 02:30:00,CUST_477,Apparel,4,98.19,276.93,2024,4,April,Saturday,392.76,1107.72,-714.96,-182.03
TXN_4951,2024-04-13 03:00:00,CUST_151,Apparel,1,319.03,63.38,2024,4,April,Saturday,319.03,63.38,255.65,80.13
TXN_4952,2024-04-13 03:30:00,CUST_443,Apparel,4,162.81,93.45,2024,4,April,Saturday,651.24,373.8,277.44,42.6
TXN_4953,2024-04-13 04:00:00,CUST_252,Apparel,2,599.22,238.38,2024,4,April,Saturday,1198.44,476.76,721.68,60.22
TXN_4954,2024-04-13 04:30:00,CUST_336,Home Goods,3,171.17,341.43,2024,4,April,Saturday,513.51,1024.29,-510.78,-99.47
TXN_4955,2024-04-13 05:00:00,CUST_410,Unknown,2,149.95,137.88,2024,4,April,Saturday,299.9,275.76,24.14,8.05
TXN_4956,2024-04-13 05:30:00,CUST_401,Electronics,2,379.97,88.13,2024,4,April,Saturday,759.94,176.26,583.68,76.81
TXN_4957,2024-04-13 06:00:00,CUST_131,Apparel,2,313.91,305.5,2024,4,April,Saturday,627.82,611.0,16.82,2.68
TXN_4958,2024-04-13 06:30:00,CUST_154,Electronics,2,27.49,77.87,2024,4,April,Saturday,54.98,155.74,-100.76,-183.27
TXN_4959,2024-04-13 07:00:00,CUST_451,Electronics,5,90.78,247.12,2024,4,April,Saturday,453.9,1235.6,-781.7,-172.22
TXN_4960,2024-04-13 07:30:00,CUST_488,Apparel,1,489.46,21.64,2024,4,April,Saturday,489.46,21.64,467.82,95.58
TXN_4961,2024-04-13 08:00:00,CUST_135,Home Goods,3,297.96,16.45,2024,4,April,Saturday,893.88,49.35,844.53,94.48
TXN_4962,2024-04-13 08:30:00,CUST_209,Electronics,3,100.42,163.53,2024,4,April,Saturday,301.26,490.59,-189.33,-62.85
TXN_4964,2024-04-13 09:30:00,CUST_461,Electronics,2,163.09,58.43,2024,4,April,Saturday,326.18,116.86,209.32,64.17
TXN_4965,2024-04-13 10:00:00,CUST_413,Apparel,3,145.8,269.72,2024,4,April,Saturday,437.4,809.16,-371.76,-84.99
TXN_4967,2024-04-13 11:00:00,CUST_435,Electronics,4,226.78,191.46,2024,4,April,Saturday,907.12,765.84,141.28,15.57
TXN_4968,2024-04-13 11:30:00,CUST_196,Apparel,3,42.16,114.82,2024,4,April,Saturday,126.48,344.46,-217.98,-172.34
TXN_4970,2024-04-13 12:30:00,CUST_312,Apparel,2,479.98,283.4,2024,4,April,Saturday,959.96,566.8,393.16,40.96
TXN_4971,2024-04-13 13:00:00,CUST_416,Home Goods,3,163.83,32.47,2024,4,April,Saturday,491.49,97.41,394.08,80.18
TXN_4972,2024-04-13 13:30:00,CUST_236,Electronics,1,254.2,75.49,2024,4,April,Saturday,254.2,75.49,178.71,70.3
TXN_4973,2024-04-13 14:00:00,CUST_105,Apparel,2,519.44,313.5,2024,4,April,Saturday,1038.88,627.0,411.88,39.65
TXN_4974,2024-04-13 14:30:00,CUST_208,Apparel,5,224.09,151.31,2024,4,April,Saturday,1120.45,756.55,363.9,32.48
TXN_4976,2024-04-13 15:30:00,CUST_138,Apparel,1,327.89,67.13,2024,4,April,Saturday,327.89,67.13,260.76,79.53
TXN_4977,2024-04-13 16:00:00,CUST_249,Electronics,3,249.76,348.26,2024,4,April,Saturday,749.28,1044.78,-295.5,-39.44
TXN_4978,2024-04-13 16:30:00,CUST_217,Home Goods,5,389.11,323.84,2024,4,April,Saturday,1945.55,1619.2,326.35,16.77
TXN_4980,2024-04-13 17:30:00,CUST_186,Electronics,1,27.42,197.25,2024,4,April,Saturday,27.42,197.25,-169.83,-619.37
TXN_4982,2024-04-13 18:30:00,CUST_412,Electronics,4,81.2,156.38,2024,4,April,Saturday,324.8,625.52,-300.72,-92.59
TXN_4983,2024-04-13 19:00:00,CUST_482,Electronics,1,286.49,158.52,2024,4,April,Saturday,286.49,158.52,127.97,44.67
TXN_4984,2024-04-13 19:30:00,CUST_313,Apparel,5,354.24,138.98,2024,4,April,Saturday,1771.2,694.9,1076.3,60.77
TXN_4986,2024-04-13 20:30:00,CUST_338,Electronics,4,255.32,278.7,2024,4,April,Saturday,1021.28,1114.8,-93.52,-9.16
TXN_4988,2024-04-13 21:30:00,CUST_186,Electronics,3,91.84,190.56,2024,4,April,Saturday,275.52,571.68,-296.16,-107.49
TXN_4989,2024-04-13 22:00:00,CUST_240,Home Goods,2,397.27,96.93,2024,4,April,Saturday,794.54,193.86,600.68,75.6
TXN_4991,2024-04-13 23:00:00,CUST_145,Electronics,3,535.32,279.87,2024,4,April,Saturday,1605.96,839.61,766.35,47.72
TXN_4992,2024-04-13 23:30:00,CUST_471,Apparel,2,354.05,197.99,2024,4,April,Saturday,708.1,395.98,312.12,44.08
TXN_4993,2024-04-14 00:00:00,CUST_211,Apparel,2,198.04,317.57,2024,4,April,Sunday,396.08,635.14,-239.06,-60.36
TXN_4994,2024-04-14 00:30:00,CUST_144,Electronics,5,110.56,49.4,2024,4,April,Sunday,552.8,247.0,305.8,55.32
TXN_4996,2024-04-14 01:30:00,CUST_203,Apparel,4,330.89,199.92,2024,4,April,Sunday,1323.56,799.68,523.88,39.58
TXN_4998,2024-04-14 02:30:00,CUST_233,Apparel,4,572.22,54.98,2024,4,April,Sunday,2288.88,219.92,2068.96,90.39
TXN_4999,2024-04-14 03:00:00,CUST_207,Electronics,1,539.82,112.34,2024,4,April,Sunday,539.82,112.34,427.48,79.19
TXN_5000,2024-04-14 03:30:00,CUST_117,Apparel,3,34.28,301.15,2024,4,April,Sunday,102.84,903.45,-800.61,-778.5
TXN_5001,2024-04-14 04:00:00,CUST_193,Apparel,5,343.75,277.79,2024,4,April,Sunday,1718.75,1388.95,329.8,19.19
TXN_5003,2024-04-14 05:00:00,CUST_345,Apparel,3,158.55,40.71,2024,4,April,Sunday,475.65,122.13,353.52,74.32
TXN_5010,2024-04-14 08:30:00,CUST_214,Home Goods,1,338.14,20.98,2024,4,April,Sunday,338.14,20.98,317.16,93.8
TXN_5012,2024-04-14 09:30:00,CUST_300,Apparel,1,528.01,255.87,2024,4,April,Sunday,528.01,255.87,272.14,51.54
TXN_5013,2024-04-14 10:00:00,CUST_333,Electronics,5,520.79,62.73,2024,4,April,Sunday,2603.95,313.65,2290.3,87.95
TXN_5014,2024-04-14 10:30:00,CUST_127,Home Goods,1,119.58,160.79,2024,4,April,Sunday,119.58,160.79,-41.21,-34.46
TXN_5015,2024-04-14 11:00:00,CUST_110,Apparel,5,541.47,94.43,2024,4,April,Sunday,2707.35,472.15,2235.2,82.56
TXN_5016,2024-04-14 11:30:00,CUST_305,Electronics,1,103.63,153.22,2024,4,April,Sunday,103.63,153.22,-49.59,-47.85
TXN_5017,2024-04-14 12:00:00,CUST_266,Home Goods,4,70.83,36.25,2024,4,April,Sunday,283.32,145.0,138.32,48.82
TXN_5018,2024-04-14 12:30:00,CUST_346,Electronics,5,396.97,266.67,2024,4,April,Sunday,1984.85,1333.35,651.5,32.82
TXN_5019,2024-04-14 13:00:00,CUST_146,Home Goods,4,240.75,36.87,2024,4,April,Sunday,963.0,147.48,815.52,84.69
TXN_5021,2024-04-14 14:00:00,CUST_226,Electronics,4,396.75,235.29,2024,4,April,Sunday,1587.0,941.16,645.84,40.7
TXN_5022,2024-04-14 14:30:00,CUST_246,Electronics,5,45.91,151.64,2024,4,April,Sunday,229.55,758.2,-528.65,-230.3
TXN_5023,2024-04-14 15:00:00,CUST_217,Electronics,3,186.38,304.61,2024,4,April,Sunday,559.14,913.83,-354.69,-63.43
TXN_5026,2024-04-14 16:30:00,CUST_251,Electronics,2,43.65,56.62,2024,4,April,Sunday,87.3,113.24,-25.94,-29.71
TXN_5027,2024-04-14 17:00:00,CUST_171,Electronics,1,65.71,139.73,2024,4,April,Sunday,65.71,139.73,-74.02,-112.65
TXN_5029,2024-04-14 18:00:00,CUST_236,Apparel,1,548.16,64.75,2024,4,April,Sunday,548.16,64.75,483.41,88.19
TXN_5031,2024-04-14 19:00:00,CUST_388,Electronics,3,160.82,231.64,2024,4,April,Sunday,482.46,694.92,-212.46,-44.04
TXN_5032,2024-04-14 19:30:00,CUST_118,Apparel,2,396.57,15.38,2024,4,April,Sunday,793.14,30.76,762.38,96.12
TXN_5033,2024-04-14 20:00:00,CUST_294,Electronics,3,573.25,331.26,2024,4,April,Sunday,1719.75,993.78,725.97,42.21
TXN_5034,2024-04-14 20:30:00,CUST_429,Home Goods,2,190.26,340.17,2024,4,April,Sunday,380.52,680.34,-299.82,-78.79
TXN_5035,2024-04-14 21:00:00,CUST_274,Home Goods,5,515.3,324.47,2024,4,April,Sunday,2576.5,1622.35,954.15,37.03
TXN_5036,2024-04-14 21:30:00,CUST_453,Apparel,5,311.02,180.59,2024,4,April,Sunday,1555.1,902.95,652.15,41.94
TXN_5038,2024-04-14 22:30:00,CUST_345,Home Goods,4,94.71,143.03,2024,4,April,Sunday,378.84,572.12,-193.28,-51.02
TXN_5039,2024-04-14 23:00:00,CUST_484,Home Goods,4,584.6,218.83,2024,4,April,Sunday,2338.4,875.32,1463.08,62.57
TXN_5041,2024-04-15 00:00:00,CUST_338,Electronics,5,572.47,250.78,2024,4,April,Monday,2862.35,1253.9,1608.45,56.19
TXN_5043,2024-04-15 01:00:00,CUST_147,Electronics,4,325.1,81.19,2024,4,April,Monday,1300.4,324.76,975.64,75.03
TXN_5045,2024-04-15 02:00:00,CUST_419,Electronics,5,437.74,335.63,2024,4,April,Monday,2188.7,1678.15,510.55,23.33
TXN_5046,2024-04-15 02:30:00,CUST_416,Electronics,3,377.47,94.93,2024,4,April,Monday,1132.41,284.79,847.62,74.85
TXN_5047,2024-04-15 03:00:00,CUST_394,Apparel,1,258.93,127.79,2024,4,April,Monday,258.93,127.79,131.14,50.65
TXN_5048,2024-04-15 03:30:00,CUST_227,Electronics,5,478.58,22.12,2024,4,April,Monday,2392.9,110.6,2282.3,95.38
TXN_5050,2024-04-15 04:30:00,CUST_381,Home Goods,5,20.74,136.12,2024,4,April,Monday,103.7,680.6,-576.9,-556.32
TXN_5051,2024-04-15 05:00:00,CUST_116,Apparel,5,358.89,43.94,2024,4,April,Monday,1794.45,219.7,1574.75,87.76
TXN_5052,2024-04-15 05:30:00,CUST_170,Apparel,4,521.6,10.49,2024,4,April,Monday,2086.4,41.96,2044.44,97.99
TXN_5054,2024-04-15 06:30:00,CUST_424,Apparel,4,483.49,112.52,2024,4,April,Monday,1933.96,450.08,1483.88,76.73
TXN_5056,2024-04-15 07:30:00,CUST_404,Home Goods,4,454.31,302.38,2024,4,April,Monday,1817.24,1209.52,607.72,33.44
TXN_5057,2024-04-15 08:00:00,CUST_106,Electronics,4,434.46,208.7,2024,4,April,Monday,1737.84,834.8,903.04,51.96
TXN_5058,2024-04-15 08:30:00,CUST_413,Electronics,3,579.38,68.2,2024,4,April,Monday,1738.14,204.6,1533.54,88.23
TXN_5059,2024-04-15 09:00:00,CUST_404,Home Goods,5,520.26,304.18,2024,4,April,Monday,2601.3,1520.9,1080.4,41.53
TXN_5060,2024-04-15 09:30:00,CUST_202,Electronics,3,492.0,96.22,2024,4,April,Monday,1476.0,288.66,1187.34,80.44
TXN_5061,2024-04-15 10:00:00,CUST_408,Electronics,4,65.55,87.33,2024,4,April,Monday,262.2,349.32,-87.12,-33.23
TXN_5062,2024-04-15 10:30:00,CUST_292,Electronics,3,154.83,314.18,2024,4,April,Monday,464.49,942.54,-478.05,-102.92
TXN_5065,2024-04-15 12:00:00,CUST_116,Electronics,5,192.38,283.01,2024,4,April,Monday,961.9,1415.05,-453.15,-47.11
TXN_5066,2024-04-15 12:30:00,CUST_270,Apparel,5,69.6,115.32,2024,4,April,Monday,348.0,576.6,-228.6,-65.69
TXN_5067,2024-04-15 13:00:00,CUST_124,Home Goods,4,196.99,21.7,2024,4,April,Monday,787.96,86.8,701.16,88.98
TXN_5068,2024-04-15 13:30:00,CUST_350,Electronics,5,466.05,38.07,2024,4,April,Monday,2330.25,190.35,2139.9,91.83
TXN_5069,2024-04-15 14:00:00,CUST_352,Home Goods,3,528.28,47.24,2024,4,April,Monday,1584.84,141.72,1443.12,91.06
TXN_5070,2024-04-15 14:30:00,CUST_486,Electronics,2,549.05,312.87,2024,4,April,Monday,1098.1,625.74,472.36,43.02
TXN_5071,2024-04-15 15:00:00,CUST_306,Electronics,5,236.64,147.37,2024,4,April,Monday,1183.2,736.85,446.35,37.72
TXN_5072,2024-04-15 15:30:00,CUST_128,Electronics,3,232.94,21.06,2024,4,April,Monday,698.82,63.18,635.64,90.96
TXN_5075,2024-04-15 17:00:00,CUST_479,Apparel,3,404.73,89.94,2024,4,April,Monday,1214.19,269.82,944.37,77.78
TXN_5077,2024-04-15 18:00:00,CUST_124,Apparel,3,26.9,269.09,2024,4,April,Monday,80.7,807.27,-726.57,-900.33
TXN_5078,2024-04-15 18:30:00,CUST_409,Apparel,5,271.83,10.21,2024,4,April,Monday,1359.15,51.05,1308.1,96.24
TXN_5079,2024-04-15 19:00:00,CUST_255,Home Goods,2,146.13,159.25,2024,4,April,Monday,292.26,318.5,-26.24,-8.98
TXN_5080,2024-04-15 19:30:00,CUST_172,Electronics,4,31.85,39.54,2024,4,April,Monday,127.4,158.16,-30.76,-24.14
TXN_5081,2024-04-15 20:00:00,CUST_219,Electronics,4,290.44,197.81,2024,4,April,Monday,1161.76,791.24,370.52,31.89
TXN_5082,2024-04-15 20:30:00,CUST_411,Apparel,5,135.48,127.64,2024,4,April,Monday,677.4,638.2,39.2,5.79
TXN_5083,2024-04-15 21:00:00,CUST_420,Apparel,5,279.85,19.64,2024,4,April,Monday,1399.25,98.2,1301.05,92.98
TXN_5085,2024-04-15 22:00:00,CUST_185,Electronics,1,368.17,204.0,2024,4,April,Monday,368.17,204.0,164.17,44.59
TXN_5087,2024-04-15 23:00:00,CUST_463,Apparel,2,335.13,270.27,2024,4,April,Monday,670.26,540.54,129.72,19.35
TXN_5088,2024-04-15 23:30:00,CUST_217,Electronics,3,393.43,136.16,2024,4,April,Monday,1180.29,408.48,771.81,65.39
TXN_5090,2024-04-16 00:30:00,CUST_298,Home Goods,3,233.79,206.87,2024,4,April,Tuesday,701.37,620.61,80.76,11.51
TXN_5092,2024-04-16 01:30:00,CUST_438,Apparel,4,180.44,195.95,2024,4,April,Tuesday,721.76,783.8,-62.04,-8.6
TXN_5094,2024-04-16 02:30:00,CUST_370,Electronics,5,392.34,289.68,2024,4,April,Tuesday,1961.7,1448.4,513.3,26.17
TXN_5095,2024-04-16 03:00:00,CUST_486,Electronics,2,17.68,276.23,2024,4,April,Tuesday,35.36,552.46,-517.1,-1462.39
TXN_5096,2024-04-16 03:30:00,CUST_238,Apparel,4,514.23,340.6,2024,4,April,Tuesday,2056.92,1362.4,694.52,33.77
TXN_5099,2024-04-16 05:00:00,CUST_156,Unknown,2,570.42,177.17,2024,4,April,Tuesday,1140.84,354.34,786.5,68.94
TXN_5100,2024-04-16 05:30:00,CUST_331,Apparel,5,594.21,238.1,2024,4,April,Tuesday,2971.05,1190.5,1780.55,59.93
TXN_5102,2024-04-16 06:30:00,CUST_483,Electronics,3,97.99,190.97,2024,4,April,Tuesday,293.97,572.91,-278.94,-94.89
TXN_5104,2024-04-16 07:30:00,CUST_293,Home Goods,1,133.94,128.05,2024,4,April,Tuesday,133.94,128.05,5.89,4.4
TXN_5105,2024-04-16 08:00:00,CUST_323,Unknown,2,539.82,111.65,2024,4,April,Tuesday,1079.64,223.3,856.34,79.32
TXN_5106,2024-04-16 08:30:00,CUST_235,Apparel,3,200.21,124.0,2024,4,April,Tuesday,600.63,372.0,228.63,38.07
TXN_5107,2024-04-16 09:00:00,CUST_121,Unknown,2,206.18,23.13,2024,4,April,Tuesday,412.36,46.26,366.1,88.78
TXN_5108,2024-04-16 09:30:00,CUST_105,Home Goods,2,551.83,106.81,2024,4,April,Tuesday,1103.66,213.62,890.04,80.64
TXN_5109,2024-04-16 10:00:00,CUST_303,Apparel,2,22.74,68.8,2024,4,April,Tuesday,45.48,137.6,-92.12,-202.55
TXN_5110,2024-04-16 10:30:00,CUST_338,Apparel,5,128.47,165.53,2024,4,April,Tuesday,642.35,827.65,-185.3,-28.85
TXN_5111,2024-04-16 11:00:00,CUST_284,Apparel,4,261.83,166.68,2024,4,April,Tuesday,1047.32,666.72,380.6,36.34
TXN_5112,2024-04-16 11:30:00,CUST_459,Apparel,2,424.92,270.18,2024,4,April,Tuesday,849.84,540.36,309.48,36.42
TXN_5113,2024-04-16 12:00:00,CUST_391,Electronics,5,393.83,180.78,2024,4,April,Tuesday,1969.15,903.9,1065.25,54.1
TXN_5114,2024-04-16 12:30:00,CUST_434,Apparel,1,406.61,167.45,2024,4,April,Tuesday,406.61,167.45,239.16,58.82
TXN_5115,2024-04-16 13:00:00,CUST_319,Electronics,4,529.81,88.75,2024,4,April,Tuesday,2119.24,355.0,1764.24,83.25
TXN_5116,2024-04-16 13:30:00,CUST_215,Home Goods,5,85.8,299.84,2024,4,April,Tuesday,429.0,1499.2,-1070.2,-249.46
TXN_5118,2024-04-16 14:30:00,CUST_148,Electronics,1,439.4,343.98,2024,4,April,Tuesday,439.4,343.98,95.42,21.72
TXN_5120,2024-04-16 15:30:00,CUST_181,Apparel,4,277.26,73.24,2024,4,April,Tuesday,1109.04,292.96,816.08,73.58
TXN_5121,2024-04-16 16:00:00,CUST_421,Apparel,5,25.01,130.47,2024,4,April,Tuesday,125.05,652.35,-527.3,-421.67
TXN_5122,2024-04-16 16:30:00,CUST_432,Electronics,1,50.36,15.23,2024,4,April,Tuesday,50.36,15.23,35.13,69.76
TXN_5123,2024-04-16 17:00:00,CUST_144,Apparel,5,84.58,66.62,2024,4,April,Tuesday,422.9,333.1,89.8,21.23
TXN_5124,2024-04-16 17:30:00,CUST_434,Electronics,1,215.79,124.02,2024,4,April,Tuesday,215.79,124.02,91.77,42.53
TXN_5125,2024-04-16 18:00:00,CUST_119,Electronics,2,83.83,198.5,2024,4,April,Tuesday,167.66,397.0,-229.34,-136.79
TXN_5126,2024-04-16 18:30:00,CUST_320,Electronics,2,264.26,54.02,2024,4,April,Tuesday,528.52,108.04,420.48,79.56
TXN_5127,2024-04-16 19:00:00,CUST_222,Electronics,4,119.51,239.83,2024,4,April,Tuesday,478.04,959.32,-481.28,-100.68
TXN_5128,2024-04-16 19:30:00,CUST_333,Home Goods,1,470.81,297.05,2024,4,April,Tuesday,470.81,297.05,173.76,36.91
TXN_5129,2024-04-16 20:00:00,CUST_320,Unknown,2,524.82,204.6,2024,4,April,Tuesday,1049.64,409.2,640.44,61.02
TXN_5130,2024-04-16 20:30:00,CUST_422,Apparel,4,242.94,110.95,2024,4,April,Tuesday,971.76,443.8,527.96,54.33
TXN_5131,2024-04-16 21:00:00,CUST_438,Apparel,3,314.13,51.27,2024,4,April,Tuesday,942.39,153.81,788.58,83.68
TXN_5132,2024-04-16 21:30:00,CUST_102,Electronics,2,572.8,15.28,2024,4,April,Tuesday,1145.6,30.56,1115.04,97.33
TXN_5133,2024-04-16 22:00:00,CUST_281,Apparel,2,328.27,258.81,2024,4,April,Tuesday,656.54,517.62,138.92,21.16
TXN_5135,2024-04-16 23:00:00,CUST_419,Apparel,5,98.15,171.94,2024,4,April,Tuesday,490.75,859.7,-368.95,-75.18
TXN_5136,2024-04-16 23:30:00,CUST_139,Home Goods,3,519.4,44.68,2024,4,April,Tuesday,1558.2,134.04,1424.16,91.4
TXN_5137,2024-04-17 00:00:00,CUST_158,Electronics,1,305.86,80.39,2024,4,April,Wednesday,305.86,80.39,225.47,73.72
TXN_5138,2024-04-17 00:30:00,CUST_161,Home Goods,4,28.29,287.16,2024,4,April,Wednesday,113.16,1148.64,-1035.48,-915.06
TXN_5139,2024-04-17 01:00:00,CUST_231,Electronics,3,583.75,173.15,2024,4,April,Wednesday,1751.25,519.45,1231.8,70.34
TXN_5140,2024-04-17 01:30:00,CUST_159,Electronics,1,579.55,337.36,2024,4,April,Wednesday,579.55,337.36,242.19,41.79
TXN_5141,2024-04-17 02:00:00,CUST_471,Electronics,2,239.21,349.99,2024,4,April,Wednesday,478.42,699.98,-221.56,-46.31
TXN_5145,2024-04-17 04:00:00,CUST_195,Apparel,4,127.28,96.24,2024,4,April,Wednesday,509.12,384.96,124.16,24.39
TXN_5146,2024-04-17 04:30:00,CUST_446,Electronics,4,159.29,345.51,2024,4,April,Wednesday,637.16,1382.04,-744.88,-116.91
TXN_5147,2024-04-17 05:00:00,CUST_334,Apparel,3,470.91,124.02,2024,4,April,Wednesday,1412.73,372.06,1040.67,73.66
TXN_5148,2024-04-17 05:30:00,CUST_485,Home Goods,5,235.75,250.19,2024,4,April,Wednesday,1178.75,1250.95,-72.2,-6.13
TXN_5149,2024-04-17 06:00:00,CUST_161,Apparel,1,19.17,336.07,2024,4,April,Wednesday,19.17,336.07,-316.9,-1653.1
TXN_5153,2024-04-17 08:00:00,CUST_447,Apparel,3,128.75,69.48,2024,4,April,Wednesday,386.25,208.44,177.81,46.03
TXN_5154,2024-04-17 08:30:00,CUST_258,Apparel,5,507.72,177.42,2024,4,April,Wednesday,2538.6,887.1,1651.5,65.06
TXN_5155,2024-04-17 09:00:00,CUST_223,Electronics,5,171.25,333.66,2024,4,April,Wednesday,856.25,1668.3,-812.05,-94.84
TXN_5156,2024-04-17 09:30:00,CUST_416,Apparel,5,244.92,317.53,2024,4,April,Wednesday,1224.6,1587.65,-363.05,-29.65
TXN_5157,2024-04-17 10:00:00,CUST_306,Electronics,4,189.35,66.51,2024,4,April,Wednesday,757.4,266.04,491.36,64.87
TXN_5158,2024-04-17 10:30:00,CUST_147,Home Goods,1,391.7,107.82,2024,4,April,Wednesday,391.7,107.82,283.88,72.47
TXN_5159,2024-04-17 11:00:00,CUST_235,Home Goods,1,74.18,210.2,2024,4,April,Wednesday,74.18,210.2,-136.02,-183.36
TXN_5161,2024-04-17 12:00:00,CUST_349,Apparel,3,210.66,50.58,2024,4,April,Wednesday,631.98,151.74,480.24,75.99
TXN_5162,2024-04-17 12:30:00,CUST_413,Electronics,2,532.22,135.56,2024,4,April,Wednesday,1064.44,271.12,793.32,74.53
TXN_5163,2024-04-17 13:00:00,CUST_456,Apparel,3,57.95,334.6,2024,4,April,Wednesday,173.85,1003.8,-829.95,-477.39
TXN_5164,2024-04-17 13:30:00,CUST_467,Home Goods,1,500.37,333.49,2024,4,April,Wednesday,500.37,333.49,166.88,33.35
TXN_5166,2024-04-17 14:30:00,CUST_394,Electronics,4,66.82,225.99,2024,4,April,Wednesday,267.28,903.96,-636.68,-238.21
TXN_5167,2024-04-17 15:00:00,CUST_413,Electronics,3,133.36,85.45,2024,4,April,Wednesday,400.08,256.35,143.73,35.93
TXN_5169,2024-04-17 16:00:00,CUST_454,Apparel,2,319.78,27.85,2024,4,April,Wednesday,639.56,55.7,583.86,91.29
TXN_5171,2024-04-17 17:00:00,CUST_291,Electronics,3,35.08,12.0,2024,4,April,Wednesday,105.24,36.0,69.24,65.79
TXN_5173,2024-04-17 18:00:00,CUST_128,Unknown,5,240.85,299.09,2024,4,April,Wednesday,1204.25,1495.45,-291.2,-24.18
TXN_5174,2024-04-17 18:30:00,CUST_158,Apparel,2,213.67,344.05,2024,4,April,Wednesday,427.34,688.1,-260.76,-61.02
TXN_5175,2024-04-17 19:00:00,CUST_170,Apparel,5,209.14,237.04,2024,4,April,Wednesday,1045.7,1185.2,-139.5,-13.34
TXN_5176,2024-04-17 19:30:00,CUST_191,Apparel,4,538.58,263.25,2024,4,April,Wednesday,2154.32,1053.0,1101.32,51.12
TXN_5177,2024-04-17 20:00:00,CUST_364,Home Goods,1,26.1,99.33,2024,4,April,Wednesday,26.1,99.33,-73.23,-280.57
TXN_5178,2024-04-17 20:30:00,CUST_482,Electronics,3,468.33,186.91,2024,4,April,Wednesday,1404.99,560.73,844.26,60.09
TXN_5180,2024-04-17 21:30:00,CUST_489,Apparel,3,239.23,179.07,2024,4,April,Wednesday,717.69,537.21,180.48,25.15
TXN_5181,2024-04-17 22:00:00,CUST_499,Apparel,5,260.79,40.11,2024,4,April,Wednesday,1303.95,200.55,1103.4,84.62
TXN_5182,2024-04-17 22:30:00,CUST_314,Apparel,5,193.27,261.89,2024,4,April,Wednesday,966.35,1309.45,-343.1,-35.5
TXN_5183,2024-04-17 23:00:00,CUST_486,Home Goods,1,69.73,84.65,2024,4,April,Wednesday,69.73,84.65,-14.92,-21.4
TXN_5185,2024-04-18 00:00:00,CUST_163,Electronics,3,189.41,172.54,2024,4,April,Thursday,568.23,517.62,50.61,8.91
TXN_5187,2024-04-18 01:00:00,CUST_391,Apparel,1,93.76,224.01,2024,4,April,Thursday,93.76,224.01,-130.25,-138.92
TXN_5188,2024-04-18 01:30:00,CUST_344,Apparel,5,449.44,227.76,2024,4,April,Thursday,2247.2,1138.8,1108.4,49.32
TXN_5191,2024-04-18 03:00:00,CUST_269,Electronics,5,265.57,290.31,2024,4,April,Thursday,1327.85,1451.55,-123.7,-9.32
TXN_5192,2024-04-18 03:30:00,CUST_368,Home Goods,2,115.46,47.26,2024,4,April,Thursday,230.92,94.52,136.4,59.07
TXN_5193,2024-04-18 04:00:00,CUST_366,Home Goods,5,591.72,264.49,2024,4,April,Thursday,2958.6,1322.45,1636.15,55.3
TXN_5194,2024-04-18 04:30:00,CUST_153,Apparel,5,118.33,130.05,2024,4,April,Thursday,591.65,650.25,-58.6,-9.9
TXN_5197,2024-04-18 06:00:00,CUST_203,Electronics,1,233.1,61.47,2024,4,April,Thursday,233.1,61.47,171.63,73.63
TXN_5198,2024-04-18 06:30:00,CUST_158,Electronics,2,571.62,235.03,2024,4,April,Thursday,1143.24,470.06,673.18,58.88
TXN_5199,2024-04-18 07:00:00,CUST_412,Electronics,2,508.67,303.33,2024,4,April,Thursday,1017.34,606.66,410.68,40.37
TXN_5200,2024-04-18 07:30:00,CUST_139,Unknown,3,500.44,119.95,2024,4,April,Thursday,1501.32,359.85,1141.47,76.03
TXN_5202,2024-04-18 08:30:00,CUST_485,Apparel,4,282.41,19.27,2024,4,April,Thursday,1129.64,77.08,1052.56,93.18
TXN_5203,2024-04-18 09:00:00,CUST_193,Apparel,3,71.85,47.4,2024,4,April,Thursday,215.55,142.2,73.35,34.03
TXN_5204,2024-04-18 09:30:00,CUST_321,Electronics,3,462.79,11.43,2024,4,April,Thursday,1388.37,34.29,1354.08,97.53
TXN_5205,2024-04-18 10:00:00,CUST_303,Unknown,3,237.78,121.16,2024,4,April,Thursday,713.34,363.48,349.86,49.05
TXN_5206,2024-04-18 10:30:00,CUST_237,Electronics,2,126.35,111.77,2024,4,April,Thursday,252.7,223.54,29.16,11.54
TXN_5207,2024-04-18 11:00:00,CUST_399,Electronics,1,297.7,47.52,2024,4,April,Thursday,297.7,47.52,250.18,84.04
TXN_5209,2024-04-18 12:00:00,CUST_306,Home Goods,5,115.24,347.25,2024,4,April,Thursday,576.2,1736.25,-1160.05,-201.33
TXN_5210,2024-04-18 12:30:00,CUST_435,Home Goods,2,511.49,316.31,2024,4,April,Thursday,1022.98,632.62,390.36,38.16
TXN_5211,2024-04-18 13:00:00,CUST_180,Electronics,5,259.65,95.97,2024,4,April,Thursday,1298.25,479.85,818.4,63.04
TXN_5212,2024-04-18 13:30:00,CUST_317,Home Goods,5,95.03,271.79,2024,4,April,Thursday,475.15,1358.95,-883.8,-186.0
TXN_5213,2024-04-18 14:00:00,CUST_101,Electronics,4,511.3,328.53,2024,4,April,Thursday,2045.2,1314.12,731.08,35.75
TXN_5215,2024-04-18 15:00:00,CUST_495,Home Goods,3,185.39,310.75,2024,4,April,Thursday,556.17,932.25,-376.08,-67.62
TXN_5216,2024-04-18 15:30:00,CUST_470,Home Goods,4,192.57,277.39,2024,4,April,Thursday,770.28,1109.56,-339.28,-44.05
TXN_5217,2024-04-18 16:00:00,CUST_445,Apparel,3,243.47,109.62,2024,4,April,Thursday,730.41,328.86,401.55,54.98
TXN_5218,2024-04-18 16:30:00,CUST_378,Apparel,2,491.27,38.41,2024,4,April,Thursday,982.54,76.82,905.72,92.18
TXN_5219,2024-04-18 17:00:00,CUST_245,Home Goods,5,21.09,175.86,2024,4,April,Thursday,105.45,879.3,-773.85,-733.85
TXN_5220,2024-04-18 17:30:00,CUST_417,Home Goods,4,146.01,28.63,2024,4,April,Thursday,584.04,114.52,469.52,80.39
TXN_5222,2024-04-18 18:30:00,CUST_468,Apparel,2,252.3,131.83,2024,4,April,Thursday,504.6,263.66,240.94,47.75
TXN_5223,2024-04-18 19:00:00,CUST_483,Unknown,2,208.22,335.84,2024,4,April,Thursday,416.44,671.68,-255.24,-61.29
TXN_5225,2024-04-18 20:00:00,CUST_393,Electronics,3,551.64,149.84,2024,4,April,Thursday,1654.92,449.52,1205.4,72.84
TXN_5226,2024-04-18 20:30:00,CUST_338,Home Goods,5,569.57,50.23,2024,4,April,Thursday,2847.85,251.15,2596.7,91.18
TXN_5227,2024-04-18 21:00:00,CUST_294,Apparel,3,174.44,90.65,2024,4,April,Thursday,523.32,271.95,251.37,48.03
TXN_5228,2024-04-18 21:30:00,CUST_265,Electronics,3,548.82,238.84,2024,4,April,Thursday,1646.46,716.52,929.94,56.48
TXN_5229,2024-04-18 22:00:00,CUST_321,Apparel,2,446.12,292.18,2024,4,April,Thursday,892.24,584.36,307.88,34.51
TXN_5230,2024-04-18 22:30:00,CUST_160,Electronics,3,105.22,343.01,2024,4,April,Thursday,315.66,1029.03,-713.37,-225.99
TXN_5231,2024-04-18 23:00:00,CUST_228,Apparel,1,372.01,54.94,2024,4,April,Thursday,372.01,54.94,317.07,85.23
TXN_5235,2024-04-19 01:00:00,CUST_209,Home Goods,5,476.76,289.16,2024,4,April,Friday,2383.8,1445.8,938.0,39.35
TXN_5237,2024-04-19 02:00:00,CUST_455,Electronics,3,382.53,196.27,2024,4,April,Friday,1147.59,588.81,558.78,48.69
TXN_5238,2024-04-19 02:30:00,CUST_490,Apparel,3,119.63,161.78,2024,4,April,Friday,358.89,485.34,-126.45,-35.23
TXN_5239,2024-04-19 03:00:00,CUST_377,Apparel,4,568.79,120.78,2024,4,April,Friday,2275.16,483.12,1792.04,78.77
TXN_5240,2024-04-19 03:30:00,CUST_173,Apparel,5,409.88,220.24,2024,4,April,Friday,2049.4,1101.2,948.2,46.27
TXN_5241,2024-04-19 04:00:00,CUST_306,Home Goods,5,70.77,180.79,2024,4,April,Friday,353.85,903.95,-550.1,-155.46
TXN_5243,2024-04-19 05:00:00,CUST_378,Home Goods,3,403.12,244.21,2024,4,April,Friday,1209.36,732.63,476.73,39.42
TXN_5244,2024-04-19 05:30:00,CUST_474,Apparel,1,293.85,105.19,2024,4,April,Friday,293.85,105.19,188.66,64.2
TXN_5245,2024-04-19 06:00:00,CUST_425,Electronics,4,445.73,228.68,2024,4,April,Friday,1782.92,914.72,868.2,48.7
TXN_5246,2024-04-19 06:30:00,CUST_439,Apparel,1,179.26,335.46,2024,4,April,Friday,179.26,335.46,-156.2,-87.14
TXN_5247,2024-04-19 07:00:00,CUST_456,Apparel,3,399.88,257.84,2024,4,April,Friday,1199.64,773.52,426.12,35.52
TXN_5248,2024-04-19 07:30:00,CUST_439,Apparel,5,118.52,152.26,2024,4,April,Friday,592.6,761.3,-168.7,-28.47
TXN_5249,2024-04-19 08:00:00,CUST_303,Electronics,5,333.07,264.17,2024,4,April,Friday,1665.35,1320.85,344.5,20.69
TXN_5251,2024-04-19 09:00:00,CUST_127,Electronics,1,382.51,120.79,2024,4,April,Friday,382.51,120.79,261.72,68.42
TXN_5254,2024-04-19 10:30:00,CUST_264,Electronics,2,106.77,288.3,2024,4,April,Friday,213.54,576.6,-363.06,-170.02
TXN_5255,2024-04-19 11:00:00,CUST_162,Home Goods,3,435.07,110.43,2024,4,April,Friday,1305.21,331.29,973.92,74.62
TXN_5256,2024-04-19 11:30:00,CUST_121,Electronics,5,326.53,328.84,2024,4,April,Friday,1632.65,1644.2,-11.55,-0.71
TXN_5258,2024-04-19 12:30:00,CUST_480,Apparel,2,118.73,130.12,2024,4,April,Friday,237.46,260.24,-22.78,-9.59
TXN_5259,2024-04-19 13:00:00,CUST_195,Electronics,5,118.96,152.59,2024,4,April,Friday,594.8,762.95,-168.15,-28.27
TXN_5261,2024-04-19 14:00:00,CUST_178,Electronics,5,525.65,59.72,2024,4,April,Friday,2628.25,298.6,2329.65,88.64
TXN_5262,2024-04-19 14:30:00,CUST_104,Apparel,2,287.11,33.29,2024,4,April,Friday,574.22,66.58,507.64,88.41
TXN_5263,2024-04-19 15:00:00,CUST_415,Home Goods,1,75.62,119.4,2024,4,April,Friday,75.62,119.4,-43.78,-57.89
TXN_5264,2024-04-19 15:30:00,CUST_219,Apparel,3,532.24,165.95,2024,4,April,Friday,1596.72,497.85,1098.87,68.82
TXN_5266,2024-04-19 16:30:00,CUST_277,Apparel,2,271.68,14.73,2024,4,April,Friday,543.36,29.46,513.9,94.58
TXN_5267,2024-04-19 17:00:00,CUST_275,Apparel,2,253.3,206.86,2024,4,April,Friday,506.6,413.72,92.88,18.33
TXN_5269,2024-04-19 18:00:00,CUST_316,Home Goods,5,322.71,81.74,2024,4,April,Friday,1613.55,408.7,1204.85,74.67
TXN_5272,2024-04-19 19:30:00,CUST_286,Electronics,2,539.54,42.35,2024,4,April,Friday,1079.08,84.7,994.38,92.15
TXN_5273,2024-04-19 20:00:00,CUST_331,Electronics,3,200.83,97.16,2024,4,April,Friday,602.49,291.48,311.01,51.62
TXN_5276,2024-04-19 21:30:00,CUST_176,Electronics,1,455.71,161.72,2024,4,April,Friday,455.71,161.72,293.99,64.51
TXN_5278,2024-04-19 22:30:00,CUST_357,Apparel,1,125.39,302.6,2024,4,April,Friday,125.39,302.6,-177.21,-141.33
TXN_5279,2024-04-19 23:00:00,CUST_363,Apparel,1,483.7,280.27,2024,4,April,Friday,483.7,280.27,203.43,42.06
TXN_5280,2024-04-19 23:30:00,CUST_430,Apparel,3,122.17,347.57,2024,4,April,Friday,366.51,1042.71,-676.2,-184.5
TXN_5281,2024-04-20 00:00:00,CUST_281,Electronics,5,381.06,189.83,2024,4,April,Saturday,1905.3,949.15,956.15,50.18
TXN_5285,2024-04-20 02:00:00,CUST_275,Electronics,3,202.6,198.93,2024,4,April,Saturday,607.8,596.79,11.01,1.81
TXN_5287,2024-04-20 03:00:00,CUST_375,Apparel,2,220.72,195.59,2024,4,April,Saturday,441.44,391.18,50.26,11.39
TXN_5288,2024-04-20 03:30:00,CUST_239,Electronics,4,438.25,37.46,2024,4,April,Saturday,1753.0,149.84,1603.16,91.45
TXN_5290,2024-04-20 04:30:00,CUST_386,Electronics,4,308.19,345.0,2024,4,April,Saturday,1232.76,1380.0,-147.24,-11.94
TXN_5291,2024-04-20 05:00:00,CUST_190,Apparel,4,473.18,32.35,2024,4,April,Saturday,1892.72,129.4,1763.32,93.16
TXN_5292,2024-04-20 05:30:00,CUST_160,Electronics,1,200.39,282.35,2024,4,April,Saturday,200.39,282.35,-81.96,-40.9
TXN_5295,2024-04-20 07:00:00,CUST_262,Home Goods,3,113.32,245.75,2024,4,April,Saturday,339.96,737.25,-397.29,-116.86
TXN_5297,2024-04-20 08:00:00,CUST_242,Home Goods,3,396.44,167.5,2024,4,April,Saturday,1189.32,502.5,686.82,57.75
TXN_5301,2024-04-20 10:00:00,CUST_468,Electronics,1,297.0,321.26,2024,4,April,Saturday,297.0,321.26,-24.26,-8.17
TXN_5303,2024-04-20 11:00:00,CUST_286,Apparel,2,445.5,52.84,2024,4,April,Saturday,891.0,105.68,785.32,88.14
TXN_5304,2024-04-20 11:30:00,CUST_403,Electronics,4,199.1,130.54,2024,4,April,Saturday,796.4,522.16,274.24,34.43
TXN_5305,2024-04-20 12:00:00,CUST_390,Electronics,4,246.22,326.74,2024,4,April,Saturday,984.88,1306.96,-322.08,-32.7
TXN_5307,2024-04-20 13:00:00,CUST_265,Home Goods,1,538.25,212.05,2024,4,April,Saturday,538.25,212.05,326.2,60.6
TXN_5308,2024-04-20 13:30:00,CUST_213,Apparel,4,119.54,200.08,2024,4,April,Saturday,478.16,800.32,-322.16,-67.37
TXN_5311,2024-04-20 15:00:00,CUST_306,Electronics,5,178.48,272.37,2024,4,April,Saturday,892.4,1361.85,-469.45,-52.61
TXN_5313,2024-04-20 16:00:00,CUST_334,Electronics,3,60.47,339.74,2024,4,April,Saturday,181.41,1019.22,-837.81,-461.83
TXN_5314,2024-04-20 16:30:00,CUST_454,Home Goods,4,402.48,91.38,2024,4,April,Saturday,1609.92,365.52,1244.4,77.3
TXN_5315,2024-04-20 17:00:00,CUST_102,Electronics,4,541.97,162.23,2024,4,April,Saturday,2167.88,648.92,1518.96,70.07
TXN_5316,2024-04-20 17:30:00,CUST_307,Electronics,5,582.08,17.72,2024,4,April,Saturday,2910.4,88.6,2821.8,96.96
TXN_5318,2024-04-20 18:30:00,CUST_440,Unknown,2,453.11,139.83,2024,4,April,Saturday,906.22,279.66,626.56,69.14
TXN_5320,2024-04-20 19:30:00,CUST_237,Electronics,2,68.45,345.08,2024,4,April,Saturday,136.9,690.16,-553.26,-404.13
TXN_5322,2024-04-20 20:30:00,CUST_124,Apparel,5,552.85,150.86,2024,4,April,Saturday,2764.25,754.3,2009.95,72.71
TXN_5323,2024-04-20 21:00:00,CUST_167,Apparel,2,133.63,167.46,2024,4,April,Saturday,267.26,334.92,-67.66,-25.32
TXN_5324,2024-04-20 21:30:00,CUST_160,Apparel,1,561.25,49.49,2024,4,April,Saturday,561.25,49.49,511.76,91.18
TXN_5325,2024-04-20 22:00:00,CUST_128,Electronics,5,323.41,143.65,2024,4,April,Saturday,1617.05,718.25,898.8,55.58
TXN_5328,2024-04-20 23:30:00,CUST_270,Home Goods,3,205.86,301.25,2024,4,April,Saturday,617.58,903.75,-286.17,-46.34
TXN_5331,2024-04-21 01:00:00,CUST_252,Unknown,3,297.9,22.8,2024,4,April,Sunday,893.7,68.4,825.3,92.35
TXN_5332,2024-04-21 01:30:00,CUST_375,Apparel,3,296.95,117.71,2024,4,April,Sunday,890.85,353.13,537.72,60.36
TXN_5335,2024-04-21 03:00:00,CUST_442,Apparel,4,296.64,194.95,2024,4,April,Sunday,1186.56,779.8,406.76,34.28
TXN_5336,2024-04-21 03:30:00,CUST_238,Apparel,5,495.23,115.51,2024,4,April,Sunday,2476.15,577.55,1898.6,76.68
TXN_5337,2024-04-21 04:00:00,CUST_209,Electronics,5,497.39,347.56,2024,4,April,Sunday,2486.95,1737.8,749.15,30.12
TXN_5338,2024-04-21 04:30:00,CUST_282,Electronics,2,200.52,224.53,2024,4,April,Sunday,401.04,449.06,-48.02,-11.97
TXN_5339,2024-04-21 05:00:00,CUST_127,Electronics,5,17.54,93.02,2024,4,April,Sunday,87.7,465.1,-377.4,-430.33
TXN_5341,2024-04-21 06:00:00,CUST_290,Electronics,5,460.01,23.84,2024,4,April,Sunday,2300.05,119.2,2180.85,94.82
TXN_5343,2024-04-21 07:00:00,CUST_488,Electronics,2,425.51,241.22,2024,4,April,Sunday,851.02,482.44,368.58,43.31
TXN_5344,2024-04-21 07:30:00,CUST_150,Apparel,5,26.71,300.7,2024,4,April,Sunday,133.55,1503.5,-1369.95,-1025.8
TXN_5345,2024-04-21 08:00:00,CUST_248,Electronics,5,31.24,63.29,2024,4,April,Sunday,156.2,316.45,-160.25,-102.59
TXN_5346,2024-04-21 08:30:00,CUST_367,Electronics,1,322.61,146.73,2024,4,April,Sunday,322.61,146.73,175.88,54.52
TXN_5348,2024-04-21 09:30:00,CUST_487,Apparel,2,579.14,229.14,2024,4,April,Sunday,1158.28,458.28,700.0,60.43
TXN_5349,2024-04-21 10:00:00,CUST_345,Apparel,1,537.89,72.11,2024,4,April,Sunday,537.89,72.11,465.78,86.59
TXN_5350,2024-04-21 10:30:00,CUST_212,Apparel,4,395.14,334.13,2024,4,April,Sunday,1580.56,1336.52,244.04,15.44
TXN_5351,2024-04-21 11:00:00,CUST_269,Home Goods,2,52.27,257.71,2024,4,April,Sunday,104.54,515.42,-410.88,-393.04
TXN_5354,2024-04-21 12:30:00,CUST_302,Unknown,5,296.31,209.82,2024,4,April,Sunday,1481.55,1049.1,432.45,29.19
TXN_5356,2024-04-21 13:30:00,CUST_494,Apparel,5,352.84,251.73,2024,4,April,Sunday,1764.2,1258.65,505.55,28.66
TXN_5357,2024-04-21 14:00:00,CUST_288,Apparel,1,269.93,17.26,2024,4,April,Sunday,269.93,17.26,252.67,93.61
TXN_5358,2024-04-21 14:30:00,CUST_254,Electronics,1,569.17,349.42,2024,4,April,Sunday,569.17,349.42,219.75,38.61
TXN_5359,2024-04-21 15:00:00,CUST_154,Apparel,4,562.67,325.54,2024,4,April,Sunday,2250.68,1302.16,948.52,42.14
TXN_5360,2024-04-21 15:30:00,CUST_281,Unknown,4,345.8,50.72,2024,4,April,Sunday,1383.2,202.88,1180.32,85.33
TXN_5362,2024-04-21 16:30:00,CUST_475,Home Goods,5,95.61,116.95,2024,4,April,Sunday,478.05,584.75,-106.7,-22.32
TXN_5364,2024-04-21 17:30:00,CUST_376,Unknown,3,541.92,247.16,2024,4,April,Sunday,1625.76,741.48,884.28,54.39
TXN_5366,2024-04-21 18:30:00,CUST_442,Electronics,4,125.82,21.51,2024,4,April,Sunday,503.28,86.04,417.24,82.9
TXN_5367,2024-04-21 19:00:00,CUST_158,Apparel,5,348.57,109.19,2024,4,April,Sunday,1742.85,545.95,1196.9,68.67
TXN_5370,2024-04-21 20:30:00,CUST_438,Home Goods,4,123.7,226.29,2024,4,April,Sunday,494.8,905.16,-410.36,-82.93
TXN_5373,2024-04-21 22:00:00,CUST_426,Electronics,2,259.09,214.1,2024,4,April,Sunday,518.18,428.2,89.98,17.36
TXN_5374,2024-04-21 22:30:00,CUST_359,Electronics,1,171.53,63.0,2024,4,April,Sunday,171.53,63.0,108.53,63.27
TXN_5375,2024-04-21 23:00:00,CUST_292,Unknown,5,536.58,117.71,2024,4,April,Sunday,2682.9,588.55,2094.35,78.06
TXN_5377,2024-04-22 00:00:00,CUST_203,Apparel,4,250.75,134.06,2024,4,April,Monday,1003.0,536.24,466.76,46.54
TXN_5378,2024-04-22 00:30:00,CUST_313,Apparel,1,32.91,128.6,2024,4,April,Monday,32.91,128.6,-95.69,-290.76
TXN_5381,2024-04-22 02:00:00,CUST_192,Apparel,3,98.5,285.24,2024,4,April,Monday,295.5,855.72,-560.22,-189.58
TXN_5382,2024-04-22 02:30:00,CUST_241,Apparel,4,244.96,169.61,2024,4,April,Monday,979.84,678.44,301.4,30.76
TXN_5383,2024-04-22 03:00:00,CUST_211,Home Goods,5,72.96,49.28,2024,4,April,Monday,364.8,246.4,118.4,32.46
TXN_5384,2024-04-22 03:30:00,CUST_474,Electronics,2,575.12,295.04,2024,4,April,Monday,1150.24,590.08,560.16,48.7
TXN_5385,2024-04-22 04:00:00,CUST_158,Apparel,1,42.81,34.28,2024,4,April,Monday,42.81,34.28,8.53,19.93
TXN_5386,2024-04-22 04:30:00,CUST_142,Unknown,1,249.8,170.39,2024,4,April,Monday,249.8,170.39,79.41,31.79
TXN_5387,2024-04-22 05:00:00,CUST_306,Apparel,2,110.18,98.77,2024,4,April,Monday,220.36,197.54,22.82,10.36
TXN_5388,2024-04-22 05:30:00,CUST_367,Home Goods,5,417.95,328.35,2024,4,April,Monday,2089.75,1641.75,448.0,21.44
TXN_5390,2024-04-22 06:30:00,CUST_217,Home Goods,3,334.88,202.58,2024,4,April,Monday,1004.64,607.74,396.9,39.51
TXN_5393,2024-04-22 08:00:00,CUST_265,Electronics,2,423.64,60.18,2024,4,April,Monday,847.28,120.36,726.92,85.79
TXN_5394,2024-04-22 08:30:00,CUST_230,Apparel,3,73.2,251.09,2024,4,April,Monday,219.6,753.27,-533.67,-243.02
TXN_5395,2024-04-22 09:00:00,CUST_255,Apparel,5,66.78,177.51,2024,4,April,Monday,333.9,887.55,-553.65,-165.81
TXN_5396,2024-04-22 09:30:00,CUST_283,Electronics,4,442.98,225.67,2024,4,April,Monday,1771.92,902.68,869.24,49.06
TXN_5397,2024-04-22 10:00:00,CUST_189,Electronics,4,140.97,25.37,2024,4,April,Monday,563.88,101.48,462.4,82.0
TXN_5399,2024-04-22 11:00:00,CUST_112,Unknown,5,586.32,210.39,2024,4,April,Monday,2931.6,1051.95,1879.65,64.12
TXN_5400,2024-04-22 11:30:00,CUST_421,Apparel,3,494.65,166.21,2024,4,April,Monday,1483.95,498.63,985.32,66.4
TXN_5402,2024-04-22 12:30:00,CUST_329,Electronics,2,518.55,91.86,2024,4,April,Monday,1037.1,183.72,853.38,82.29
TXN_5404,2024-04-22 13:30:00,CUST_391,Electronics,5,450.2,30.05,2024,4,April,Monday,2251.0,150.25,2100.75,93.33
TXN_5406,2024-04-22 14:30:00,CUST_174,Home Goods,5,599.09,187.86,2024,4,April,Monday,2995.45,939.3,2056.15,68.64
TXN_5407,2024-04-22 15:00:00,CUST_463,Unknown,4,178.58,114.77,2024,4,April,Monday,714.32,459.08,255.24,35.73
TXN_5408,2024-04-22 15:30:00,CUST_398,Electronics,2,360.15,288.99,2024,4,April,Monday,720.3,577.98,142.32,19.76
TXN_5409,2024-04-22 16:00:00,CUST_249,Electronics,4,180.01,29.3,2024,4,April,Monday,720.04,117.2,602.84,83.72
TXN_5410,2024-04-22 16:30:00,CUST_247,Electronics,3,80.56,304.37,2024,4,April,Monday,241.68,913.11,-671.43,-277.82
TXN_5411,2024-04-22 17:00:00,CUST_107,Apparel,3,347.04,255.91,2024,4,April,Monday,1041.12,767.73,273.39,26.26
TXN_5412,2024-04-22 17:30:00,CUST_128,Electronics,1,221.71,161.73,2024,4,April,Monday,221.71,161.73,59.98,27.05
TXN_5413,2024-04-22 18:00:00,CUST_395,Electronics,5,356.18,324.32,2024,4,April,Monday,1780.9,1621.6,159.3,8.94
TXN_5414,2024-04-22 18:30:00,CUST_308,Electronics,2,341.83,248.76,2024,4,April,Monday,683.66,497.52,186.14,27.23
TXN_5415,2024-04-22 19:00:00,CUST_227,Home Goods,2,332.22,326.56,2024,4,April,Monday,664.44,653.12,11.32,1.7
TXN_5416,2024-04-22 19:30:00,CUST_439,Apparel,4,87.13,170.68,2024,4,April,Monday,348.52,682.72,-334.2,-95.89
TXN_5419,2024-04-22 21:00:00,CUST_417,Home Goods,4,199.36,32.25,2024,4,April,Monday,797.44,129.0,668.44,83.82
TXN_5422,2024-04-22 22:30:00,CUST_144,Electronics,2,519.7,219.98,2024,4,April,Monday,1039.4,439.96,599.44,57.67
TXN_5423,2024-04-22 23:00:00,CUST_338,Apparel,4,398.53,325.0,2024,4,April,Monday,1594.12,1300.0,294.12,18.45
TXN_5425,2024-04-23 00:00:00,CUST_280,Apparel,1,521.13,65.55,2024,4,April,Tuesday,521.13,65.55,455.58,87.42
TXN_5426,2024-04-23 00:30:00,CUST_314,Apparel,5,501.76,264.66,2024,4,April,Tuesday,2508.8,1323.3,1185.5,47.25
TXN_5427,2024-04-23 01:00:00,CUST_187,Apparel,1,455.88,207.18,2024,4,April,Tuesday,455.88,207.18,248.7,54.55
TXN_5429,2024-04-23 02:00:00,CUST_172,Apparel,3,458.16,342.39,2024,4,April,Tuesday,1374.48,1027.17,347.31,25.27
TXN_5430,2024-04-23 02:30:00,CUST_278,Unknown,2,295.06,299.09,2024,4,April,Tuesday,590.12,598.18,-8.06,-1.37
TXN_5431,2024-04-23 03:00:00,CUST_311,Electronics,1,445.92,246.89,2024,4,April,Tuesday,445.92,246.89,199.03,44.63
TXN_5432,2024-04-23 03:30:00,CUST_392,Apparel,1,529.86,140.11,2024,4,April,Tuesday,529.86,140.11,389.75,73.56
TXN_5433,2024-04-23 04:00:00,CUST_333,Electronics,4,535.97,236.45,2024,4,April,Tuesday,2143.88,945.8,1198.08,55.88
TXN_5434,2024-04-23 04:30:00,CUST_338,Electronics,4,280.93,190.78,2024,4,April,Tuesday,1123.72,763.12,360.6,32.09
TXN_5435,2024-04-23 05:00:00,CUST_322,Apparel,4,517.72,94.79,2024,4,April,Tuesday,2070.88,379.16,1691.72,81.69
TXN_5439,2024-04-23 07:00:00,CUST_306,Apparel,3,396.33,254.88,2024,4,April,Tuesday,1188.99,764.64,424.35,35.69
TXN_5440,2024-04-23 07:30:00,CUST_194,Apparel,1,104.5,22.46,2024,4,April,Tuesday,104.5,22.46,82.04,78.51
TXN_5441,2024-04-23 08:00:00,CUST_472,Electronics,5,291.23,270.23,2024,4,April,Tuesday,1456.15,1351.15,105.0,7.21
TXN_5442,2024-04-23 08:30:00,CUST_321,Apparel,4,70.2,16.8,2024,4,April,Tuesday,280.8,67.2,213.6,76.07
TXN_5443,2024-04-23 09:00:00,CUST_465,Electronics,3,367.23,185.87,2024,4,April,Tuesday,1101.69,557.61,544.08,49.39
TXN_5445,2024-04-23 10:00:00,CUST_479,Apparel,3,446.52,268.82,2024,4,April,Tuesday,1339.56,806.46,533.1,39.8
TXN_5446,2024-04-23 10:30:00,CUST_330,Apparel,4,236.3,268.75,2024,4,April,Tuesday,945.2,1075.0,-129.8,-13.73
TXN_5447,2024-04-23 11:00:00,CUST_408,Unknown,2,596.37,151.93,2024,4,April,Tuesday,1192.74,303.86,888.88,74.52
TXN_5448,2024-04-23 11:30:00,CUST_218,Home Goods,1,402.82,32.57,2024,4,April,Tuesday,402.82,32.57,370.25,91.91
TXN_5449,2024-04-23 12:00:00,CUST_367,Electronics,4,491.92,245.79,2024,4,April,Tuesday,1967.68,983.16,984.52,50.03
TXN_5450,2024-04-23 12:30:00,CUST_372,Home Goods,5,406.77,183.74,2024,4,April,Tuesday,2033.85,918.7,1115.15,54.83
TXN_5451,2024-04-23 13:00:00,CUST_163,Electronics,1,593.81,123.24,2024,4,April,Tuesday,593.81,123.24,470.57,79.25
TXN_5452,2024-04-23 13:30:00,CUST_397,Unknown,3,495.5,89.86,2024,4,April,Tuesday,1486.5,269.58,1216.92,81.86
TXN_5454,2024-04-23 14:30:00,CUST_110,Electronics,5,229.62,110.35,2024,4,April,Tuesday,1148.1,551.75,596.35,51.94
TXN_5455,2024-04-23 15:00:00,CUST_197,Electronics,1,414.06,165.89,2024,4,April,Tuesday,414.06,165.89,248.17,59.94
TXN_5456,2024-04-23 15:30:00,CUST_170,Electronics,5,360.28,172.39,2024,4,April,Tuesday,1801.4,861.95,939.45,52.15
TXN_5457,2024-04-23 16:00:00,CUST_463,Apparel,3,383.17,208.13,2024,4,April,Tuesday,1149.51,624.39,525.12,45.68
TXN_5458,2024-04-23 16:30:00,CUST_157,Home Goods,4,215.66,133.24,2024,4,April,Tuesday,862.64,532.96,329.68,38.22
TXN_5460,2024-04-23 17:30:00,CUST_350,Apparel,5,341.49,178.6,2024,4,April,Tuesday,1707.45,893.0,814.45,47.7
TXN_5461,2024-04-23 18:00:00,CUST_375,Home Goods,4,505.98,154.07,2024,4,April,Tuesday,2023.92,616.28,1407.64,69.55
TXN_5463,2024-04-23 19:00:00,CUST_457,Electronics,3,84.41,213.67,2024,4,April,Tuesday,253.23,641.01,-387.78,-153.13
TXN_5465,2024-04-23 20:00:00,CUST_493,Electronics,3,30.59,208.32,2024,4,April,Tuesday,91.77,624.96,-533.19,-581.01
TXN_5466,2024-04-23 20:30:00,CUST_151,Electronics,5,19.66,311.78,2024,4,April,Tuesday,98.3,1558.9,-1460.6,-1485.86
TXN_5467,2024-04-23 21:00:00,CUST_370,Electronics,5,146.26,269.39,2024,4,April,Tuesday,731.3,1346.95,-615.65,-84.19
TXN_5468,2024-04-23 21:30:00,CUST_183,Electronics,3,482.6,304.92,2024,4,April,Tuesday,1447.8,914.76,533.04,36.82
TXN_5469,2024-04-23 22:00:00,CUST_486,Electronics,5,544.28,30.2,2024,4,April,Tuesday,2721.4,151.0,2570.4,94.45
TXN_5470,2024-04-23 22:30:00,CUST_392,Home Goods,5,244.18,118.16,2024,4,April,Tuesday,1220.9,590.8,630.1,51.61
TXN_5471,2024-04-23 23:00:00,CUST_225,Electronics,5,344.47,118.36,2024,4,April,Tuesday,1722.35,591.8,1130.55,65.64
TXN_5473,2024-04-24 00:00:00,CUST_171,Apparel,5,572.47,162.53,2024,4,April,Wednesday,2862.35,812.65,2049.7,71.61
TXN_5474,2024-04-24 00:30:00,CUST_395,Apparel,1,549.07,274.34,2024,4,April,Wednesday,549.07,274.34,274.73,50.04
TXN_5475,2024-04-24 01:00:00,CUST_335,Electronics,3,48.46,140.71,2024,4,April,Wednesday,145.38,422.13,-276.75,-190.36
TXN_5476,2024-04-24 01:30:00,CUST_155,Electronics,3,160.18,85.35,2024,4,April,Wednesday,480.54,256.05,224.49,46.72
TXN_5477,2024-04-24 02:00:00,CUST_459,Electronics,2,43.75,108.92,2024,4,April,Wednesday,87.5,217.84,-130.34,-148.96
TXN_5478,2024-04-24 02:30:00,CUST_494,Electronics,4,375.68,72.04,2024,4,April,Wednesday,1502.72,288.16,1214.56,80.82
TXN_5479,2024-04-24 03:00:00,CUST_209,Electronics,2,430.64,77.28,2024,4,April,Wednesday,861.28,154.56,706.72,82.05
TXN_5480,2024-04-24 03:30:00,CUST_291,Apparel,5,195.35,83.73,2024,4,April,Wednesday,976.75,418.65,558.1,57.14
TXN_5481,2024-04-24 04:00:00,CUST_491,Apparel,5,514.5,15.47,2024,4,April,Wednesday,2572.5,77.35,2495.15,96.99
TXN_5483,2024-04-24 05:00:00,CUST_449,Apparel,1,599.05,145.86,2024,4,April,Wednesday,599.05,145.86,453.19,75.65
TXN_5484,2024-04-24 05:30:00,CUST_155,Electronics,1,15.23,17.71,2024,4,April,Wednesday,15.23,17.71,-2.48,-16.28
TXN_5485,2024-04-24 06:00:00,CUST_159,Home Goods,1,79.05,135.8,2024,4,April,Wednesday,79.05,135.8,-56.75,-71.79
TXN_5486,2024-04-24 06:30:00,CUST_237,Electronics,1,191.55,317.83,2024,4,April,Wednesday,191.55,317.83,-126.28,-65.93
TXN_5487,2024-04-24 07:00:00,CUST_138,Apparel,1,29.92,183.82,2024,4,April,Wednesday,29.92,183.82,-153.9,-514.37
TXN_5488,2024-04-24 07:30:00,CUST_127,Home Goods,1,472.67,345.5,2024,4,April,Wednesday,472.67,345.5,127.17,26.9
TXN_5489,2024-04-24 08:00:00,CUST_148,Apparel,1,45.87,193.59,2024,4,April,Wednesday,45.87,193.59,-147.72,-322.04
TXN_5490,2024-04-24 08:30:00,CUST_224,Electronics,1,453.15,337.35,2024,4,April,Wednesday,453.15,337.35,115.8,25.55
TXN_5493,2024-04-24 10:00:00,CUST_200,Electronics,1,507.15,247.99,2024,4,April,Wednesday,507.15,247.99,259.16,51.1
TXN_5494,2024-04-24 10:30:00,CUST_381,Electronics,3,571.39,345.52,2024,4,April,Wednesday,1714.17,1036.56,677.61,39.53
TXN_5495,2024-04-24 11:00:00,CUST_185,Electronics,1,257.5,290.6,2024,4,April,Wednesday,257.5,290.6,-33.1,-12.85
TXN_5496,2024-04-24 11:30:00,CUST_103,Apparel,4,582.41,198.26,2024,4,April,Wednesday,2329.64,793.04,1536.6,65.96
TXN_5497,2024-04-24 12:00:00,CUST_322,Home Goods,1,381.73,38.95,2024,4,April,Wednesday,381.73,38.95,342.78,89.8
TXN_5500,2024-04-24 13:30:00,CUST_482,Unknown,5,187.77,115.84,2024,4,April,Wednesday,938.85,579.2,359.65,38.31
TXN_5503,2024-04-24 15:00:00,CUST_475,Electronics,5,243.44,294.67,2024,4,April,Wednesday,1217.2,1473.35,-256.15,-21.04
TXN_5504,2024-04-24 15:30:00,CUST_377,Electronics,1,94.51,61.13,2024,4,April,Wednesday,94.51,61.13,33.38,35.32
TXN_5507,2024-04-24 17:00:00,CUST_474,Home Goods,1,410.41,110.69,2024,4,April,Wednesday,410.41,110.69,299.72,73.03
TXN_5508,2024-04-24 17:30:00,CUST_110,Unknown,5,255.9,132.61,2024,4,April,Wednesday,1279.5,663.05,616.45,48.18
TXN_5509,2024-04-24 18:00:00,CUST_401,Apparel,4,539.29,93.07,2024,4,April,Wednesday,2157.16,372.28,1784.88,82.74
TXN_5510,2024-04-24 18:30:00,CUST_195,Electronics,2,255.35,330.48,2024,4,April,Wednesday,510.7,660.96,-150.26,-29.42
TXN_5511,2024-04-24 19:00:00,CUST_289,Electronics,3,430.52,152.83,2024,4,April,Wednesday,1291.56,458.49,833.07,64.5
TXN_5512,2024-04-24 19:30:00,CUST_291,Electronics,5,546.83,48.8,2024,4,April,Wednesday,2734.15,244.0,2490.15,91.08
TXN_5513,2024-04-24 20:00:00,CUST_365,Apparel,1,506.82,169.0,2024,4,April,Wednesday,506.82,169.0,337.82,66.65
TXN_5514,2024-04-24 20:30:00,CUST_227,Apparel,3,314.0,72.71,2024,4,April,Wednesday,942.0,218.13,723.87,76.84
TXN_5515,2024-04-24 21:00:00,CUST_337,Home Goods,1,413.17,83.48,2024,4,April,Wednesday,413.17,83.48,329.69,79.8
TXN_5516,2024-04-24 21:30:00,CUST_454,Apparel,2,256.99,106.91,2024,4,April,Wednesday,513.98,213.82,300.16,58.4
TXN_5517,2024-04-24 22:00:00,CUST_211,Home Goods,2,393.61,52.42,2024,4,April,Wednesday,787.22,104.84,682.38,86.68
TXN_5518,2024-04-24 22:30:00,CUST_415,Apparel,5,165.67,255.18,2024,4,April,Wednesday,828.35,1275.9,-447.55,-54.03
TXN_5519,2024-04-24 23:00:00,CUST_442,Home Goods,3,269.32,279.26,2024,4,April,Wednesday,807.96,837.78,-29.82,-3.69
TXN_5523,2024-04-25 01:00:00,CUST_322,Electronics,3,520.69,65.79,2024,4,April,Thursday,1562.07,197.37,1364.7,87.36
TXN_5525,2024-04-25 02:00:00,CUST_205,Home Goods,2,129.68,199.38,2024,4,April,Thursday,259.36,398.76,-139.4,-53.75
TXN_5526,2024-04-25 02:30:00,CUST_280,Electronics,1,284.21,23.94,2024,4,April,Thursday,284.21,23.94,260.27,91.58
TXN_5530,2024-04-25 04:30:00,CUST_377,Home Goods,5,318.64,44.94,2024,4,April,Thursday,1593.2,224.7,1368.5,85.9
TXN_5531,2024-04-25 05:00:00,CUST_496,Electronics,4,493.95,10.03,2024,4,April,Thursday,1975.8,40.12,1935.68,97.97
TXN_5532,2024-04-25 05:30:00,CUST_188,Apparel,2,35.61,34.91,2024,4,April,Thursday,71.22,69.82,1.4,1.97
TXN_5534,2024-04-25 06:30:00,CUST_117,Home Goods,2,403.16,270.29,2024,4,April,Thursday,806.32,540.58,265.74,32.96
TXN_5535,2024-04-25 07:00:00,CUST_470,Home Goods,5,91.48,294.05,2024,4,April,Thursday,457.4,1470.25,-1012.85,-221.44
TXN_5536,2024-04-25 07:30:00,CUST_498,Apparel,1,153.03,185.78,2024,4,April,Thursday,153.03,185.78,-32.75,-21.4
TXN_5537,2024-04-25 08:00:00,CUST_205,Electronics,3,328.26,189.08,2024,4,April,Thursday,984.78,567.24,417.54,42.4
TXN_5538,2024-04-25 08:30:00,CUST_370,Apparel,2,572.64,111.49,2024,4,April,Thursday,1145.28,222.98,922.3,80.53
TXN_5539,2024-04-25 09:00:00,CUST_418,Apparel,5,183.1,296.54,2024,4,April,Thursday,915.5,1482.7,-567.2,-61.96
TXN_5540,2024-04-25 09:30:00,CUST_266,Electronics,5,300.2,292.12,2024,4,April,Thursday,1501.0,1460.6,40.4,2.69
TXN_5541,2024-04-25 10:00:00,CUST_112,Electronics,5,248.96,143.34,2024,4,April,Thursday,1244.8,716.7,528.1,42.42
TXN_5545,2024-04-25 12:00:00,CUST_139,Electronics,3,509.98,302.38,2024,4,April,Thursday,1529.94,907.14,622.8,40.71
TXN_5547,2024-04-25 13:00:00,CUST_317,Home Goods,2,423.75,160.06,2024,4,April,Thursday,847.5,320.12,527.38,62.23
TXN_5549,2024-04-25 14:00:00,CUST_181,Apparel,5,255.92,229.55,2024,4,April,Thursday,1279.6,1147.75,131.85,10.3
TXN_5550,2024-04-25 14:30:00,CUST_432,Unknown,3,220.73,100.43,2024,4,April,Thursday,662.19,301.29,360.9,54.5
TXN_5552,2024-04-25 15:30:00,CUST_300,Electronics,1,447.55,345.35,2024,4,April,Thursday,447.55,345.35,102.2,22.84
TXN_5553,2024-04-25 16:00:00,CUST_431,Electronics,4,494.39,188.84,2024,4,April,Thursday,1977.56,755.36,1222.2,61.8
TXN_5554,2024-04-25 16:30:00,CUST_137,Electronics,2,258.71,200.87,2024,4,April,Thursday,517.42,401.74,115.68,22.36
TXN_5555,2024-04-25 17:00:00,CUST_310,Apparel,3,434.27,198.47,2024,4,April,Thursday,1302.81,595.41,707.4,54.3
TXN_5556,2024-04-25 17:30:00,CUST_426,Apparel,4,550.99,175.17,2024,4,April,Thursday,2203.96,700.68,1503.28,68.21
TXN_5557,2024-04-25 18:00:00,CUST_348,Apparel,4,553.68,331.36,2024,4,April,Thursday,2214.72,1325.44,889.28,40.15
TXN_5559,2024-04-25 19:00:00,CUST_147,Electronics,3,387.59,46.71,2024,4,April,Thursday,1162.77,140.13,1022.64,87.95
TXN_5562,2024-04-25 20:30:00,CUST_394,Apparel,3,87.32,264.71,2024,4,April,Thursday,261.96,794.13,-532.17,-203.15
TXN_5563,2024-04-25 21:00:00,CUST_295,Apparel,3,299.14,79.32,2024,4,April,Thursday,897.42,237.96,659.46,73.48
TXN_5564,2024-04-25 21:30:00,CUST_286,Electronics,5,108.27,336.46,2024,4,April,Thursday,541.35,1682.3,-1140.95,-210.76
TXN_5565,2024-04-25 22:00:00,CUST_444,Electronics,1,352.54,278.98,2024,4,April,Thursday,352.54,278.98,73.56,20.87
TXN_5567,2024-04-25 23:00:00,CUST_417,Electronics,5,322.49,333.33,2024,4,April,Thursday,1612.45,1666.65,-54.2,-3.36
TXN_5568,2024-04-25 23:30:00,CUST_496,Electronics,4,36.31,38.7,2024,4,April,Thursday,145.24,154.8,-9.56,-6.58
TXN_5569,2024-04-26 00:00:00,CUST_464,Electronics,4,48.77,157.35,2024,4,April,Friday,195.08,629.4,-434.32,-222.64
TXN_5570,2024-04-26 00:30:00,CUST_436,Electronics,4,81.3,230.35,2024,4,April,Friday,325.2,921.4,-596.2,-183.33
TXN_5571,2024-04-26 01:00:00,CUST_328,Electronics,3,104.88,282.84,2024,4,April,Friday,314.64,848.52,-533.88,-169.68
TXN_5572,2024-04-26 01:30:00,CUST_489,Apparel,2,594.08,92.1,2024,4,April,Friday,1188.16,184.2,1003.96,84.5
TXN_5573,2024-04-26 02:00:00,CUST_176,Electronics,5,216.53,320.97,2024,4,April,Friday,1082.65,1604.85,-522.2,-48.23
TXN_5574,2024-04-26 02:30:00,CUST_287,Apparel,2,185.8,85.13,2024,4,April,Friday,371.6,170.26,201.34,54.18
TXN_5576,2024-04-26 03:30:00,CUST_369,Apparel,1,386.66,184.32,2024,4,April,Friday,386.66,184.32,202.34,52.33
TXN_5577,2024-04-26 04:00:00,CUST_194,Unknown,1,396.53,185.24,2024,4,April,Friday,396.53,185.24,211.29,53.28
TXN_5578,2024-04-26 04:30:00,CUST_409,Electronics,5,117.64,137.16,2024,4,April,Friday,588.2,685.8,-97.6,-16.59
TXN_5579,2024-04-26 05:00:00,CUST_231,Apparel,4,552.76,45.19,2024,4,April,Friday,2211.04,180.76,2030.28,91.82
TXN_5582,2024-04-26 06:30:00,CUST_380,Electronics,1,299.22,172.87,2024,4,April,Friday,299.22,172.87,126.35,42.23
TXN_5583,2024-04-26 07:00:00,CUST_432,Electronics,2,283.16,261.29,2024,4,April,Friday,566.32,522.58,43.74,7.72
TXN_5584,2024-04-26 07:30:00,CUST_259,Electronics,2,218.88,129.7,2024,4,April,Friday,437.76,259.4,178.36,40.74
TXN_5586,2024-04-26 08:30:00,CUST_290,Apparel,3,78.92,318.07,2024,4,April,Friday,236.76,954.21,-717.45,-303.03
TXN_5587,2024-04-26 09:00:00,CUST_219,Electronics,4,257.96,265.87,2024,4,April,Friday,1031.84,1063.48,-31.64,-3.07
TXN_5588,2024-04-26 09:30:00,CUST_319,Apparel,3,265.4,17.77,2024,4,April,Friday,796.2,53.31,742.89,93.3
TXN_5589,2024-04-26 10:00:00,CUST_152,Apparel,5,289.2,286.11,2024,4,April,Friday,1446.0,1430.55,15.45,1.07
TXN_5590,2024-04-26 10:30:00,CUST_321,Apparel,1,518.89,346.58,2024,4,April,Friday,518.89,346.58,172.31,33.21
TXN_5594,2024-04-26 12:30:00,CUST_325,Apparel,3,116.69,104.59,2024,4,April,Friday,350.07,313.77,36.3,10.37
TXN_5595,2024-04-26 13:00:00,CUST_307,Electronics,3,58.84,232.51,2024,4,April,Friday,176.52,697.53,-521.01,-295.16
TXN_5596,2024-04-26 13:30:00,CUST_195,Apparel,5,264.59,246.5,2024,4,April,Friday,1322.95,1232.5,90.45,6.84
TXN_5597,2024-04-26 14:00:00,CUST_299,Unknown,2,143.49,105.73,2024,4,April,Friday,286.98,211.46,75.52,26.32
TXN_5598,2024-04-26 14:30:00,CUST_346,Home Goods,2,226.31,96.81,2024,4,April,Friday,452.62,193.62,259.0,57.22
TXN_5600,2024-04-26 15:30:00,CUST_417,Electronics,5,69.19,227.99,2024,4,April,Friday,345.95,1139.95,-794.0,-229.51
TXN_5602,2024-04-26 16:30:00,CUST_105,Apparel,2,30.81,198.93,2024,4,April,Friday,61.62,397.86,-336.24,-545.67
TXN_5603,2024-04-26 17:00:00,CUST_305,Electronics,5,580.33,315.74,2024,4,April,Friday,2901.65,1578.7,1322.95,45.59
TXN_5604,2024-04-26 17:30:00,CUST_131,Apparel,2,214.68,110.33,2024,4,April,Friday,429.36,220.66,208.7,48.61
TXN_5606,2024-04-26 18:30:00,CUST_493,Electronics,5,489.06,170.94,2024,4,April,Friday,2445.3,854.7,1590.6,65.05
TXN_5607,2024-04-26 19:00:00,CUST_486,Electronics,2,178.28,44.31,2024,4,April,Friday,356.56,88.62,267.94,75.15
TXN_5609,2024-04-26 20:00:00,CUST_286,Apparel,3,501.97,125.15,2024,4,April,Friday,1505.91,375.45,1130.46,75.07
TXN_5610,2024-04-26 20:30:00,CUST_175,Electronics,3,156.17,97.98,2024,4,April,Friday,468.51,293.94,174.57,37.26
TXN_5613,2024-04-26 22:00:00,CUST_386,Electronics,2,141.95,310.75,2024,4,April,Friday,283.9,621.5,-337.6,-118.92
TXN_5615,2024-04-26 23:00:00,CUST_354,Home Goods,5,128.57,158.06,2024,4,April,Friday,642.85,790.3,-147.45,-22.94
TXN_5616,2024-04-26 23:30:00,CUST_424,Apparel,3,423.48,101.99,2024,4,April,Friday,1270.44,305.97,964.47,75.92
TXN_5617,2024-04-27 00:00:00,CUST_289,Apparel,1,515.49,208.26,2024,4,April,Saturday,515.49,208.26,307.23,59.6
TXN_5619,2024-04-27 01:00:00,CUST_444,Home Goods,2,292.43,143.6,2024,4,April,Saturday,584.86,287.2,297.66,50.89
TXN_5620,2024-04-27 01:30:00,CUST_226,Home Goods,1,583.1,328.44,2024,4,April,Saturday,583.1,328.44,254.66,43.67
TXN_5621,2024-04-27 02:00:00,CUST_386,Apparel,1,255.8,227.58,2024,4,April,Saturday,255.8,227.58,28.22,11.03
TXN_5623,2024-04-27 03:00:00,CUST_312,Apparel,4,315.64,220.93,2024,4,April,Saturday,1262.56,883.72,378.84,30.01
TXN_5624,2024-04-27 03:30:00,CUST_349,Electronics,1,395.15,117.62,2024,4,April,Saturday,395.15,117.62,277.53,70.23
TXN_5625,2024-04-27 04:00:00,CUST_183,Apparel,1,282.91,260.45,2024,4,April,Saturday,282.91,260.45,22.46,7.94
TXN_5627,2024-04-27 05:00:00,CUST_487,Electronics,4,258.6,212.85,2024,4,April,Saturday,1034.4,851.4,183.0,17.69
TXN_5628,2024-04-27 05:30:00,CUST_112,Electronics,4,321.99,146.8,2024,4,April,Saturday,1287.96,587.2,700.76,54.41
TXN_5629,2024-04-27 06:00:00,CUST_144,Apparel,4,572.27,60.96,2024,4,April,Saturday,2289.08,243.84,2045.24,89.35
TXN_5631,2024-04-27 07:00:00,CUST_213,Apparel,5,163.11,115.5,2024,4,April,Saturday,815.55,577.5,238.05,29.19
TXN_5632,2024-04-27 07:30:00,CUST_375,Apparel,4,458.87,48.16,2024,4,April,Saturday,1835.48,192.64,1642.84,89.5
TXN_5634,2024-04-27 08:30:00,CUST_436,Apparel,5,492.48,179.52,2024,4,April,Saturday,2462.4,897.6,1564.8,63.55
TXN_5635,2024-04-27 09:00:00,CUST_484,Apparel,2,48.25,127.76,2024,4,April,Saturday,96.5,255.52,-159.02,-164.79
TXN_5636,2024-04-27 09:30:00,CUST_498,Apparel,5,209.32,181.69,2024,4,April,Saturday,1046.6,908.45,138.15,13.2
TXN_5637,2024-04-27 10:00:00,CUST_372,Electronics,2,70.2,266.56,2024,4,April,Saturday,140.4,533.12,-392.72,-279.72
TXN_5638,2024-04-27 10:30:00,CUST_157,Apparel,4,64.91,16.22,2024,4,April,Saturday,259.64,64.88,194.76,75.01
TXN_5639,2024-04-27 11:00:00,CUST_427,Electronics,4,400.16,195.9,2024,4,April,Saturday,1600.64,783.6,817.04,51.04
TXN_5640,2024-04-27 11:30:00,CUST_318,Electronics,2,240.42,172.91,2024,4,April,Saturday,480.84,345.82,135.02,28.08
TXN_5641,2024-04-27 12:00:00,CUST_208,Unknown,3,524.82,313.64,2024,4,April,Saturday,1574.46,940.92,633.54,40.24
TXN_5643,2024-04-27 13:00:00,CUST_273,Electronics,5,187.78,56.69,2024,4,April,Saturday,938.9,283.45,655.45,69.81
TXN_5646,2024-04-27 14:30:00,CUST_414,Apparel,1,482.76,25.62,2024,4,April,Saturday,482.76,25.62,457.14,94.69
TXN_5647,2024-04-27 15:00:00,CUST_210,Apparel,4,391.5,310.78,2024,4,April,Saturday,1566.0,1243.12,322.88,20.62
TXN_5648,2024-04-27 15:30:00,CUST_286,Home Goods,5,112.7,33.05,2024,4,April,Saturday,563.5,165.25,398.25,70.67
TXN_5650,2024-04-27 16:30:00,CUST_328,Electronics,5,244.06,10.69,2024,4,April,Saturday,1220.3,53.45,1166.85,95.62
TXN_5652,2024-04-27 17:30:00,CUST_288,Home Goods,4,554.12,165.01,2024,4,April,Saturday,2216.48,660.04,1556.44,70.22
TXN_5654,2024-04-27 18:30:00,CUST_474,Electronics,2,373.0,301.11,2024,4,April,Saturday,746.0,602.22,143.78,19.27
TXN_5655,2024-04-27 19:00:00,CUST_101,Apparel,4,227.64,78.92,2024,4,April,Saturday,910.56,315.68,594.88,65.33
TXN_5656,2024-04-27 19:30:00,CUST_345,Apparel,5,70.42,120.95,2024,4,April,Saturday,352.1,604.75,-252.65,-71.76
TXN_5658,2024-04-27 20:30:00,CUST_385,Apparel,3,364.28,325.1,2024,4,April,Saturday,1092.84,975.3,117.54,10.76
TXN_5660,2024-04-27 21:30:00,CUST_112,Apparel,2,243.54,256.14,2024,4,April,Saturday,487.08,512.28,-25.2,-5.17
TXN_5661,2024-04-27 22:00:00,CUST_195,Apparel,4,494.92,24.96,2024,4,April,Saturday,1979.68,99.84,1879.84,94.96
TXN_5662,2024-04-27 22:30:00,CUST_320,Home Goods,1,32.37,187.72,2024,4,April,Saturday,32.37,187.72,-155.35,-479.92
TXN_5665,2024-04-28 00:00:00,CUST_437,Apparel,4,553.51,119.4,2024,4,April,Sunday,2214.04,477.6,1736.44,78.43
TXN_5667,2024-04-28 01:00:00,CUST_270,Apparel,5,534.94,17.83,2024,4,April,Sunday,2674.7,89.15,2585.55,96.67
TXN_5668,2024-04-28 01:30:00,CUST_193,Electronics,5,131.37,222.62,2024,4,April,Sunday,656.85,1113.1,-456.25,-69.46
TXN_5669,2024-04-28 02:00:00,CUST_248,Unknown,1,144.53,144.04,2024,4,April,Sunday,144.53,144.04,0.49,0.34
TXN_5670,2024-04-28 02:30:00,CUST_211,Home Goods,2,510.02,236.42,2024,4,April,Sunday,1020.04,472.84,547.2,53.64
TXN_5671,2024-04-28 03:00:00,CUST_154,Electronics,5,543.41,77.29,2024,4,April,Sunday,2717.05,386.45,2330.6,85.78
TXN_5672,2024-04-28 03:30:00,CUST_436,Electronics,2,145.34,91.14,2024,4,April,Sunday,290.68,182.28,108.4,37.29
TXN_5673,2024-04-28 04:00:00,CUST_215,Electronics,2,49.7,209.53,2024,4,April,Sunday,99.4,419.06,-319.66,-321.59
TXN_5674,2024-04-28 04:30:00,CUST_242,Electronics,4,67.84,343.18,2024,4,April,Sunday,271.36,1372.72,-1101.36,-405.87
TXN_5675,2024-04-28 05:00:00,CUST_300,Electronics,2,167.91,341.39,2024,4,April,Sunday,335.82,682.78,-346.96,-103.32
TXN_5677,2024-04-28 06:00:00,CUST_301,Apparel,5,313.35,44.8,2024,4,April,Sunday,1566.75,224.0,1342.75,85.7
TXN_5678,2024-04-28 06:30:00,CUST_463,Electronics,5,281.52,210.72,2024,4,April,Sunday,1407.6,1053.6,354.0,25.15
TXN_5679,2024-04-28 07:00:00,CUST_152,Home Goods,3,356.72,152.79,2024,4,April,Sunday,1070.16,458.37,611.79,57.17
TXN_5681,2024-04-28 08:00:00,CUST_279,Apparel,2,67.9,189.51,2024,4,April,Sunday,135.8,379.02,-243.22,-179.1
TXN_5682,2024-04-28 08:30:00,CUST_412,Home Goods,3,421.41,183.6,2024,4,April,Sunday,1264.23,550.8,713.43,56.43
TXN_5683,2024-04-28 09:00:00,CUST_407,Electronics,4,557.17,229.8,2024,4,April,Sunday,2228.68,919.2,1309.48,58.76
TXN_5684,2024-04-28 09:30:00,CUST_236,Electronics,3,139.81,52.98,2024,4,April,Sunday,419.43,158.94,260.49,62.11
TXN_5686,2024-04-28 10:30:00,CUST_466,Apparel,2,423.34,176.1,2024,4,April,Sunday,846.68,352.2,494.48,58.4
TXN_5688,2024-04-28 11:30:00,CUST_143,Home Goods,5,150.49,57.16,2024,4,April,Sunday,752.45,285.8,466.65,62.02
TXN_5689,2024-04-28 12:00:00,CUST_326,Unknown,4,369.42,112.25,2024,4,April,Sunday,1477.68,449.0,1028.68,69.61
TXN_5690,2024-04-28 12:30:00,CUST_430,Apparel,2,308.9,333.08,2024,4,April,Sunday,617.8,666.16,-48.36,-7.83
TXN_5691,2024-04-28 13:00:00,CUST_197,Home Goods,4,323.84,198.04,2024,4,April,Sunday,1295.36,792.16,503.2,38.85
TXN_5692,2024-04-28 13:30:00,CUST_307,Electronics,1,150.68,325.96,2024,4,April,Sunday,150.68,325.96,-175.28,-116.33
TXN_5693,2024-04-28 14:00:00,CUST_364,Electronics,2,409.88,244.27,2024,4,April,Sunday,819.76,488.54,331.22,40.4
TXN_5694,2024-04-28 14:30:00,CUST_387,Apparel,1,170.85,324.99,2024,4,April,Sunday,170.85,324.99,-154.14,-90.22
TXN_5695,2024-04-28 15:00:00,CUST_370,Apparel,3,242.82,118.06,2024,4,April,Sunday,728.46,354.18,374.28,51.38
TXN_5696,2024-04-28 15:30:00,CUST_239,Apparel,2,230.82,40.78,2024,4,April,Sunday,461.64,81.56,380.08,82.33
TXN_5697,2024-04-28 16:00:00,CUST_336,Electronics,1,408.13,282.76,2024,4,April,Sunday,408.13,282.76,125.37,30.72
TXN_5699,2024-04-28 17:00:00,CUST_171,Electronics,5,135.24,220.4,2024,4,April,Sunday,676.2,1102.0,-425.8,-62.97
TXN_5700,2024-04-28 17:30:00,CUST_254,Apparel,3,132.29,207.05,2024,4,April,Sunday,396.87,621.15,-224.28,-56.51
TXN_5701,2024-04-28 18:00:00,CUST_289,Electronics,2,78.43,321.07,2024,4,April,Sunday,156.86,642.14,-485.28,-309.37
TXN_5702,2024-04-28 18:30:00,CUST_367,Electronics,2,136.44,70.01,2024,4,April,Sunday,272.88,140.02,132.86,48.69
TXN_5703,2024-04-28 19:00:00,CUST_420,Electronics,5,370.13,219.62,2024,4,April,Sunday,1850.65,1098.1,752.55,40.66
TXN_5704,2024-04-28 19:30:00,CUST_206,Electronics,5,443.32,26.92,2024,4,April,Sunday,2216.6,134.6,2082.0,93.93
TXN_5706,2024-04-28 20:30:00,CUST_141,Electronics,1,292.99,158.67,2024,4,April,Sunday,292.99,158.67,134.32,45.84
TXN_5707,2024-04-28 21:00:00,CUST_289,Electronics,1,45.67,289.21,2024,4,April,Sunday,45.67,289.21,-243.54,-533.26
TXN_5708,2024-04-28 21:30:00,CUST_470,Apparel,1,576.02,259.27,2024,4,April,Sunday,576.02,259.27,316.75,54.99
TXN_5710,2024-04-28 22:30:00,CUST_202,Electronics,4,406.03,25.25,2024,4,April,Sunday,1624.12,101.0,1523.12,93.78
TXN_5711,2024-04-28 23:00:00,CUST_270,Electronics,3,549.04,139.66,2024,4,April,Sunday,1647.12,418.98,1228.14,74.56
TXN_5712,2024-04-28 23:30:00,CUST_450,Unknown,2,423.2,63.99,2024,4,April,Sunday,846.4,127.98,718.42,84.88
TXN_5713,2024-04-29 00:00:00,CUST_372,Apparel,3,142.56,22.57,2024,4,April,Monday,427.68,67.71,359.97,84.17
TXN_5714,2024-04-29 00:30:00,CUST_320,Electronics,5,199.74,99.9,2024,4,April,Monday,998.7,499.5,499.2,49.98
TXN_5716,2024-04-29 01:30:00,CUST_440,Electronics,3,373.46,152.81,2024,4,April,Monday,1120.38,458.43,661.95,59.08
TXN_5717,2024-04-29 02:00:00,CUST_155,Electronics,3,373.6,57.63,2024,4,April,Monday,1120.8,172.89,947.91,84.57
TXN_5718,2024-04-29 02:30:00,CUST_489,Apparel,1,439.42,176.11,2024,4,April,Monday,439.42,176.11,263.31,59.92
TXN_5719,2024-04-29 03:00:00,CUST_441,Home Goods,5,21.43,322.83,2024,4,April,Monday,107.15,1614.15,-1507.0,-1406.44
TXN_5720,2024-04-29 03:30:00,CUST_201,Electronics,3,493.44,264.38,2024,4,April,Monday,1480.32,793.14,687.18,46.42
TXN_5721,2024-04-29 04:00:00,CUST_291,Home Goods,2,447.15,296.34,2024,4,April,Monday,894.3,592.68,301.62,33.73
TXN_5722,2024-04-29 04:30:00,CUST_409,Electronics,1,97.42,283.61,2024,4,April,Monday,97.42,283.61,-186.19,-191.12
TXN_5724,2024-04-29 05:30:00,CUST_332,Electronics,3,388.54,251.05,2024,4,April,Monday,1165.62,753.15,412.47,35.39
TXN_5725,2024-04-29 06:00:00,CUST_326,Electronics,5,305.04,266.45,2024,4,April,Monday,1525.2,1332.25,192.95,12.65
TXN_5727,2024-04-29 07:00:00,CUST_238,Apparel,2,66.1,302.49,2024,4,April,Monday,132.2,604.98,-472.78,-357.62
TXN_5729,2024-04-29 08:00:00,CUST_404,Unknown,5,106.24,15.56,2024,4,April,Monday,531.2,77.8,453.4,85.35
TXN_5730,2024-04-29 08:30:00,CUST_248,Home Goods,5,115.67,228.75,2024,4,April,Monday,578.35,1143.75,-565.4,-97.76
TXN_5731,2024-04-29 09:00:00,CUST_214,Home Goods,5,501.09,240.1,2024,4,April,Monday,2505.45,1200.5,1304.95,52.08
TXN_5733,2024-04-29 10:00:00,CUST_203,Electronics,4,368.76,82.22,2024,4,April,Monday,1475.04,328.88,1146.16,77.7
TXN_5734,2024-04-29 10:30:00,CUST_438,Home Goods,2,295.42,173.97,2024,4,April,Monday,590.84,347.94,242.9,41.11
TXN_5735,2024-04-29 11:00:00,CUST_458,Apparel,5,347.86,146.04,2024,4,April,Monday,1739.3,730.2,1009.1,58.02
TXN_5736,2024-04-29 11:30:00,CUST_255,Home Goods,4,367.04,341.39,2024,4,April,Monday,1468.16,1365.56,102.6,6.99
TXN_5737,2024-04-29 12:00:00,CUST_372,Home Goods,1,581.18,290.39,2024,4,April,Monday,581.18,290.39,290.79,50.03
TXN_5738,2024-04-29 12:30:00,CUST_105,Electronics,4,145.44,269.05,2024,4,April,Monday,581.76,1076.2,-494.44,-84.99
TXN_5739,2024-04-29 13:00:00,CUST_246,Home Goods,1,140.52,71.57,2024,4,April,Monday,140.52,71.57,68.95,49.07
TXN_5743,2024-04-29 15:00:00,CUST_218,Home Goods,4,80.07,20.28,2024,4,April,Monday,320.28,81.12,239.16,74.67
TXN_5745,2024-04-29 16:00:00,CUST_470,Apparel,5,119.52,131.67,2024,4,April,Monday,597.6,658.35,-60.75,-10.17
TXN_5746,2024-04-29 16:30:00,CUST_343,Electronics,4,208.92,200.97,2024,4,April,Monday,835.68,803.88,31.8,3.81
TXN_5747,2024-04-29 17:00:00,CUST_167,Unknown,4,571.49,13.05,2024,4,April,Monday,2285.96,52.2,2233.76,97.72
TXN_5748,2024-04-29 17:30:00,CUST_313,Electronics,5,414.74,119.29,2024,4,April,Monday,2073.7,596.45,1477.25,71.24
TXN_5749,2024-04-29 18:00:00,CUST_317,Home Goods,1,19.43,271.35,2024,4,April,Monday,19.43,271.35,-251.92,-1296.55
TXN_5750,2024-04-29 18:30:00,CUST_276,Home Goods,5,162.72,180.37,2024,4,April,Monday,813.6,901.85,-88.25,-10.85
TXN_5751,2024-04-29 19:00:00,CUST_398,Apparel,2,21.06,278.22,2024,4,April,Monday,42.12,556.44,-514.32,-1221.08
TXN_5754,2024-04-29 20:30:00,CUST_368,Home Goods,4,596.5,12.53,2024,4,April,Monday,2386.0,50.12,2335.88,97.9
TXN_5755,2024-04-29 21:00:00,CUST_407,Home Goods,2,444.15,98.85,2024,4,April,Monday,888.3,197.7,690.6,77.74
TXN_5756,2024-04-29 21:30:00,CUST_157,Electronics,5,317.98,196.59,2024,4,April,Monday,1589.9,982.95,606.95,38.18
TXN_5759,2024-04-29 23:00:00,CUST_327,Apparel,5,157.61,165.24,2024,4,April,Monday,788.05,826.2,-38.15,-4.84
TXN_5760,2024-04-29 23:30:00,CUST_346,Home Goods,3,325.2,54.25,2024,4,April,Monday,975.6,162.75,812.85,83.32
TXN_5761,2024-04-30 00:00:00,CUST_287,Electronics,2,340.26,177.69,2024,4,April,Tuesday,680.52,355.38,325.14,47.78
TXN_5763,2024-04-30 01:00:00,CUST_285,Apparel,3,119.83,274.67,2024,4,April,Tuesday,359.49,824.01,-464.52,-129.22
TXN_5764,2024-04-30 01:30:00,CUST_351,Home Goods,2,145.67,150.54,2024,4,April,Tuesday,291.34,301.08,-9.74,-3.34
TXN_5766,2024-04-30 02:30:00,CUST_337,Apparel,3,21.0,40.5,2024,4,April,Tuesday,63.0,121.5,-58.5,-92.86
TXN_5767,2024-04-30 03:00:00,CUST_459,Home Goods,3,551.41,25.81,2024,4,April,Tuesday,1654.23,77.43,1576.8,95.32
TXN_5768,2024-04-30 03:30:00,CUST_283,Electronics,2,416.37,159.31,2024,4,April,Tuesday,832.74,318.62,514.12,61.74
TXN_5769,2024-04-30 04:00:00,CUST_383,Electronics,5,418.43,127.93,2024,4,April,Tuesday,2092.15,639.65,1452.5,69.43
TXN_5770,2024-04-30 04:30:00,CUST_484,Unknown,1,349.81,198.81,2024,4,April,Tuesday,349.81,198.81,151.0,43.17
TXN_5771,2024-04-30 05:00:00,CUST_309,Electronics,5,418.25,252.06,2024,4,April,Tuesday,2091.25,1260.3,830.95,39.73
TXN_5772,2024-04-30 05:30:00,CUST_403,Unknown,1,589.39,23.6,2024,4,April,Tuesday,589.39,23.6,565.79,96.0
TXN_5773,2024-04-30 06:00:00,CUST_395,Electronics,2,240.32,178.71,2024,4,April,Tuesday,480.64,357.42,123.22,25.64
TXN_5774,2024-04-30 06:30:00,CUST_196,Electronics,4,431.83,303.07,2024,4,April,Tuesday,1727.32,1212.28,515.04,29.82
TXN_5775,2024-04-30 07:00:00,CUST_307,Home Goods,5,225.32,164.76,2024,4,April,Tuesday,1126.6,823.8,302.8,26.88
TXN_5776,2024-04-30 07:30:00,CUST_469,Apparel,3,514.76,187.22,2024,4,April,Tuesday,1544.28,561.66,982.62,63.63
TXN_5777,2024-04-30 08:00:00,CUST_487,Apparel,5,516.95,175.51,2024,4,April,Tuesday,2584.75,877.55,1707.2,66.05
TXN_5778,2024-04-30 08:30:00,CUST_236,Apparel,2,542.83,142.53,2024,4,April,Tuesday,1085.66,285.06,800.6,73.74
TXN_5779,2024-04-30 09:00:00,CUST_466,Home Goods,4,18.2,47.44,2024,4,April,Tuesday,72.8,189.76,-116.96,-160.66
TXN_5780,2024-04-30 09:30:00,CUST_499,Electronics,4,189.44,52.96,2024,4,April,Tuesday,757.76,211.84,545.92,72.04
TXN_5781,2024-04-30 10:00:00,CUST_283,Apparel,5,93.35,70.89,2024,4,April,Tuesday,466.75,354.45,112.3,24.06
TXN_5782,2024-04-30 10:30:00,CUST_175,Electronics,5,280.58,279.47,2024,4,April,Tuesday,1402.9,1397.35,5.55,0.4
TXN_5784,2024-04-30 11:30:00,CUST_474,Electronics,5,164.7,332.36,2024,4,April,Tuesday,823.5,1661.8,-838.3,-101.8
TXN_5785,2024-04-30 12:00:00,CUST_241,Electronics,2,438.22,285.46,2024,4,April,Tuesday,876.44,570.92,305.52,34.86
TXN_5786,2024-04-30 12:30:00,CUST_336,Apparel,1,172.82,242.74,2024,4,April,Tuesday,172.82,242.74,-69.92,-40.46
TXN_5788,2024-04-30 13:30:00,CUST_389,Electronics,1,118.93,26.19,2024,4,April,Tuesday,118.93,26.19,92.74,77.98
TXN_5789,2024-04-30 14:00:00,CUST_166,Apparel,3,229.83,203.25,2024,4,April,Tuesday,689.49,609.75,79.74,11.57
TXN_5791,2024-04-30 15:00:00,CUST_217,Home Goods,2,369.12,23.3,2024,4,April,Tuesday,738.24,46.6,691.64,93.69
TXN_5793,2024-04-30 16:00:00,CUST_381,Electronics,4,510.06,27.51,2024,4,April,Tuesday,2040.24,110.04,1930.2,94.61
TXN_5795,2024-04-30 17:00:00,CUST_109,Electronics,3,523.87,49.51,2024,4,April,Tuesday,1571.61,148.53,1423.08,90.55
TXN_5796,2024-04-30 17:30:00,CUST_310,Home Goods,4,522.57,172.95,2024,4,April,Tuesday,2090.28,691.8,1398.48,66.9
TXN_5798,2024-04-30 18:30:00,CUST_251,Apparel,4,547.81,65.91,2024,4,April,Tuesday,2191.24,263.64,1927.6,87.97
TXN_5799,2024-04-30 19:00:00,CUST_104,Apparel,5,511.32,266.82,2024,4,April,Tuesday,2556.6,1334.1,1222.5,47.82
TXN_5800,2024-04-30 19:30:00,CUST_294,Electronics,4,575.5,30.47,2024,4,April,Tuesday,2302.0,121.88,2180.12,94.71
TXN_5802,2024-04-30 20:30:00,CUST_212,Home Goods,4,495.4,105.24,2024,4,April,Tuesday,1981.6,420.96,1560.64,78.76
TXN_5803,2024-04-30 21:00:00,CUST_370,Electronics,2,289.58,280.67,2024,4,April,Tuesday,579.16,561.34,17.82,3.08
TXN_5804,2024-04-30 21:30:00,CUST_262,Electronics,5,139.04,299.05,2024,4,April,Tuesday,695.2,1495.25,-800.05,-115.08
TXN_5805,2024-04-30 22:00:00,CUST_204,Apparel,5,547.76,84.93,2024,4,April,Tuesday,2738.8,424.65,2314.15,84.5
TXN_5806,2024-04-30 22:30:00,CUST_280,Apparel,3,437.69,42.57,2024,4,April,Tuesday,1313.07,127.71,1185.36,90.27
TXN_5807,2024-04-30 23:00:00,CUST_143,Electronics,5,179.82,298.3,2024,4,April,Tuesday,899.1,1491.5,-592.4,-65.89
TXN_5808,2024-04-30 23:30:00,CUST_381,Home Goods,1,214.48,230.78,2024,4,April,Tuesday,214.48,230.78,-16.3,-7.6
TXN_5809,2024-05-01 00:00:00,CUST_274,Electronics,2,416.36,63.67,2024,5,May,Wednesday,832.72,127.34,705.38,84.71
TXN_5810,2024-05-01 00:30:00,CUST_261,Electronics,3,294.52,199.62,2024,5,May,Wednesday,883.56,598.86,284.7,32.22
TXN_5811,2024-05-01 01:00:00,CUST_450,Apparel,1,62.67,306.61,2024,5,May,Wednesday,62.67,306.61,-243.94,-389.25
TXN_5812,2024-05-01 01:30:00,CUST_439,Electronics,4,97.75,33.64,2024,5,May,Wednesday,391.0,134.56,256.44,65.59
TXN_5814,2024-05-01 02:30:00,CUST_231,Electronics,1,207.21,103.03,2024,5,May,Wednesday,207.21,103.03,104.18,50.28
TXN_5815,2024-05-01 03:00:00,CUST_186,Electronics,3,311.97,231.77,2024,5,May,Wednesday,935.91,695.31,240.6,25.71
TXN_5816,2024-05-01 03:30:00,CUST_275,Electronics,5,463.47,70.52,2024,5,May,Wednesday,2317.35,352.6,1964.75,84.78
TXN_5817,2024-05-01 04:00:00,CUST_282,Home Goods,2,454.44,287.56,2024,5,May,Wednesday,908.88,575.12,333.76,36.72
TXN_5819,2024-05-01 05:00:00,CUST_228,Home Goods,3,72.56,200.74,2024,5,May,Wednesday,217.68,602.22,-384.54,-176.65
TXN_5820,2024-05-01 05:30:00,CUST_345,Electronics,1,360.82,49.46,2024,5,May,Wednesday,360.82,49.46,311.36,86.29
TXN_5822,2024-05-01 06:30:00,CUST_165,Apparel,1,102.19,176.61,2024,5,May,Wednesday,102.19,176.61,-74.42,-72.83
TXN_5823,2024-05-01 07:00:00,CUST_257,Home Goods,3,232.59,163.7,2024,5,May,Wednesday,697.77,491.1,206.67,29.62
TXN_5827,2024-05-01 09:00:00,CUST_439,Apparel,3,61.52,152.39,2024,5,May,Wednesday,184.56,457.17,-272.61,-147.71
TXN_5829,2024-05-01 10:00:00,CUST_313,Home Goods,3,151.29,325.01,2024,5,May,Wednesday,453.87,975.03,-521.16,-114.83
TXN_5830,2024-05-01 10:30:00,CUST_471,Electronics,5,154.79,296.88,2024,5,May,Wednesday,773.95,1484.4,-710.45,-91.8
TXN_5832,2024-05-01 11:30:00,CUST_352,Apparel,3,356.19,266.13,2024,5,May,Wednesday,1068.57,798.39,270.18,25.28
TXN_5833,2024-05-01 12:00:00,CUST_242,Electronics,4,86.67,269.33,2024,5,May,Wednesday,346.68,1077.32,-730.64,-210.75
TXN_5834,2024-05-01 12:30:00,CUST_349,Electronics,2,535.27,87.49,2024,5,May,Wednesday,1070.54,174.98,895.56,83.65
TXN_5835,2024-05-01 13:00:00,CUST_465,Home Goods,2,377.68,218.64,2024,5,May,Wednesday,755.36,437.28,318.08,42.11
TXN_5836,2024-05-01 13:30:00,CUST_401,Apparel,4,364.39,96.71,2024,5,May,Wednesday,1457.56,386.84,1070.72,73.46
TXN_5837,2024-05-01 14:00:00,CUST_124,Home Goods,1,592.56,278.56,2024,5,May,Wednesday,592.56,278.56,314.0,52.99
TXN_5838,2024-05-01 14:30:00,CUST_376,Home Goods,1,382.46,62.3,2024,5,May,Wednesday,382.46,62.3,320.16,83.71
TXN_5839,2024-05-01 15:00:00,CUST_476,Electronics,1,558.44,237.43,2024,5,May,Wednesday,558.44,237.43,321.01,57.48
TXN_5841,2024-05-01 16:00:00,CUST_488,Electronics,1,155.48,22.3,2024,5,May,Wednesday,155.48,22.3,133.18,85.66
TXN_5842,2024-05-01 16:30:00,CUST_169,Home Goods,5,317.16,52.06,2024,5,May,Wednesday,1585.8,260.3,1325.5,83.59
TXN_5843,2024-05-01 17:00:00,CUST_212,Apparel,4,312.54,232.67,2024,5,May,Wednesday,1250.16,930.68,319.48,25.56
TXN_5844,2024-05-01 17:30:00,CUST_462,Electronics,2,147.49,91.57,2024,5,May,Wednesday,294.98,183.14,111.84,37.91
TXN_5845,2024-05-01 18:00:00,CUST_211,Electronics,4,424.3,224.55,2024,5,May,Wednesday,1697.2,898.2,799.0,47.08
TXN_5846,2024-05-01 18:30:00,CUST_463,Apparel,2,32.34,151.04,2024,5,May,Wednesday,64.68,302.08,-237.4,-367.04
TXN_5847,2024-05-01 19:00:00,CUST_402,Electronics,1,419.02,245.52,2024,5,May,Wednesday,419.02,245.52,173.5,41.41
TXN_5848,2024-05-01 19:30:00,CUST_190,Electronics,5,282.45,177.6,2024,5,May,Wednesday,1412.25,888.0,524.25,37.12
TXN_5849,2024-05-01 20:00:00,CUST_117,Home Goods,3,418.07,114.91,2024,5,May,Wednesday,1254.21,344.73,909.48,72.51
TXN_5850,2024-05-01 20:30:00,CUST_248,Home Goods,3,294.09,59.58,2024,5,May,Wednesday,882.27,178.74,703.53,79.74
TXN_5852,2024-05-01 21:30:00,CUST_313,Apparel,1,210.79,225.86,2024,5,May,Wednesday,210.79,225.86,-15.07,-7.15
TXN_5853,2024-05-01 22:00:00,CUST_459,Home Goods,1,589.81,261.76,2024,5,May,Wednesday,589.81,261.76,328.05,55.62
TXN_5854,2024-05-01 22:30:00,CUST_250,Electronics,4,53.01,64.52,2024,5,May,Wednesday,212.04,258.08,-46.04,-21.71
TXN_5855,2024-05-01 23:00:00,CUST_291,Home Goods,5,415.0,235.85,2024,5,May,Wednesday,2075.0,1179.25,895.75,43.17
TXN_5856,2024-05-01 23:30:00,CUST_139,Electronics,5,280.72,70.96,2024,5,May,Wednesday,1403.6,354.8,1048.8,74.72
TXN_5857,2024-05-02 00:00:00,CUST_341,Apparel,4,495.95,85.42,2024,5,May,Thursday,1983.8,341.68,1642.12,82.78
TXN_5858,2024-05-02 00:30:00,CUST_237,Apparel,5,476.93,190.65,2024,5,May,Thursday,2384.65,953.25,1431.4,60.03
TXN_5861,2024-05-02 02:00:00,CUST_299,Electronics,5,496.08,334.96,2024,5,May,Thursday,2480.4,1674.8,805.6,32.48
TXN_5863,2024-05-02 03:00:00,CUST_160,Apparel,3,30.02,203.97,2024,5,May,Thursday,90.06,611.91,-521.85,-579.45
TXN_5864,2024-05-02 03:30:00,CUST_291,Home Goods,5,142.38,323.92,2024,5,May,Thursday,711.9,1619.6,-907.7,-127.5
TXN_5866,2024-05-02 04:30:00,CUST_477,Home Goods,1,449.14,134.73,2024,5,May,Thursday,449.14,134.73,314.41,70.0
TXN_5867,2024-05-02 05:00:00,CUST_336,Electronics,3,142.9,52.03,2024,5,May,Thursday,428.7,156.09,272.61,63.59
TXN_5868,2024-05-02 05:30:00,CUST_280,Electronics,1,81.11,228.29,2024,5,May,Thursday,81.11,228.29,-147.18,-181.46
TXN_5869,2024-05-02 06:00:00,CUST_410,Home Goods,1,392.89,237.51,2024,5,May,Thursday,392.89,237.51,155.38,39.55
TXN_5872,2024-05-02 07:30:00,CUST_336,Electronics,4,419.27,263.73,2024,5,May,Thursday,1677.08,1054.92,622.16,37.1
TXN_5874,2024-05-02 08:30:00,CUST_448,Apparel,5,472.67,335.55,2024,5,May,Thursday,2363.35,1677.75,685.6,29.01
TXN_5875,2024-05-02 09:00:00,CUST_296,Apparel,5,585.85,85.51,2024,5,May,Thursday,2929.25,427.55,2501.7,85.4
TXN_5876,2024-05-02 09:30:00,CUST_172,Apparel,5,333.32,51.33,2024,5,May,Thursday,1666.6,256.65,1409.95,84.6
TXN_5877,2024-05-02 10:00:00,CUST_158,Apparel,5,258.82,329.99,2024,5,May,Thursday,1294.1,1649.95,-355.85,-27.5
TXN_5879,2024-05-02 11:00:00,CUST_101,Apparel,3,582.29,270.06,2024,5,May,Thursday,1746.87,810.18,936.69,53.62
TXN_5880,2024-05-02 11:30:00,CUST_459,Unknown,2,90.57,45.61,2024,5,May,Thursday,181.14,91.22,89.92,49.64
TXN_5881,2024-05-02 12:00:00,CUST_287,Home Goods,1,353.23,284.56,2024,5,May,Thursday,353.23,284.56,68.67,19.44
TXN_5884,2024-05-02 13:30:00,CUST_366,Home Goods,2,254.38,342.54,2024,5,May,Thursday,508.76,685.08,-176.32,-34.66
TXN_5885,2024-05-02 14:00:00,CUST_207,Apparel,2,398.31,76.11,2024,5,May,Thursday,796.62,152.22,644.4,80.89
TXN_5886,2024-05-02 14:30:00,CUST_431,Apparel,2,173.02,181.49,2024,5,May,Thursday,346.04,362.98,-16.94,-4.9
TXN_5888,2024-05-02 15:30:00,CUST_304,Electronics,3,595.48,157.44,2024,5,May,Thursday,1786.44,472.32,1314.12,73.56
TXN_5889,2024-05-02 16:00:00,CUST_478,Apparel,2,387.33,28.58,2024,5,May,Thursday,774.66,57.16,717.5,92.62
TXN_5890,2024-05-02 16:30:00,CUST_480,Unknown,3,525.66,47.89,2024,5,May,Thursday,1576.98,143.67,1433.31,90.89
TXN_5892,2024-05-02 17:30:00,CUST_477,Electronics,4,396.58,106.9,2024,5,May,Thursday,1586.32,427.6,1158.72,73.04
TXN_5893,2024-05-02 18:00:00,CUST_193,Electronics,4,506.83,56.87,2024,5,May,Thursday,2027.32,227.48,1799.84,88.78
TXN_5895,2024-05-02 19:00:00,CUST_322,Home Goods,4,387.71,78.33,2024,5,May,Thursday,1550.84,313.32,1237.52,79.8
TXN_5896,2024-05-02 19:30:00,CUST_285,Electronics,3,360.5,18.14,2024,5,May,Thursday,1081.5,54.42,1027.08,94.97
TXN_5897,2024-05-02 20:00:00,CUST_283,Electronics,3,379.12,61.62,2024,5,May,Thursday,1137.36,184.86,952.5,83.75
TXN_5898,2024-05-02 20:30:00,CUST_261,Home Goods,1,113.65,310.25,2024,5,May,Thursday,113.65,310.25,-196.6,-172.99
TXN_5899,2024-05-02 21:00:00,CUST_346,Electronics,2,177.19,14.09,2024,5,May,Thursday,354.38,28.18,326.2,92.05
TXN_5900,2024-05-02 21:30:00,CUST_130,Electronics,5,182.7,273.11,2024,5,May,Thursday,913.5,1365.55,-452.05,-49.49
TXN_5901,2024-05-02 22:00:00,CUST_151,Electronics,5,367.14,266.18,2024,5,May,Thursday,1835.7,1330.9,504.8,27.5
TXN_5902,2024-05-02 22:30:00,CUST_444,Electronics,2,583.94,201.84,2024,5,May,Thursday,1167.88,403.68,764.2,65.43
TXN_5903,2024-05-02 23:00:00,CUST_175,Apparel,5,573.13,80.87,2024,5,May,Thursday,2865.65,404.35,2461.3,85.89
TXN_5904,2024-05-02 23:30:00,CUST_484,Home Goods,5,147.91,308.54,2024,5,May,Thursday,739.55,1542.7,-803.15,-108.6
TXN_5906,2024-05-03 00:30:00,CUST_139,Apparel,5,36.1,68.89,2024,5,May,Friday,180.5,344.45,-163.95,-90.83
TXN_5908,2024-05-03 01:30:00,CUST_210,Apparel,3,503.28,76.27,2024,5,May,Friday,1509.84,228.81,1281.03,84.85
TXN_5909,2024-05-03 02:00:00,CUST_484,Electronics,3,550.71,137.84,2024,5,May,Friday,1652.13,413.52,1238.61,74.97
TXN_5910,2024-05-03 02:30:00,CUST_420,Electronics,3,153.35,178.87,2024,5,May,Friday,460.05,536.61,-76.56,-16.64
TXN_5911,2024-05-03 03:00:00,CUST_348,Home Goods,2,170.49,132.37,2024,5,May,Friday,340.98,264.74,76.24,22.36
TXN_5912,2024-05-03 03:30:00,CUST_290,Electronics,4,144.2,233.4,2024,5,May,Friday,576.8,933.6,-356.8,-61.86
TXN_5915,2024-05-03 05:00:00,CUST_308,Apparel,5,393.41,130.95,2024,5,May,Friday,1967.05,654.75,1312.3,66.71
TXN_5916,2024-05-03 05:30:00,CUST_121,Electronics,1,474.78,261.02,2024,5,May,Friday,474.78,261.02,213.76,45.02
TXN_5917,2024-05-03 06:00:00,CUST_265,Electronics,3,356.07,190.4,2024,5,May,Friday,1068.21,571.2,497.01,46.53
TXN_5921,2024-05-03 08:00:00,CUST_289,Apparel,1,471.87,210.8,2024,5,May,Friday,471.87,210.8,261.07,55.33
TXN_5922,2024-05-03 08:30:00,CUST_274,Apparel,5,510.57,72.94,2024,5,May,Friday,2552.85,364.7,2188.15,85.71
TXN_5925,2024-05-03 10:00:00,CUST_189,Electronics,4,460.9,156.95,2024,5,May,Friday,1843.6,627.8,1215.8,65.95
TXN_5926,2024-05-03 10:30:00,CUST_240,Apparel,1,41.77,99.23,2024,5,May,Friday,41.77,99.23,-57.46,-137.56
TXN_5929,2024-05-03 12:00:00,CUST_436,Apparel,5,293.55,81.23,2024,5,May,Friday,1467.75,406.15,1061.6,72.33
TXN_5930,2024-05-03 12:30:00,CUST_177,Electronics,5,492.43,317.17,2024,5,May,Friday,2462.15,1585.85,876.3,35.59
TXN_5931,2024-05-03 13:00:00,CUST_361,Electronics,3,412.52,311.02,2024,5,May,Friday,1237.56,933.06,304.5,24.6
TXN_5932,2024-05-03 13:30:00,CUST_262,Apparel,4,104.69,268.27,2024,5,May,Friday,418.76,1073.08,-654.32,-156.25
TXN_5933,2024-05-03 14:00:00,CUST_465,Electronics,5,147.3,146.32,2024,5,May,Friday,736.5,731.6,4.9,0.67
TXN_5934,2024-05-03 14:30:00,CUST_113,Home Goods,4,182.12,135.92,2024,5,May,Friday,728.48,543.68,184.8,25.37
TXN_5935,2024-05-03 15:00:00,CUST_338,Apparel,3,87.35,253.6,2024,5,May,Friday,262.05,760.8,-498.75,-190.33
TXN_5937,2024-05-03 16:00:00,CUST_242,Apparel,1,441.23,214.2,2024,5,May,Friday,441.23,214.2,227.03,51.45
TXN_5940,2024-05-03 17:30:00,CUST_368,Home Goods,2,289.67,316.63,2024,5,May,Friday,579.34,633.26,-53.92,-9.31
TXN_5941,2024-05-03 18:00:00,CUST_340,Unknown,2,203.92,39.18,2024,5,May,Friday,407.84,78.36,329.48,80.79
TXN_5942,2024-05-03 18:30:00,CUST_344,Electronics,2,256.26,125.32,2024,5,May,Friday,512.52,250.64,261.88,51.1
TXN_5944,2024-05-03 19:30:00,CUST_159,Electronics,4,317.32,243.24,2024,5,May,Friday,1269.28,972.96,296.32,23.35
TXN_5945,2024-05-03 20:00:00,CUST_105,Apparel,2,19.26,40.48,2024,5,May,Friday,38.52,80.96,-42.44,-110.18
TXN_5946,2024-05-03 20:30:00,CUST_296,Apparel,1,554.56,306.75,2024,5,May,Friday,554.56,306.75,247.81,44.69
TXN_5947,2024-05-03 21:00:00,CUST_157,Home Goods,5,53.61,23.79,2024,5,May,Friday,268.05,118.95,149.1,55.62
TXN_5948,2024-05-03 21:30:00,CUST_404,Home Goods,4,564.09,301.61,2024,5,May,Friday,2256.36,1206.44,1049.92,46.53
TXN_5950,2024-05-03 22:30:00,CUST_125,Apparel,1,466.02,62.2,2024,5,May,Friday,466.02,62.2,403.82,86.65
TXN_5953,2024-05-04 00:00:00,CUST_119,Apparel,4,57.58,343.97,2024,5,May,Saturday,230.32,1375.88,-1145.56,-497.38
TXN_5954,2024-05-04 00:30:00,CUST_489,Apparel,4,154.67,49.34,2024,5,May,Saturday,618.68,197.36,421.32,68.1
TXN_5955,2024-05-04 01:00:00,CUST_297,Apparel,4,469.87,188.99,2024,5,May,Saturday,1879.48,755.96,1123.52,59.78
TXN_5956,2024-05-04 01:30:00,CUST_158,Apparel,3,536.39,36.23,2024,5,May,Saturday,1609.17,108.69,1500.48,93.25
TXN_5957,2024-05-04 02:00:00,CUST_341,Apparel,5,324.53,63.18,2024,5,May,Saturday,1622.65,315.9,1306.75,80.53
TXN_5958,2024-05-04 02:30:00,CUST_245,Apparel,2,221.71,69.33,2024,5,May,Saturday,443.42,138.66,304.76,68.73
TXN_5959,2024-05-04 03:00:00,CUST_487,Apparel,3,50.07,31.55,2024,5,May,Saturday,150.21,94.65,55.56,36.99
TXN_5960,2024-05-04 03:30:00,CUST_372,Apparel,5,414.07,313.61,2024,5,May,Saturday,2070.35,1568.05,502.3,24.26
TXN_5962,2024-05-04 04:30:00,CUST_113,Apparel,2,47.18,223.98,2024,5,May,Saturday,94.36,447.96,-353.6,-374.74
TXN_5964,2024-05-04 05:30:00,CUST_490,Electronics,3,299.15,77.54,2024,5,May,Saturday,897.45,232.62,664.83,74.08
TXN_5965,2024-05-04 06:00:00,CUST_483,Apparel,3,22.0,349.46,2024,5,May,Saturday,66.0,1048.38,-982.38,-1488.45
TXN_5966,2024-05-04 06:30:00,CUST_143,Apparel,1,79.89,128.11,2024,5,May,Saturday,79.89,128.11,-48.22,-60.36
TXN_5969,2024-05-04 08:00:00,CUST_118,Electronics,3,521.59,332.66,2024,5,May,Saturday,1564.77,997.98,566.79,36.22
TXN_5970,2024-05-04 08:30:00,CUST_162,Electronics,4,197.13,265.96,2024,5,May,Saturday,788.52,1063.84,-275.32,-34.92
TXN_5973,2024-05-04 10:00:00,CUST_199,Electronics,3,321.79,203.76,2024,5,May,Saturday,965.37,611.28,354.09,36.68
TXN_5974,2024-05-04 10:30:00,CUST_262,Apparel,4,194.38,132.41,2024,5,May,Saturday,777.52,529.64,247.88,31.88
TXN_5975,2024-05-04 11:00:00,CUST_221,Apparel,5,252.57,292.55,2024,5,May,Saturday,1262.85,1462.75,-199.9,-15.83
TXN_5976,2024-05-04 11:30:00,CUST_143,Apparel,5,27.53,263.3,2024,5,May,Saturday,137.65,1316.5,-1178.85,-856.41
TXN_5978,2024-05-04 12:30:00,CUST_416,Apparel,4,228.98,15.79,2024,5,May,Saturday,915.92,63.16,852.76,93.1
TXN_5979,2024-05-04 13:00:00,CUST_480,Electronics,1,432.71,90.69,2024,5,May,Saturday,432.71,90.69,342.02,79.04
TXN_5980,2024-05-04 13:30:00,CUST_244,Home Goods,1,382.48,202.82,2024,5,May,Saturday,382.48,202.82,179.66,46.97
TXN_5981,2024-05-04 14:00:00,CUST_426,Home Goods,5,395.98,36.86,2024,5,May,Saturday,1979.9,184.3,1795.6,90.69
TXN_5983,2024-05-04 15:00:00,CUST_149,Electronics,3,384.23,238.38,2024,5,May,Saturday,1152.69,715.14,437.55,37.96
TXN_5986,2024-05-04 16:30:00,CUST_387,Unknown,5,84.96,216.37,2024,5,May,Saturday,424.8,1081.85,-657.05,-154.67
TXN_5987,2024-05-04 17:00:00,CUST_263,Apparel,5,470.97,172.51,2024,5,May,Saturday,2354.85,862.55,1492.3,63.37
TXN_5988,2024-05-04 17:30:00,CUST_240,Electronics,4,460.25,334.1,2024,5,May,Saturday,1841.0,1336.4,504.6,27.41
TXN_5989,2024-05-04 18:00:00,CUST_413,Home Goods,1,159.08,46.78,2024,5,May,Saturday,159.08,46.78,112.3,70.59
TXN_5991,2024-05-04 19:00:00,CUST_497,Electronics,4,359.57,310.19,2024,5,May,Saturday,1438.28,1240.76,197.52,13.73
TXN_5992,2024-05-04 19:30:00,CUST_467,Home Goods,5,295.03,141.35,2024,5,May,Saturday,1475.15,706.75,768.4,52.09
TXN_5993,2024-05-04 20:00:00,CUST_338,Home Goods,2,25.24,154.38,2024,5,May,Saturday,50.48,308.76,-258.28,-511.65
TXN_5994,2024-05-04 20:30:00,CUST_423,Home Goods,3,238.9,237.21,2024,5,May,Saturday,716.7,711.63,5.07,0.71
TXN_5995,2024-05-04 21:00:00,CUST_395,Apparel,5,389.79,236.29,2024,5,May,Saturday,1948.95,1181.45,767.5,39.38
TXN_5996,2024-05-04 21:30:00,CUST_286,Home Goods,4,67.5,17.79,2024,5,May,Saturday,270.0,71.16,198.84,73.64
TXN_5997,2024-05-04 22:00:00,CUST_307,Electronics,2,283.85,164.94,2024,5,May,Saturday,567.7,329.88,237.82,41.89
TXN_5998,2024-05-04 22:30:00,CUST_319,Apparel,2,596.16,123.39,2024,5,May,Saturday,1192.32,246.78,945.54,79.3
TXN_5999,2024-05-04 23:00:00,CUST_499,Unknown,5,434.18,223.42,2024,5,May,Saturday,2170.9,1117.1,1053.8,48.54
TXN_6001,2024-05-05 00:00:00,CUST_487,Home Goods,1,326.82,231.29,2024,5,May,Sunday,326.82,231.29,95.53,29.23
TXN_6002,2024-05-05 00:30:00,CUST_445,Apparel,2,40.6,232.28,2024,5,May,Sunday,81.2,464.56,-383.36,-472.12
TXN_6004,2024-05-05 01:30:00,CUST_451,Home Goods,3,557.98,93.8,2024,5,May,Sunday,1673.94,281.4,1392.54,83.19
TXN_6005,2024-05-05 02:00:00,CUST_336,Electronics,4,414.21,135.9,2024,5,May,Sunday,1656.84,543.6,1113.24,67.19
TXN_6006,2024-05-05 02:30:00,CUST_293,Apparel,4,72.92,92.27,2024,5,May,Sunday,291.68,369.08,-77.4,-26.54
TXN_6007,2024-05-05 03:00:00,CUST_386,Electronics,4,136.58,242.15,2024,5,May,Sunday,546.32,968.6,-422.28,-77.3
TXN_6009,2024-05-05 04:00:00,CUST_345,Electronics,5,318.95,83.57,2024,5,May,Sunday,1594.75,417.85,1176.9,73.8
TXN_6010,2024-05-05 04:30:00,CUST_235,Electronics,4,136.57,310.6,2024,5,May,Sunday,546.28,1242.4,-696.12,-127.43
TXN_6012,2024-05-05 05:30:00,CUST_370,Home Goods,4,333.96,53.2,2024,5,May,Sunday,1335.84,212.8,1123.04,84.07
TXN_6013,2024-05-05 06:00:00,CUST_270,Apparel,3,25.33,82.41,2024,5,May,Sunday,75.99,247.23,-171.24,-225.35
TXN_6015,2024-05-05 07:00:00,CUST_300,Apparel,1,125.46,125.06,2024,5,May,Sunday,125.46,125.06,0.4,0.32
TXN_6017,2024-05-05 08:00:00,CUST_363,Electronics,5,222.7,178.21,2024,5,May,Sunday,1113.5,891.05,222.45,19.98
TXN_6018,2024-05-05 08:30:00,CUST_170,Apparel,5,213.09,321.2,2024,5,May,Sunday,1065.45,1606.0,-540.55,-50.73
TXN_6019,2024-05-05 09:00:00,CUST_463,Electronics,4,21.91,44.62,2024,5,May,Sunday,87.64,178.48,-90.84,-103.65
TXN_6020,2024-05-05 09:30:00,CUST_470,Unknown,3,592.82,237.32,2024,5,May,Sunday,1778.46,711.96,1066.5,59.97
TXN_6021,2024-05-05 10:00:00,CUST_202,Home Goods,2,373.02,311.17,2024,5,May,Sunday,746.04,622.34,123.7,16.58
TXN_6023,2024-05-05 11:00:00,CUST_412,Electronics,4,71.52,56.13,2024,5,May,Sunday,286.08,224.52,61.56,21.52
TXN_6025,2024-05-05 12:00:00,CUST_329,Electronics,4,180.4,336.85,2024,5,May,Sunday,721.6,1347.4,-625.8,-86.72
TXN_6026,2024-05-05 12:30:00,CUST_245,Electronics,5,593.14,225.38,2024,5,May,Sunday,2965.7,1126.9,1838.8,62.0
TXN_6027,2024-05-05 13:00:00,CUST_469,Electronics,5,571.07,228.95,2024,5,May,Sunday,2855.35,1144.75,1710.6,59.91
TXN_6028,2024-05-05 13:30:00,CUST_296,Apparel,4,445.15,238.31,2024,5,May,Sunday,1780.6,953.24,827.36,46.47
TXN_6029,2024-05-05 14:00:00,CUST_472,Home Goods,5,583.08,23.52,2024,5,May,Sunday,2915.4,117.6,2797.8,95.97
TXN_6030,2024-05-05 14:30:00,CUST_320,Electronics,3,76.8,161.52,2024,5,May,Sunday,230.4,484.56,-254.16,-110.31
TXN_6031,2024-05-05 15:00:00,CUST_159,Electronics,2,178.75,36.37,2024,5,May,Sunday,357.5,72.74,284.76,79.65
TXN_6032,2024-05-05 15:30:00,CUST_197,Apparel,2,163.15,117.39,2024,5,May,Sunday,326.3,234.78,91.52,28.05
TXN_6034,2024-05-05 16:30:00,CUST_481,Electronics,2,583.75,233.13,2024,5,May,Sunday,1167.5,466.26,701.24,60.06
TXN_6036,2024-05-05 17:30:00,CUST_250,Home Goods,4,516.16,68.53,2024,5,May,Sunday,2064.64,274.12,1790.52,86.72
TXN_6038,2024-05-05 18:30:00,CUST_489,Unknown,4,234.88,285.28,2024,5,May,Sunday,939.52,1141.12,-201.6,-21.46
TXN_6039,2024-05-05 19:00:00,CUST_221,Home Goods,4,26.0,83.34,2024,5,May,Sunday,104.0,333.36,-229.36,-220.54
TXN_6040,2024-05-05 19:30:00,CUST_207,Electronics,3,18.57,62.27,2024,5,May,Sunday,55.71,186.81,-131.1,-235.33
TXN_6041,2024-05-05 20:00:00,CUST_103,Electronics,2,134.34,155.39,2024,5,May,Sunday,268.68,310.78,-42.1,-15.67
TXN_6042,2024-05-05 20:30:00,CUST_192,Electronics,5,303.92,140.47,2024,5,May,Sunday,1519.6,702.35,817.25,53.78
TXN_6043,2024-05-05 21:00:00,CUST_105,Electronics,5,282.88,343.27,2024,5,May,Sunday,1414.4,1716.35,-301.95,-21.35
TXN_6044,2024-05-05 21:30:00,CUST_387,Unknown,1,357.4,165.13,2024,5,May,Sunday,357.4,165.13,192.27,53.8
TXN_6045,2024-05-05 22:00:00,CUST_205,Home Goods,1,466.6,302.72,2024,5,May,Sunday,466.6,302.72,163.88,35.12
TXN_6049,2024-05-06 00:00:00,CUST_195,Home Goods,5,209.62,104.39,2024,5,May,Monday,1048.1,521.95,526.15,50.2
TXN_6050,2024-05-06 00:30:00,CUST_328,Electronics,2,182.83,42.21,2024,5,May,Monday,365.66,84.42,281.24,76.91
TXN_6052,2024-05-06 01:30:00,CUST_311,Electronics,4,561.47,109.43,2024,5,May,Monday,2245.88,437.72,1808.16,80.51
TXN_6053,2024-05-06 02:00:00,CUST_105,Electronics,5,550.25,127.42,2024,5,May,Monday,2751.25,637.1,2114.15,76.84
TXN_6056,2024-05-06 03:30:00,CUST_478,Electronics,5,69.33,157.73,2024,5,May,Monday,346.65,788.65,-442.0,-127.51
TXN_6057,2024-05-06 04:00:00,CUST_422,Electronics,1,577.17,155.62,2024,5,May,Monday,577.17,155.62,421.55,73.04
TXN_6058,2024-05-06 04:30:00,CUST_205,Unknown,2,140.91,148.98,2024,5,May,Monday,281.82,297.96,-16.14,-5.73
TXN_6059,2024-05-06 05:00:00,CUST_238,Apparel,5,130.5,321.54,2024,5,May,Monday,652.5,1607.7,-955.2,-146.39
TXN_6060,2024-05-06 05:30:00,CUST_398,Apparel,4,535.0,125.52,2024,5,May,Monday,2140.0,502.08,1637.92,76.54
TXN_6061,2024-05-06 06:00:00,CUST_195,Electronics,4,581.19,20.33,2024,5,May,Monday,2324.76,81.32,2243.44,96.5
TXN_6062,2024-05-06 06:30:00,CUST_487,Electronics,3,423.11,70.67,2024,5,May,Monday,1269.33,212.01,1057.32,83.3
TXN_6063,2024-05-06 07:00:00,CUST_436,Electronics,4,85.79,255.31,2024,5,May,Monday,343.16,1021.24,-678.08,-197.6
TXN_6064,2024-05-06 07:30:00,CUST_396,Electronics,5,299.23,210.89,2024,5,May,Monday,1496.15,1054.45,441.7,29.52
TXN_6065,2024-05-06 08:00:00,CUST_488,Electronics,5,492.71,333.59,2024,5,May,Monday,2463.55,1667.95,795.6,32.29
TXN_6066,2024-05-06 08:30:00,CUST_313,Electronics,4,349.9,246.11,2024,5,May,Monday,1399.6,984.44,415.16,29.66
TXN_6067,2024-05-06 09:00:00,CUST_390,Apparel,1,92.57,76.04,2024,5,May,Monday,92.57,76.04,16.53,17.86
TXN_6068,2024-05-06 09:30:00,CUST_121,Electronics,2,115.55,51.02,2024,5,May,Monday,231.1,102.04,129.06,55.85
TXN_6070,2024-05-06 10:30:00,CUST_249,Electronics,5,323.31,236.19,2024,5,May,Monday,1616.55,1180.95,435.6,26.95
TXN_6071,2024-05-06 11:00:00,CUST_467,Apparel,4,427.91,66.32,2024,5,May,Monday,1711.64,265.28,1446.36,84.5
TXN_6073,2024-05-06 12:00:00,CUST_366,Apparel,4,326.5,304.11,2024,5,May,Monday,1306.0,1216.44,89.56,6.86
TXN_6074,2024-05-06 12:30:00,CUST_350,Electronics,5,586.61,257.37,2024,5,May,Monday,2933.05,1286.85,1646.2,56.13
TXN_6075,2024-05-06 13:00:00,CUST_102,Unknown,3,207.88,235.82,2024,5,May,Monday,623.64,707.46,-83.82,-13.44
TXN_6076,2024-05-06 13:30:00,CUST_492,Home Goods,2,409.75,278.37,2024,5,May,Monday,819.5,556.74,262.76,32.06
TXN_6077,2024-05-06 14:00:00,CUST_415,Apparel,5,115.92,45.39,2024,5,May,Monday,579.6,226.95,352.65,60.84
TXN_6079,2024-05-06 15:00:00,CUST_186,Apparel,4,473.43,22.95,2024,5,May,Monday,1893.72,91.8,1801.92,95.15
TXN_6080,2024-05-06 15:30:00,CUST_369,Home Goods,3,508.8,59.29,2024,5,May,Monday,1526.4,177.87,1348.53,88.35
TXN_6082,2024-05-06 16:30:00,CUST_117,Apparel,5,107.54,85.53,2024,5,May,Monday,537.7,427.65,110.05,20.47
TXN_6083,2024-05-06 17:00:00,CUST_212,Home Goods,2,155.74,235.11,2024,5,May,Monday,311.48,470.22,-158.74,-50.96
TXN_6084,2024-05-06 17:30:00,CUST_350,Home Goods,3,548.04,245.13,2024,5,May,Monday,1644.12,735.39,908.73,55.27
TXN_6086,2024-05-06 18:30:00,CUST_428,Home Goods,4,494.03,198.33,2024,5,May,Monday,1976.12,793.32,1182.8,59.85
TXN_6087,2024-05-06 19:00:00,CUST_378,Home Goods,1,182.27,175.28,2024,5,May,Monday,182.27,175.28,6.99,3.83
TXN_6090,2024-05-06 20:30:00,CUST_224,Home Goods,2,40.31,13.23,2024,5,May,Monday,80.62,26.46,54.16,67.18
TXN_6091,2024-05-06 21:00:00,CUST_274,Apparel,3,465.69,28.19,2024,5,May,Monday,1397.07,84.57,1312.5,93.95
TXN_6092,2024-05-06 21:30:00,CUST_168,Unknown,5,114.14,177.45,2024,5,May,Monday,570.7,887.25,-316.55,-55.47
TXN_6093,2024-05-06 22:00:00,CUST_146,Electronics,5,140.93,122.37,2024,5,May,Monday,704.65,611.85,92.8,13.17
TXN_6094,2024-05-06 22:30:00,CUST_471,Electronics,3,284.01,148.8,2024,5,May,Monday,852.03,446.4,405.63,47.61
TXN_6095,2024-05-06 23:00:00,CUST_355,Electronics,5,352.15,349.27,2024,5,May,Monday,1760.75,1746.35,14.4,0.82
TXN_6099,2024-05-07 01:00:00,CUST_336,Electronics,3,28.07,91.45,2024,5,May,Tuesday,84.21,274.35,-190.14,-225.79
TXN_6100,2024-05-07 01:30:00,CUST_347,Apparel,2,349.17,271.12,2024,5,May,Tuesday,698.34,542.24,156.1,22.35
TXN_6102,2024-05-07 02:30:00,CUST_124,Electronics,5,418.45,196.97,2024,5,May,Tuesday,2092.25,984.85,1107.4,52.93
TXN_6103,2024-05-07 03:00:00,CUST_173,Electronics,2,395.15,314.62,2024,5,May,Tuesday,790.3,629.24,161.06,20.38
TXN_6104,2024-05-07 03:30:00,CUST_305,Apparel,4,540.03,338.89,2024,5,May,Tuesday,2160.12,1355.56,804.56,37.25
TXN_6105,2024-05-07 04:00:00,CUST_413,Home Goods,4,283.79,170.15,2024,5,May,Tuesday,1135.16,680.6,454.56,40.04
TXN_6106,2024-05-07 04:30:00,CUST_193,Home Goods,4,19.9,85.71,2024,5,May,Tuesday,79.6,342.84,-263.24,-330.7
TXN_6107,2024-05-07 05:00:00,CUST_474,Home Goods,4,383.93,185.82,2024,5,May,Tuesday,1535.72,743.28,792.44,51.6
TXN_6108,2024-05-07 05:30:00,CUST_226,Unknown,5,409.95,346.44,2024,5,May,Tuesday,2049.75,1732.2,317.55,15.49
TXN_6109,2024-05-07 06:00:00,CUST_124,Apparel,3,320.07,109.6,2024,5,May,Tuesday,960.21,328.8,631.41,65.76
TXN_6110,2024-05-07 06:30:00,CUST_433,Home Goods,5,418.24,219.98,2024,5,May,Tuesday,2091.2,1099.9,991.3,47.4
TXN_6112,2024-05-07 07:30:00,CUST_215,Home Goods,5,102.05,82.74,2024,5,May,Tuesday,510.25,413.7,96.55,18.92
TXN_6113,2024-05-07 08:00:00,CUST_147,Electronics,2,403.76,210.08,2024,5,May,Tuesday,807.52,420.16,387.36,47.97
TXN_6114,2024-05-07 08:30:00,CUST_325,Unknown,3,158.43,116.93,2024,5,May,Tuesday,475.29,350.79,124.5,26.19
TXN_6116,2024-05-07 09:30:00,CUST_198,Home Goods,1,302.6,253.02,2024,5,May,Tuesday,302.6,253.02,49.58,16.38
TXN_6117,2024-05-07 10:00:00,CUST_110,Electronics,1,294.16,290.93,2024,5,May,Tuesday,294.16,290.93,3.23,1.1
TXN_6119,2024-05-07 11:00:00,CUST_313,Electronics,3,32.23,21.76,2024,5,May,Tuesday,96.69,65.28,31.41,32.49
TXN_6120,2024-05-07 11:30:00,CUST_272,Electronics,1,593.96,299.18,2024,5,May,Tuesday,593.96,299.18,294.78,49.63
TXN_6121,2024-05-07 12:00:00,CUST_490,Electronics,3,434.04,141.5,2024,5,May,Tuesday,1302.12,424.5,877.62,67.4
TXN_6122,2024-05-07 12:30:00,CUST_308,Home Goods,2,263.85,71.11,2024,5,May,Tuesday,527.7,142.22,385.48,73.05
TXN_6123,2024-05-07 13:00:00,CUST_481,Electronics,2,126.93,41.24,2024,5,May,Tuesday,253.86,82.48,171.38,67.51
TXN_6124,2024-05-07 13:30:00,CUST_163,Electronics,5,61.9,185.61,2024,5,May,Tuesday,309.5,928.05,-618.55,-199.85
TXN_6125,2024-05-07 14:00:00,CUST_357,Electronics,1,408.23,61.04,2024,5,May,Tuesday,408.23,61.04,347.19,85.05
TXN_6127,2024-05-07 15:00:00,CUST_220,Electronics,3,149.24,257.28,2024,5,May,Tuesday,447.72,771.84,-324.12,-72.39
TXN_6128,2024-05-07 15:30:00,CUST_397,Electronics,2,237.27,191.92,2024,5,May,Tuesday,474.54,383.84,90.7,19.11
TXN_6129,2024-05-07 16:00:00,CUST_153,Apparel,5,361.86,317.26,2024,5,May,Tuesday,1809.3,1586.3,223.0,12.33
TXN_6130,2024-05-07 16:30:00,CUST_430,Apparel,1,407.95,62.89,2024,5,May,Tuesday,407.95,62.89,345.06,84.58
TXN_6131,2024-05-07 17:00:00,CUST_371,Electronics,1,392.42,177.94,2024,5,May,Tuesday,392.42,177.94,214.48,54.66
TXN_6132,2024-05-07 17:30:00,CUST_340,Electronics,1,520.01,65.48,2024,5,May,Tuesday,520.01,65.48,454.53,87.41
TXN_6133,2024-05-07 18:00:00,CUST_342,Electronics,2,142.97,307.81,2024,5,May,Tuesday,285.94,615.62,-329.68,-115.3
TXN_6134,2024-05-07 18:30:00,CUST_117,Unknown,2,387.5,326.96,2024,5,May,Tuesday,775.0,653.92,121.08,15.62
TXN_6135,2024-05-07 19:00:00,CUST_286,Electronics,1,74.15,146.0,2024,5,May,Tuesday,74.15,146.0,-71.85,-96.9
TXN_6136,2024-05-07 19:30:00,CUST_445,Apparel,2,335.54,113.95,2024,5,May,Tuesday,671.08,227.9,443.18,66.04
TXN_6137,2024-05-07 20:00:00,CUST_243,Electronics,1,356.62,104.97,2024,5,May,Tuesday,356.62,104.97,251.65,70.57
TXN_6138,2024-05-07 20:30:00,CUST_361,Apparel,4,141.5,302.31,2024,5,May,Tuesday,566.0,1209.24,-643.24,-113.65
TXN_6139,2024-05-07 21:00:00,CUST_463,Electronics,2,244.14,242.03,2024,5,May,Tuesday,488.28,484.06,4.22,0.86
TXN_6140,2024-05-07 21:30:00,CUST_338,Electronics,3,498.91,309.4,2024,5,May,Tuesday,1496.73,928.2,568.53,37.98
TXN_6141,2024-05-07 22:00:00,CUST_403,Apparel,2,101.82,49.96,2024,5,May,Tuesday,203.64,99.92,103.72,50.93
TXN_6142,2024-05-07 22:30:00,CUST_397,Electronics,1,269.19,171.85,2024,5,May,Tuesday,269.19,171.85,97.34,36.16
TXN_6143,2024-05-07 23:00:00,CUST_175,Electronics,3,560.65,239.9,2024,5,May,Tuesday,1681.95,719.7,962.25,57.21
TXN_6144,2024-05-07 23:30:00,CUST_287,Apparel,5,309.9,315.01,2024,5,May,Tuesday,1549.5,1575.05,-25.55,-1.65
TXN_6145,2024-05-08 00:00:00,CUST_432,Unknown,3,439.2,139.89,2024,5,May,Wednesday,1317.6,419.67,897.93,68.15
TXN_6146,2024-05-08 00:30:00,CUST_487,Electronics,3,498.72,116.45,2024,5,May,Wednesday,1496.16,349.35,1146.81,76.65
TXN_6147,2024-05-08 01:00:00,CUST_345,Apparel,2,134.21,320.41,2024,5,May,Wednesday,268.42,640.82,-372.4,-138.74
TXN_6149,2024-05-08 02:00:00,CUST_414,Home Goods,3,458.78,173.06,2024,5,May,Wednesday,1376.34,519.18,857.16,62.28
TXN_6150,2024-05-08 02:30:00,CUST_382,Apparel,3,455.68,165.93,2024,5,May,Wednesday,1367.04,497.79,869.25,63.59
TXN_6152,2024-05-08 03:30:00,CUST_171,Electronics,1,203.66,144.28,2024,5,May,Wednesday,203.66,144.28,59.38,29.16
TXN_6153,2024-05-08 04:00:00,CUST_362,Apparel,2,248.14,255.68,2024,5,May,Wednesday,496.28,511.36,-15.08,-3.04
TXN_6154,2024-05-08 04:30:00,CUST_290,Electronics,1,499.99,134.74,2024,5,May,Wednesday,499.99,134.74,365.25,73.05
TXN_6155,2024-05-08 05:00:00,CUST_466,Electronics,2,261.79,115.28,2024,5,May,Wednesday,523.58,230.56,293.02,55.96
TXN_6156,2024-05-08 05:30:00,CUST_474,Apparel,5,556.67,275.84,2024,5,May,Wednesday,2783.35,1379.2,1404.15,50.45
TXN_6158,2024-05-08 06:30:00,CUST_479,Apparel,3,471.72,274.98,2024,5,May,Wednesday,1415.16,824.94,590.22,41.71
TXN_6160,2024-05-08 07:30:00,CUST_240,Apparel,2,244.26,329.43,2024,5,May,Wednesday,488.52,658.86,-170.34,-34.87
TXN_6161,2024-05-08 08:00:00,CUST_353,Electronics,3,54.22,282.6,2024,5,May,Wednesday,162.66,847.8,-685.14,-421.21
TXN_6162,2024-05-08 08:30:00,CUST_142,Electronics,3,350.29,343.32,2024,5,May,Wednesday,1050.87,1029.96,20.91,1.99
TXN_6163,2024-05-08 09:00:00,CUST_116,Apparel,4,226.6,264.08,2024,5,May,Wednesday,906.4,1056.32,-149.92,-16.54
TXN_6164,2024-05-08 09:30:00,CUST_162,Unknown,1,220.28,234.92,2024,5,May,Wednesday,220.28,234.92,-14.64,-6.65
TXN_6167,2024-05-08 11:00:00,CUST_391,Home Goods,2,454.97,242.22,2024,5,May,Wednesday,909.94,484.44,425.5,46.76
TXN_6168,2024-05-08 11:30:00,CUST_107,Electronics,5,247.93,268.81,2024,5,May,Wednesday,1239.65,1344.05,-104.4,-8.42
TXN_6170,2024-05-08 12:30:00,CUST_189,Apparel,4,284.89,320.3,2024,5,May,Wednesday,1139.56,1281.2,-141.64,-12.43
TXN_6171,2024-05-08 13:00:00,CUST_307,Apparel,1,571.34,162.05,2024,5,May,Wednesday,571.34,162.05,409.29,71.64
TXN_6172,2024-05-08 13:30:00,CUST_391,Electronics,5,483.89,64.76,2024,5,May,Wednesday,2419.45,323.8,2095.65,86.62
TXN_6173,2024-05-08 14:00:00,CUST_383,Electronics,5,135.36,281.93,2024,5,May,Wednesday,676.8,1409.65,-732.85,-108.28
TXN_6174,2024-05-08 14:30:00,CUST_217,Electronics,3,243.91,131.17,2024,5,May,Wednesday,731.73,393.51,338.22,46.22
TXN_6175,2024-05-08 15:00:00,CUST_448,Home Goods,1,557.76,72.6,2024,5,May,Wednesday,557.76,72.6,485.16,86.98
TXN_6176,2024-05-08 15:30:00,CUST_274,Apparel,4,87.36,97.13,2024,5,May,Wednesday,349.44,388.52,-39.08,-11.18
TXN_6177,2024-05-08 16:00:00,CUST_175,Apparel,2,163.56,21.88,2024,5,May,Wednesday,327.12,43.76,283.36,86.62
TXN_6178,2024-05-08 16:30:00,CUST_200,Home Goods,2,168.4,40.81,2024,5,May,Wednesday,336.8,81.62,255.18,75.77
TXN_6179,2024-05-08 17:00:00,CUST_250,Electronics,4,349.0,211.49,2024,5,May,Wednesday,1396.0,845.96,550.04,39.4
TXN_6180,2024-05-08 17:30:00,CUST_499,Apparel,3,255.28,304.51,2024,5,May,Wednesday,765.84,913.53,-147.69,-19.28
TXN_6181,2024-05-08 18:00:00,CUST_369,Apparel,3,61.72,162.5,2024,5,May,Wednesday,185.16,487.5,-302.34,-163.29
TXN_6182,2024-05-08 18:30:00,CUST_170,Home Goods,5,383.07,222.86,2024,5,May,Wednesday,1915.35,1114.3,801.05,41.82
TXN_6183,2024-05-08 19:00:00,CUST_279,Electronics,1,72.96,285.31,2024,5,May,Wednesday,72.96,285.31,-212.35,-291.05
TXN_6184,2024-05-08 19:30:00,CUST_223,Apparel,5,369.75,131.3,2024,5,May,Wednesday,1848.75,656.5,1192.25,64.49
TXN_6187,2024-05-08 21:00:00,CUST_384,Electronics,2,54.49,228.52,2024,5,May,Wednesday,108.98,457.04,-348.06,-319.38
TXN_6188,2024-05-08 21:30:00,CUST_294,Apparel,4,388.94,83.99,2024,5,May,Wednesday,1555.76,335.96,1219.8,78.41
TXN_6189,2024-05-08 22:00:00,CUST_498,Electronics,1,267.32,342.47,2024,5,May,Wednesday,267.32,342.47,-75.15,-28.11
TXN_6190,2024-05-08 22:30:00,CUST_327,Apparel,4,255.5,35.9,2024,5,May,Wednesday,1022.0,143.6,878.4,85.95
TXN_6191,2024-05-08 23:00:00,CUST_374,Unknown,1,363.92,181.78,2024,5,May,Wednesday,363.92,181.78,182.14,50.05
TXN_6193,2024-05-09 00:00:00,CUST_120,Apparel,2,23.79,214.28,2024,5,May,Thursday,47.58,428.56,-380.98,-800.71
TXN_6194,2024-05-09 00:30:00,CUST_163,Apparel,2,88.26,155.62,2024,5,May,Thursday,176.52,311.24,-134.72,-76.32
TXN_6196,2024-05-09 01:30:00,CUST_126,Electronics,1,411.62,95.01,2024,5,May,Thursday,411.62,95.01,316.61,76.92
TXN_6197,2024-05-09 02:00:00,CUST_410,Home Goods,3,352.39,72.05,2024,5,May,Thursday,1057.17,216.15,841.02,79.55
TXN_6198,2024-05-09 02:30:00,CUST_384,Apparel,1,458.21,276.18,2024,5,May,Thursday,458.21,276.18,182.03,39.73
TXN_6199,2024-05-09 03:00:00,CUST_247,Electronics,2,448.26,85.55,2024,5,May,Thursday,896.52,171.1,725.42,80.92
TXN_6201,2024-05-09 04:00:00,CUST_425,Apparel,4,235.44,174.91,2024,5,May,Thursday,941.76,699.64,242.12,25.71
TXN_6202,2024-05-09 04:30:00,CUST_418,Home Goods,5,216.86,34.56,2024,5,May,Thursday,1084.3,172.8,911.5,84.06
TXN_6203,2024-05-09 05:00:00,CUST_263,Home Goods,4,501.14,66.25,2024,5,May,Thursday,2004.56,265.0,1739.56,86.78
TXN_6204,2024-05-09 05:30:00,CUST_485,Electronics,2,154.0,313.59,2024,5,May,Thursday,308.0,627.18,-319.18,-103.63
TXN_6205,2024-05-09 06:00:00,CUST_323,Home Goods,4,284.79,214.96,2024,5,May,Thursday,1139.16,859.84,279.32,24.52
TXN_6206,2024-05-09 06:30:00,CUST_371,Apparel,3,128.68,72.67,2024,5,May,Thursday,386.04,218.01,168.03,43.53
TXN_6207,2024-05-09 07:00:00,CUST_245,Apparel,3,549.6,249.28,2024,5,May,Thursday,1648.8,747.84,900.96,54.64
TXN_6209,2024-05-09 08:00:00,CUST_129,Electronics,1,139.3,122.42,2024,5,May,Thursday,139.3,122.42,16.88,12.12
TXN_6210,2024-05-09 08:30:00,CUST_144,Unknown,4,419.83,199.24,2024,5,May,Thursday,1679.32,796.96,882.36,52.54
TXN_6211,2024-05-09 09:00:00,CUST_374,Electronics,4,158.12,109.77,2024,5,May,Thursday,632.48,439.08,193.4,30.58
TXN_6212,2024-05-09 09:30:00,CUST_133,Electronics,2,566.95,37.22,2024,5,May,Thursday,1133.9,74.44,1059.46,93.44
TXN_6213,2024-05-09 10:00:00,CUST_240,Home Goods,1,230.06,145.83,2024,5,May,Thursday,230.06,145.83,84.23,36.61
TXN_6214,2024-05-09 10:30:00,CUST_417,Apparel,1,403.81,265.49,2024,5,May,Thursday,403.81,265.49,138.32,34.25
TXN_6215,2024-05-09 11:00:00,CUST_473,Home Goods,4,216.97,165.95,2024,5,May,Thursday,867.88,663.8,204.08,23.51
TXN_6216,2024-05-09 11:30:00,CUST_320,Apparel,5,487.24,147.79,2024,5,May,Thursday,2436.2,738.95,1697.25,69.67
TXN_6217,2024-05-09 12:00:00,CUST_455,Electronics,4,539.7,134.44,2024,5,May,Thursday,2158.8,537.76,1621.04,75.09
TXN_6218,2024-05-09 12:30:00,CUST_121,Home Goods,4,475.93,166.03,2024,5,May,Thursday,1903.72,664.12,1239.6,65.11
TXN_6219,2024-05-09 13:00:00,CUST_279,Electronics,4,511.37,118.2,2024,5,May,Thursday,2045.48,472.8,1572.68,76.89
TXN_6220,2024-05-09 13:30:00,CUST_466,Home Goods,3,74.6,218.14,2024,5,May,Thursday,223.8,654.42,-430.62,-192.41
TXN_6222,2024-05-09 14:30:00,CUST_330,Home Goods,1,380.22,284.51,2024,5,May,Thursday,380.22,284.51,95.71,25.17
TXN_6224,2024-05-09 15:30:00,CUST_169,Apparel,3,415.4,225.37,2024,5,May,Thursday,1246.2,676.11,570.09,45.75
TXN_6225,2024-05-09 16:00:00,CUST_215,Home Goods,5,133.08,162.96,2024,5,May,Thursday,665.4,814.8,-149.4,-22.45
TXN_6226,2024-05-09 16:30:00,CUST_338,Apparel,2,371.59,272.99,2024,5,May,Thursday,743.18,545.98,197.2,26.53
TXN_6228,2024-05-09 17:30:00,CUST_247,Home Goods,5,422.0,79.43,2024,5,May,Thursday,2110.0,397.15,1712.85,81.18
TXN_6229,2024-05-09 18:00:00,CUST_108,Apparel,1,254.27,240.24,2024,5,May,Thursday,254.27,240.24,14.03,5.52
TXN_6230,2024-05-09 18:30:00,CUST_387,Home Goods,2,103.76,74.57,2024,5,May,Thursday,207.52,149.14,58.38,28.13
TXN_6232,2024-05-09 19:30:00,CUST_149,Electronics,5,542.13,326.3,2024,5,May,Thursday,2710.65,1631.5,1079.15,39.81
TXN_6233,2024-05-09 20:00:00,CUST_437,Electronics,1,537.72,65.89,2024,5,May,Thursday,537.72,65.89,471.83,87.75
TXN_6236,2024-05-09 21:30:00,CUST_225,Apparel,5,398.22,169.9,2024,5,May,Thursday,1991.1,849.5,1141.6,57.34
TXN_6237,2024-05-09 22:00:00,CUST_174,Electronics,2,77.06,322.67,2024,5,May,Thursday,154.12,645.34,-491.22,-318.73
TXN_6238,2024-05-09 22:30:00,CUST_264,Electronics,2,541.83,99.78,2024,5,May,Thursday,1083.66,199.56,884.1,81.58
TXN_6239,2024-05-09 23:00:00,CUST_377,Electronics,5,530.46,194.23,2024,5,May,Thursday,2652.3,971.15,1681.15,63.38
TXN_6240,2024-05-09 23:30:00,CUST_423,Home Goods,3,452.49,149.9,2024,5,May,Thursday,1357.47,449.7,907.77,66.87
TXN_6241,2024-05-10 00:00:00,CUST_399,Apparel,5,557.48,124.24,2024,5,May,Friday,2787.4,621.2,2166.2,77.71
TXN_6243,2024-05-10 01:00:00,CUST_176,Home Goods,5,276.87,200.02,2024,5,May,Friday,1384.35,1000.1,384.25,27.76
TXN_6244,2024-05-10 01:30:00,CUST_397,Electronics,5,581.25,132.18,2024,5,May,Friday,2906.25,660.9,2245.35,77.26
TXN_6245,2024-05-10 02:00:00,CUST_236,Unknown,3,286.52,299.19,2024,5,May,Friday,859.56,897.57,-38.01,-4.42
TXN_6246,2024-05-10 02:30:00,CUST_205,Apparel,4,390.17,28.08,2024,5,May,Friday,1560.68,112.32,1448.36,92.8
TXN_6247,2024-05-10 03:00:00,CUST_194,Electronics,2,233.24,38.98,2024,5,May,Friday,466.48,77.96,388.52,83.29
TXN_6249,2024-05-10 04:00:00,CUST_167,Home Goods,1,436.26,264.21,2024,5,May,Friday,436.26,264.21,172.05,39.44
TXN_6250,2024-05-10 04:30:00,CUST_246,Apparel,2,380.42,283.34,2024,5,May,Friday,760.84,566.68,194.16,25.52
TXN_6251,2024-05-10 05:00:00,CUST_258,Home Goods,2,316.02,214.92,2024,5,May,Friday,632.04,429.84,202.2,31.99
TXN_6252,2024-05-10 05:30:00,CUST_483,Electronics,4,190.56,152.75,2024,5,May,Friday,762.24,611.0,151.24,19.84
TXN_6253,2024-05-10 06:00:00,CUST_262,Electronics,2,391.65,223.94,2024,5,May,Friday,783.3,447.88,335.42,42.82
TXN_6254,2024-05-10 06:30:00,CUST_440,Electronics,2,546.43,41.48,2024,5,May,Friday,1092.86,82.96,1009.9,92.41
TXN_6255,2024-05-10 07:00:00,CUST_288,Electronics,3,19.04,267.64,2024,5,May,Friday,57.12,802.92,-745.8,-1305.67
TXN_6256,2024-05-10 07:30:00,CUST_438,Electronics,3,93.35,193.85,2024,5,May,Friday,280.05,581.55,-301.5,-107.66
TXN_6257,2024-05-10 08:00:00,CUST_194,Home Goods,3,85.07,335.29,2024,5,May,Friday,255.21,1005.87,-750.66,-294.13
TXN_6258,2024-05-10 08:30:00,CUST_280,Electronics,3,555.08,226.74,2024,5,May,Friday,1665.24,680.22,985.02,59.15
TXN_6259,2024-05-10 09:00:00,CUST_387,Apparel,3,402.71,61.58,2024,5,May,Friday,1208.13,184.74,1023.39,84.71
TXN_6261,2024-05-10 10:00:00,CUST_286,Home Goods,1,355.95,29.66,2024,5,May,Friday,355.95,29.66,326.29,91.67
TXN_6262,2024-05-10 10:30:00,CUST_471,Unknown,4,285.11,263.45,2024,5,May,Friday,1140.44,1053.8,86.64,7.6
TXN_6263,2024-05-10 11:00:00,CUST_237,Home Goods,5,478.52,180.62,2024,5,May,Friday,2392.6,903.1,1489.5,62.25
TXN_6266,2024-05-10 12:30:00,CUST_415,Unknown,3,287.77,329.8,2024,5,May,Friday,863.31,989.4,-126.09,-14.61
TXN_6267,2024-05-10 13:00:00,CUST_372,Apparel,4,189.6,333.96,2024,5,May,Friday,758.4,1335.84,-577.44,-76.14
TXN_6268,2024-05-10 13:30:00,CUST_451,Electronics,5,232.2,85.13,2024,5,May,Friday,1161.0,425.65,735.35,63.34
TXN_6269,2024-05-10 14:00:00,CUST_243,Apparel,2,60.69,257.71,2024,5,May,Friday,121.38,515.42,-394.04,-324.63
TXN_6271,2024-05-10 15:00:00,CUST_401,Electronics,2,211.27,204.1,2024,5,May,Friday,422.54,408.2,14.34,3.39
TXN_6272,2024-05-10 15:30:00,CUST_344,Electronics,4,480.6,82.81,2024,5,May,Friday,1922.4,331.24,1591.16,82.77
TXN_6273,2024-05-10 16:00:00,CUST_206,Apparel,1,121.76,288.06,2024,5,May,Friday,121.76,288.06,-166.3,-136.58
TXN_6274,2024-05-10 16:30:00,CUST_187,Home Goods,1,217.78,309.17,2024,5,May,Friday,217.78,309.17,-91.39,-41.96
TXN_6275,2024-05-10 17:00:00,CUST_228,Electronics,4,52.98,249.1,2024,5,May,Friday,211.92,996.4,-784.48,-370.18
TXN_6278,2024-05-10 18:30:00,CUST_440,Unknown,1,521.33,222.25,2024,5,May,Friday,521.33,222.25,299.08,57.37
TXN_6280,2024-05-10 19:30:00,CUST_426,Home Goods,1,181.95,237.39,2024,5,May,Friday,181.95,237.39,-55.44,-30.47
TXN_6281,2024-05-10 20:00:00,CUST_466,Apparel,2,95.12,47.98,2024,5,May,Friday,190.24,95.96,94.28,49.56
TXN_6283,2024-05-10 21:00:00,CUST_495,Apparel,1,581.84,133.38,2024,5,May,Friday,581.84,133.38,448.46,77.08
TXN_6284,2024-05-10 21:30:00,CUST_194,Home Goods,1,408.84,97.98,2024,5,May,Friday,408.84,97.98,310.86,76.03
TXN_6285,2024-05-10 22:00:00,CUST_308,Home Goods,4,39.9,220.58,2024,5,May,Friday,159.6,882.32,-722.72,-452.83
TXN_6286,2024-05-10 22:30:00,CUST_324,Home Goods,1,95.02,134.96,2024,5,May,Friday,95.02,134.96,-39.94,-42.03
TXN_6290,2024-05-11 00:30:00,CUST_280,Electronics,3,350.33,322.74,2024,5,May,Saturday,1050.99,968.22,82.77,7.88
TXN_6291,2024-05-11 01:00:00,CUST_205,Electronics,3,373.39,277.63,2024,5,May,Saturday,1120.17,832.89,287.28,25.65
TXN_6292,2024-05-11 01:30:00,CUST_298,Electronics,4,285.75,223.11,2024,5,May,Saturday,1143.0,892.44,250.56,21.92
TXN_6293,2024-05-11 02:00:00,CUST_485,Home Goods,3,164.8,319.04,2024,5,May,Saturday,494.4,957.12,-462.72,-93.59
TXN_6294,2024-05-11 02:30:00,CUST_205,Electronics,2,359.8,100.4,2024,5,May,Saturday,719.6,200.8,518.8,72.1
TXN_6297,2024-05-11 04:00:00,CUST_207,Electronics,4,310.39,165.1,2024,5,May,Saturday,1241.56,660.4,581.16,46.81
TXN_6299,2024-05-11 05:00:00,CUST_395,Electronics,1,101.98,219.46,2024,5,May,Saturday,101.98,219.46,-117.48,-115.2
TXN_6300,2024-05-11 05:30:00,CUST_405,Electronics,3,333.96,31.77,2024,5,May,Saturday,1001.88,95.31,906.57,90.49
TXN_6301,2024-05-11 06:00:00,CUST_270,Electronics,2,218.82,21.04,2024,5,May,Saturday,437.64,42.08,395.56,90.38
TXN_6303,2024-05-11 07:00:00,CUST_294,Apparel,4,26.0,74.31,2024,5,May,Saturday,104.0,297.24,-193.24,-185.81
TXN_6305,2024-05-11 08:00:00,CUST_294,Electronics,4,75.2,237.37,2024,5,May,Saturday,300.8,949.48,-648.68,-215.65
TXN_6306,2024-05-11 08:30:00,CUST_382,Home Goods,1,52.89,120.78,2024,5,May,Saturday,52.89,120.78,-67.89,-128.36
TXN_6307,2024-05-11 09:00:00,CUST_468,Apparel,5,438.9,25.57,2024,5,May,Saturday,2194.5,127.85,2066.65,94.17
TXN_6308,2024-05-11 09:30:00,CUST_281,Home Goods,3,389.6,72.03,2024,5,May,Saturday,1168.8,216.09,952.71,81.51
TXN_6309,2024-05-11 10:00:00,CUST_404,Apparel,2,538.54,245.17,2024,5,May,Saturday,1077.08,490.34,586.74,54.48
TXN_6310,2024-05-11 10:30:00,CUST_243,Electronics,4,319.0,346.66,2024,5,May,Saturday,1276.0,1386.64,-110.64,-8.67
TXN_6312,2024-05-11 11:30:00,CUST_415,Electronics,3,428.61,282.68,2024,5,May,Saturday,1285.83,848.04,437.79,34.05
TXN_6314,2024-05-11 12:30:00,CUST_129,Apparel,2,36.59,26.38,2024,5,May,Saturday,73.18,52.76,20.42,27.9
TXN_6317,2024-05-11 14:00:00,CUST_383,Home Goods,2,211.36,337.84,2024,5,May,Saturday,422.72,675.68,-252.96,-59.84
TXN_6319,2024-05-11 15:00:00,CUST_195,Apparel,4,485.83,89.95,2024,5,May,Saturday,1943.32,359.8,1583.52,81.49
TXN_6320,2024-05-11 15:30:00,CUST_480,Apparel,3,562.53,341.39,2024,5,May,Saturday,1687.59,1024.17,663.42,39.31
TXN_6321,2024-05-11 16:00:00,CUST_365,Unknown,2,599.19,92.72,2024,5,May,Saturday,1198.38,185.44,1012.94,84.53
TXN_6322,2024-05-11 16:30:00,CUST_397,Home Goods,4,268.76,310.04,2024,5,May,Saturday,1075.04,1240.16,-165.12,-15.36
TXN_6323,2024-05-11 17:00:00,CUST_395,Home Goods,3,147.84,68.86,2024,5,May,Saturday,443.52,206.58,236.94,53.42
TXN_6324,2024-05-11 17:30:00,CUST_324,Electronics,3,342.6,239.42,2024,5,May,Saturday,1027.8,718.26,309.54,30.12
TXN_6325,2024-05-11 18:00:00,CUST_432,Home Goods,4,530.46,149.84,2024,5,May,Saturday,2121.84,599.36,1522.48,71.75
TXN_6326,2024-05-11 18:30:00,CUST_460,Electronics,3,287.45,340.49,2024,5,May,Saturday,862.35,1021.47,-159.12,-18.45
TXN_6327,2024-05-11 19:00:00,CUST_473,Electronics,5,310.66,72.82,2024,5,May,Saturday,1553.3,364.1,1189.2,76.56
TXN_6328,2024-05-11 19:30:00,CUST_141,Home Goods,2,93.65,148.99,2024,5,May,Saturday,187.3,297.98,-110.68,-59.09
TXN_6329,2024-05-11 20:00:00,CUST_402,Electronics,2,260.97,227.52,2024,5,May,Saturday,521.94,455.04,66.9,12.82
TXN_6330,2024-05-11 20:30:00,CUST_345,Unknown,3,241.39,342.39,2024,5,May,Saturday,724.17,1027.17,-303.0,-41.84
TXN_6331,2024-05-11 21:00:00,CUST_307,Electronics,4,220.74,113.31,2024,5,May,Saturday,882.96,453.24,429.72,48.67
TXN_6332,2024-05-11 21:30:00,CUST_336,Home Goods,1,534.07,144.94,2024,5,May,Saturday,534.07,144.94,389.13,72.86
TXN_6334,2024-05-11 22:30:00,CUST_284,Electronics,3,583.71,95.92,2024,5,May,Saturday,1751.13,287.76,1463.37,83.57
TXN_6335,2024-05-11 23:00:00,CUST_341,Electronics,1,19.82,287.9,2024,5,May,Saturday,19.82,287.9,-268.08,-1352.57
TXN_6336,2024-05-11 23:30:00,CUST_462,Apparel,3,568.17,41.28,2024,5,May,Saturday,1704.51,123.84,1580.67,92.73
TXN_6337,2024-05-12 00:00:00,CUST_382,Electronics,1,335.61,249.63,2024,5,May,Sunday,335.61,249.63,85.98,25.62
TXN_6338,2024-05-12 00:30:00,CUST_140,Apparel,3,425.93,191.54,2024,5,May,Sunday,1277.79,574.62,703.17,55.03
TXN_6339,2024-05-12 01:00:00,CUST_435,Electronics,4,124.47,92.26,2024,5,May,Sunday,497.88,369.04,128.84,25.88
TXN_6343,2024-05-12 03:00:00,CUST_421,Home Goods,1,89.34,51.45,2024,5,May,Sunday,89.34,51.45,37.89,42.41
TXN_6344,2024-05-12 03:30:00,CUST_111,Home Goods,5,192.83,23.87,2024,5,May,Sunday,964.15,119.35,844.8,87.62
TXN_6345,2024-05-12 04:00:00,CUST_172,Electronics,4,109.61,274.45,2024,5,May,Sunday,438.44,1097.8,-659.36,-150.39
TXN_6347,2024-05-12 05:00:00,CUST_445,Home Goods,3,411.82,326.62,2024,5,May,Sunday,1235.46,979.86,255.6,20.69
TXN_6348,2024-05-12 05:30:00,CUST_300,Electronics,1,140.09,219.83,2024,5,May,Sunday,140.09,219.83,-79.74,-56.92
TXN_6350,2024-05-12 06:30:00,CUST_451,Apparel,2,519.23,201.92,2024,5,May,Sunday,1038.46,403.84,634.62,61.11
TXN_6351,2024-05-12 07:00:00,CUST_325,Electronics,4,396.43,165.43,2024,5,May,Sunday,1585.72,661.72,924.0,58.27
TXN_6352,2024-05-12 07:30:00,CUST_275,Electronics,1,84.83,317.98,2024,5,May,Sunday,84.83,317.98,-233.15,-274.84
TXN_6353,2024-05-12 08:00:00,CUST_375,Electronics,4,350.54,165.73,2024,5,May,Sunday,1402.16,662.92,739.24,52.72
TXN_6354,2024-05-12 08:30:00,CUST_138,Apparel,1,245.27,45.38,2024,5,May,Sunday,245.27,45.38,199.89,81.5
TXN_6356,2024-05-12 09:30:00,CUST_165,Electronics,2,201.34,221.81,2024,5,May,Sunday,402.68,443.62,-40.94,-10.17
TXN_6357,2024-05-12 10:00:00,CUST_420,Electronics,5,558.72,270.21,2024,5,May,Sunday,2793.6,1351.05,1442.55,51.64
TXN_6358,2024-05-12 10:30:00,CUST_223,Electronics,2,449.37,327.32,2024,5,May,Sunday,898.74,654.64,244.1,27.16
TXN_6359,2024-05-12 11:00:00,CUST_263,Electronics,3,93.3,160.65,2024,5,May,Sunday,279.9,481.95,-202.05,-72.19
TXN_6360,2024-05-12 11:30:00,CUST_485,Home Goods,4,293.46,129.71,2024,5,May,Sunday,1173.84,518.84,655.0,55.8
TXN_6361,2024-05-12 12:00:00,CUST_258,Electronics,5,201.16,176.86,2024,5,May,Sunday,1005.8,884.3,121.5,12.08
TXN_6362,2024-05-12 12:30:00,CUST_156,Apparel,4,587.09,316.07,2024,5,May,Sunday,2348.36,1264.28,1084.08,46.16
TXN_6364,2024-05-12 13:30:00,CUST_293,Apparel,1,201.93,340.22,2024,5,May,Sunday,201.93,340.22,-138.29,-68.48
TXN_6365,2024-05-12 14:00:00,CUST_384,Apparel,3,220.99,88.1,2024,5,May,Sunday,662.97,264.3,398.67,60.13
TXN_6366,2024-05-12 14:30:00,CUST_114,Electronics,3,365.66,178.94,2024,5,May,Sunday,1096.98,536.82,560.16,51.06
TXN_6367,2024-05-12 15:00:00,CUST_111,Home Goods,4,295.39,98.22,2024,5,May,Sunday,1181.56,392.88,788.68,66.75
TXN_6369,2024-05-12 16:00:00,CUST_255,Home Goods,3,401.34,20.77,2024,5,May,Sunday,1204.02,62.31,1141.71,94.82
TXN_6370,2024-05-12 16:30:00,CUST_439,Apparel,4,210.47,64.6,2024,5,May,Sunday,841.88,258.4,583.48,69.31
TXN_6371,2024-05-12 17:00:00,CUST_224,Unknown,1,397.42,145.01,2024,5,May,Sunday,397.42,145.01,252.41,63.51
TXN_6372,2024-05-12 17:30:00,CUST_458,Home Goods,1,239.45,134.0,2024,5,May,Sunday,239.45,134.0,105.45,44.04
TXN_6373,2024-05-12 18:00:00,CUST_379,Unknown,4,424.62,104.8,2024,5,May,Sunday,1698.48,419.2,1279.28,75.32
TXN_6374,2024-05-12 18:30:00,CUST_493,Apparel,2,405.66,88.31,2024,5,May,Sunday,811.32,176.62,634.7,78.23
TXN_6375,2024-05-12 19:00:00,CUST_209,Apparel,2,312.66,264.64,2024,5,May,Sunday,625.32,529.28,96.04,15.36
TXN_6376,2024-05-12 19:30:00,CUST_433,Home Goods,1,427.27,110.15,2024,5,May,Sunday,427.27,110.15,317.12,74.22
TXN_6377,2024-05-12 20:00:00,CUST_456,Home Goods,5,284.66,250.22,2024,5,May,Sunday,1423.3,1251.1,172.2,12.1
TXN_6378,2024-05-12 20:30:00,CUST_245,Unknown,2,82.94,135.33,2024,5,May,Sunday,165.88,270.66,-104.78,-63.17
TXN_6379,2024-05-12 21:00:00,CUST_315,Electronics,4,121.53,282.67,2024,5,May,Sunday,486.12,1130.68,-644.56,-132.59
TXN_6380,2024-05-12 21:30:00,CUST_497,Home Goods,1,158.91,66.86,2024,5,May,Sunday,158.91,66.86,92.05,57.93
TXN_6381,2024-05-12 22:00:00,CUST_261,Electronics,3,51.99,63.59,2024,5,May,Sunday,155.97,190.77,-34.8,-22.31
TXN_6382,2024-05-12 22:30:00,CUST_227,Apparel,3,431.16,241.09,2024,5,May,Sunday,1293.48,723.27,570.21,44.08
TXN_6384,2024-05-12 23:30:00,CUST_431,Electronics,2,69.71,58.62,2024,5,May,Sunday,139.42,117.24,22.18,15.91
TXN_6385,2024-05-13 00:00:00,CUST_249,Home Goods,5,494.68,35.06,2024,5,May,Monday,2473.4,175.3,2298.1,92.91
TXN_6387,2024-05-13 01:00:00,CUST_272,Apparel,2,279.55,49.89,2024,5,May,Monday,559.1,99.78,459.32,82.15
TXN_6388,2024-05-13 01:30:00,CUST_121,Apparel,5,159.74,95.12,2024,5,May,Monday,798.7,475.6,323.1,40.45
TXN_6389,2024-05-13 02:00:00,CUST_305,Electronics,2,103.77,326.03,2024,5,May,Monday,207.54,652.06,-444.52,-214.19
TXN_6390,2024-05-13 02:30:00,CUST_226,Electronics,3,283.15,282.99,2024,5,May,Monday,849.45,848.97,0.48,0.06
TXN_6391,2024-05-13 03:00:00,CUST_435,Apparel,5,532.87,126.54,2024,5,May,Monday,2664.35,632.7,2031.65,76.25
TXN_6392,2024-05-13 03:30:00,CUST_455,Electronics,3,125.21,334.54,2024,5,May,Monday,375.63,1003.62,-627.99,-167.18
TXN_6394,2024-05-13 04:30:00,CUST_195,Unknown,4,577.59,34.56,2024,5,May,Monday,2310.36,138.24,2172.12,94.02
TXN_6395,2024-05-13 05:00:00,CUST_263,Electronics,4,387.71,249.04,2024,5,May,Monday,1550.84,996.16,554.68,35.77
TXN_6396,2024-05-13 05:30:00,CUST_247,Electronics,1,272.38,192.67,2024,5,May,Monday,272.38,192.67,79.71,29.26
TXN_6397,2024-05-13 06:00:00,CUST_117,Apparel,3,434.08,204.68,2024,5,May,Monday,1302.24,614.04,688.2,52.85
TXN_6398,2024-05-13 06:30:00,CUST_393,Apparel,3,497.38,348.0,2024,5,May,Monday,1492.14,1044.0,448.14,30.03
TXN_6400,2024-05-13 07:30:00,CUST_250,Electronics,1,525.02,233.31,2024,5,May,Monday,525.02,233.31,291.71,55.56
TXN_6401,2024-05-13 08:00:00,CUST_464,Apparel,4,316.04,165.97,2024,5,May,Monday,1264.16,663.88,600.28,47.48
TXN_6402,2024-05-13 08:30:00,CUST_222,Unknown,4,500.57,102.44,2024,5,May,Monday,2002.28,409.76,1592.52,79.54
TXN_6403,2024-05-13 09:00:00,CUST_499,Electronics,5,571.93,245.81,2024,5,May,Monday,2859.65,1229.05,1630.6,57.02
TXN_6404,2024-05-13 09:30:00,CUST_286,Apparel,5,308.23,237.19,2024,5,May,Monday,1541.15,1185.95,355.2,23.05
TXN_6407,2024-05-13 11:00:00,CUST_342,Apparel,4,472.14,201.02,2024,5,May,Monday,1888.56,804.08,1084.48,57.42
TXN_6409,2024-05-13 12:00:00,CUST_305,Unknown,2,30.93,190.06,2024,5,May,Monday,61.86,380.12,-318.26,-514.48
TXN_6410,2024-05-13 12:30:00,CUST_297,Apparel,3,444.02,132.15,2024,5,May,Monday,1332.06,396.45,935.61,70.24
TXN_6411,2024-05-13 13:00:00,CUST_495,Home Goods,5,473.53,104.3,2024,5,May,Monday,2367.65,521.5,1846.15,77.97
TXN_6412,2024-05-13 13:30:00,CUST_499,Apparel,2,424.75,197.54,2024,5,May,Monday,849.5,395.08,454.42,53.49
TXN_6413,2024-05-13 14:00:00,CUST_436,Apparel,5,432.51,233.7,2024,5,May,Monday,2162.55,1168.5,994.05,45.97
TXN_6414,2024-05-13 14:30:00,CUST_186,Electronics,1,39.22,210.79,2024,5,May,Monday,39.22,210.79,-171.57,-437.46
TXN_6415,2024-05-13 15:00:00,CUST_241,Electronics,3,273.59,334.5,2024,5,May,Monday,820.77,1003.5,-182.73,-22.26
TXN_6418,2024-05-13 16:30:00,CUST_145,Apparel,5,149.24,237.0,2024,5,May,Monday,746.2,1185.0,-438.8,-58.8
TXN_6419,2024-05-13 17:00:00,CUST_387,Electronics,4,353.83,214.12,2024,5,May,Monday,1415.32,856.48,558.84,39.49
TXN_6422,2024-05-13 18:30:00,CUST_268,Home Goods,1,377.05,96.28,2024,5,May,Monday,377.05,96.28,280.77,74.46
TXN_6423,2024-05-13 19:00:00,CUST_409,Apparel,1,25.93,295.57,2024,5,May,Monday,25.93,295.57,-269.64,-1039.88
TXN_6424,2024-05-13 19:30:00,CUST_143,Electronics,4,438.47,304.52,2024,5,May,Monday,1753.88,1218.08,535.8,30.55
TXN_6425,2024-05-13 20:00:00,CUST_197,Apparel,1,467.35,106.52,2024,5,May,Monday,467.35,106.52,360.83,77.21
TXN_6427,2024-05-13 21:00:00,CUST_208,Electronics,3,463.0,79.77,2024,5,May,Monday,1389.0,239.31,1149.69,82.77
TXN_6428,2024-05-13 21:30:00,CUST_382,Electronics,5,267.09,70.03,2024,5,May,Monday,1335.45,350.15,985.3,73.78
TXN_6429,2024-05-13 22:00:00,CUST_471,Electronics,1,596.35,90.73,2024,5,May,Monday,596.35,90.73,505.62,84.79
TXN_6430,2024-05-13 22:30:00,CUST_442,Unknown,3,465.91,89.78,2024,5,May,Monday,1397.73,269.34,1128.39,80.73
TXN_6431,2024-05-13 23:00:00,CUST_203,Electronics,4,353.53,173.15,2024,5,May,Monday,1414.12,692.6,721.52,51.02
TXN_6432,2024-05-13 23:30:00,CUST_355,Apparel,5,561.5,118.68,2024,5,May,Monday,2807.5,593.4,2214.1,78.86
TXN_6433,2024-05-14 00:00:00,CUST_478,Electronics,4,546.3,200.34,2024,5,May,Tuesday,2185.2,801.36,1383.84,63.33
TXN_6434,2024-05-14 00:30:00,CUST_305,Apparel,5,491.52,127.01,2024,5,May,Tuesday,2457.6,635.05,1822.55,74.16
TXN_6436,2024-05-14 01:30:00,CUST_142,Apparel,1,323.35,333.27,2024,5,May,Tuesday,323.35,333.27,-9.92,-3.07
TXN_6437,2024-05-14 02:00:00,CUST_452,Apparel,1,207.29,147.33,2024,5,May,Tuesday,207.29,147.33,59.96,28.93
TXN_6438,2024-05-14 02:30:00,CUST_344,Apparel,5,161.76,26.82,2024,5,May,Tuesday,808.8,134.1,674.7,83.42
TXN_6439,2024-05-14 03:00:00,CUST_386,Electronics,3,314.73,91.46,2024,5,May,Tuesday,944.19,274.38,669.81,70.94
TXN_6440,2024-05-14 03:30:00,CUST_454,Apparel,3,353.0,44.63,2024,5,May,Tuesday,1059.0,133.89,925.11,87.36
TXN_6441,2024-05-14 04:00:00,CUST_372,Electronics,3,158.05,127.22,2024,5,May,Tuesday,474.15,381.66,92.49,19.51
TXN_6442,2024-05-14 04:30:00,CUST_182,Electronics,2,554.72,229.34,2024,5,May,Tuesday,1109.44,458.68,650.76,58.66
TXN_6446,2024-05-14 06:30:00,CUST_496,Apparel,3,48.97,54.7,2024,5,May,Tuesday,146.91,164.1,-17.19,-11.7
TXN_6447,2024-05-14 07:00:00,CUST_350,Electronics,1,531.2,87.59,2024,5,May,Tuesday,531.2,87.59,443.61,83.51
TXN_6449,2024-05-14 08:00:00,CUST_390,Electronics,2,390.84,77.06,2024,5,May,Tuesday,781.68,154.12,627.56,80.28
TXN_6450,2024-05-14 08:30:00,CUST_232,Apparel,3,370.35,240.78,2024,5,May,Tuesday,1111.05,722.34,388.71,34.99
TXN_6451,2024-05-14 09:00:00,CUST_300,Apparel,1,356.92,342.16,2024,5,May,Tuesday,356.92,342.16,14.76,4.14
TXN_6452,2024-05-14 09:30:00,CUST_384,Electronics,2,322.54,292.66,2024,5,May,Tuesday,645.08,585.32,59.76,9.26
TXN_6453,2024-05-14 10:00:00,CUST_425,Apparel,1,121.14,64.4,2024,5,May,Tuesday,121.14,64.4,56.74,46.84
TXN_6454,2024-05-14 10:30:00,CUST_194,Apparel,5,179.15,186.97,2024,5,May,Tuesday,895.75,934.85,-39.1,-4.37
TXN_6455,2024-05-14 11:00:00,CUST_377,Apparel,1,321.65,153.59,2024,5,May,Tuesday,321.65,153.59,168.06,52.25
TXN_6456,2024-05-14 11:30:00,CUST_424,Apparel,2,476.77,347.17,2024,5,May,Tuesday,953.54,694.34,259.2,27.18
TXN_6457,2024-05-14 12:00:00,CUST_318,Apparel,3,267.71,337.9,2024,5,May,Tuesday,803.13,1013.7,-210.57,-26.22
TXN_6459,2024-05-14 13:00:00,CUST_171,Electronics,2,66.45,318.97,2024,5,May,Tuesday,132.9,637.94,-505.04,-380.02
TXN_6460,2024-05-14 13:30:00,CUST_346,Electronics,3,402.86,75.76,2024,5,May,Tuesday,1208.58,227.28,981.3,81.19
TXN_6461,2024-05-14 14:00:00,CUST_228,Electronics,3,262.65,118.61,2024,5,May,Tuesday,787.95,355.83,432.12,54.84
TXN_6463,2024-05-14 15:00:00,CUST_442,Home Goods,4,409.56,107.52,2024,5,May,Tuesday,1638.24,430.08,1208.16,73.75
TXN_6465,2024-05-14 16:00:00,CUST_174,Electronics,5,312.77,122.18,2024,5,May,Tuesday,1563.85,610.9,952.95,60.94
TXN_6466,2024-05-14 16:30:00,CUST_153,Home Goods,4,194.12,287.69,2024,5,May,Tuesday,776.48,1150.76,-374.28,-48.2
TXN_6468,2024-05-14 17:30:00,CUST_153,Home Goods,2,148.55,295.86,2024,5,May,Tuesday,297.1,591.72,-294.62,-99.17
TXN_6469,2024-05-14 18:00:00,CUST_317,Apparel,4,260.65,127.69,2024,5,May,Tuesday,1042.6,510.76,531.84,51.01
TXN_6471,2024-05-14 19:00:00,CUST_198,Electronics,3,201.45,191.53,2024,5,May,Tuesday,604.35,574.59,29.76,4.92
TXN_6472,2024-05-14 19:30:00,CUST_119,Electronics,2,392.09,277.42,2024,5,May,Tuesday,784.18,554.84,229.34,29.25
TXN_6473,2024-05-14 20:00:00,CUST_145,Electronics,4,200.29,62.05,2024,5,May,Tuesday,801.16,248.2,552.96,69.02
TXN_6474,2024-05-14 20:30:00,CUST_292,Apparel,1,79.74,226.97,2024,5,May,Tuesday,79.74,226.97,-147.23,-184.64
TXN_6477,2024-05-14 22:00:00,CUST_210,Apparel,5,279.75,337.62,2024,5,May,Tuesday,1398.75,1688.1,-289.35,-20.69
TXN_6478,2024-05-14 22:30:00,CUST_228,Electronics,1,381.31,29.86,2024,5,May,Tuesday,381.31,29.86,351.45,92.17
TXN_6479,2024-05-14 23:00:00,CUST_436,Home Goods,2,371.21,127.56,2024,5,May,Tuesday,742.42,255.12,487.3,65.64
TXN_6480,2024-05-14 23:30:00,CUST_293,Electronics,4,257.83,172.03,2024,5,May,Tuesday,1031.32,688.12,343.2,33.28
TXN_6481,2024-05-15 00:00:00,CUST_439,Electronics,3,374.71,115.32,2024,5,May,Wednesday,1124.13,345.96,778.17,69.22
TXN_6482,2024-05-15 00:30:00,CUST_425,Home Goods,4,166.7,115.33,2024,5,May,Wednesday,666.8,461.32,205.48,30.82
TXN_6484,2024-05-15 01:30:00,CUST_128,Apparel,2,273.76,286.4,2024,5,May,Wednesday,547.52,572.8,-25.28,-4.62
TXN_6485,2024-05-15 02:00:00,CUST_211,Home Goods,2,520.45,318.74,2024,5,May,Wednesday,1040.9,637.48,403.42,38.76
TXN_6486,2024-05-15 02:30:00,CUST_260,Home Goods,2,218.77,37.99,2024,5,May,Wednesday,437.54,75.98,361.56,82.63
TXN_6487,2024-05-15 03:00:00,CUST_230,Home Goods,2,386.56,62.67,2024,5,May,Wednesday,773.12,125.34,647.78,83.79
TXN_6490,2024-05-15 04:30:00,CUST_296,Electronics,4,394.33,279.0,2024,5,May,Wednesday,1577.32,1116.0,461.32,29.25
TXN_6491,2024-05-15 05:00:00,CUST_463,Electronics,1,460.95,34.29,2024,5,May,Wednesday,460.95,34.29,426.66,92.56
TXN_6492,2024-05-15 05:30:00,CUST_303,Electronics,3,285.34,226.52,2024,5,May,Wednesday,856.02,679.56,176.46,20.61
TXN_6493,2024-05-15 06:00:00,CUST_311,Electronics,3,211.03,60.77,2024,5,May,Wednesday,633.09,182.31,450.78,71.2
TXN_6494,2024-05-15 06:30:00,CUST_208,Home Goods,5,547.51,340.3,2024,5,May,Wednesday,2737.55,1701.5,1036.05,37.85
TXN_6496,2024-05-15 07:30:00,CUST_172,Apparel,2,436.62,332.86,2024,5,May,Wednesday,873.24,665.72,207.52,23.76
TXN_6497,2024-05-15 08:00:00,CUST_266,Apparel,2,418.75,46.1,2024,5,May,Wednesday,837.5,92.2,745.3,88.99
TXN_6498,2024-05-15 08:30:00,CUST_359,Apparel,2,418.79,175.93,2024,5,May,Wednesday,837.58,351.86,485.72,57.99
TXN_6500,2024-05-15 09:30:00,CUST_374,Electronics,1,440.99,214.12,2024,5,May,Wednesday,440.99,214.12,226.87,51.45
TXN_6501,2024-05-15 10:00:00,CUST_201,Apparel,2,191.42,89.13,2024,5,May,Wednesday,382.84,178.26,204.58,53.44
TXN_6502,2024-05-15 10:30:00,CUST_272,Apparel,5,221.74,272.01,2024,5,May,Wednesday,1108.7,1360.05,-251.35,-22.67
TXN_6503,2024-05-15 11:00:00,CUST_270,Electronics,5,243.8,228.96,2024,5,May,Wednesday,1219.0,1144.8,74.2,6.09
TXN_6504,2024-05-15 11:30:00,CUST_240,Apparel,1,33.02,204.35,2024,5,May,Wednesday,33.02,204.35,-171.33,-518.87
TXN_6506,2024-05-15 12:30:00,CUST_287,Electronics,2,58.03,180.09,2024,5,May,Wednesday,116.06,360.18,-244.12,-210.34
TXN_6508,2024-05-15 13:30:00,CUST_151,Electronics,4,442.14,221.04,2024,5,May,Wednesday,1768.56,884.16,884.4,50.01
TXN_6509,2024-05-15 14:00:00,CUST_210,Home Goods,4,508.57,335.4,2024,5,May,Wednesday,2034.28,1341.6,692.68,34.05
TXN_6510,2024-05-15 14:30:00,CUST_464,Apparel,3,338.72,214.39,2024,5,May,Wednesday,1016.16,643.17,372.99,36.71
TXN_6511,2024-05-15 15:00:00,CUST_441,Apparel,1,439.28,224.07,2024,5,May,Wednesday,439.28,224.07,215.21,48.99
TXN_6512,2024-05-15 15:30:00,CUST_142,Apparel,4,192.09,327.82,2024,5,May,Wednesday,768.36,1311.28,-542.92,-70.66
TXN_6513,2024-05-15 16:00:00,CUST_310,Home Goods,3,451.17,185.19,2024,5,May,Wednesday,1353.51,555.57,797.94,58.95
TXN_6514,2024-05-15 16:30:00,CUST_299,Home Goods,5,215.9,348.76,2024,5,May,Wednesday,1079.5,1743.8,-664.3,-61.54
TXN_6515,2024-05-15 17:00:00,CUST_397,Home Goods,3,543.16,64.29,2024,5,May,Wednesday,1629.48,192.87,1436.61,88.16
TXN_6516,2024-05-15 17:30:00,CUST_445,Home Goods,2,110.58,192.59,2024,5,May,Wednesday,221.16,385.18,-164.02,-74.16
TXN_6517,2024-05-15 18:00:00,CUST_339,Apparel,2,199.72,82.39,2024,5,May,Wednesday,399.44,164.78,234.66,58.75
TXN_6518,2024-05-15 18:30:00,CUST_214,Apparel,5,306.78,164.13,2024,5,May,Wednesday,1533.9,820.65,713.25,46.5
TXN_6519,2024-05-15 19:00:00,CUST_125,Home Goods,1,468.87,68.0,2024,5,May,Wednesday,468.87,68.0,400.87,85.5
TXN_6521,2024-05-15 20:00:00,CUST_176,Electronics,2,138.27,81.67,2024,5,May,Wednesday,276.54,163.34,113.2,40.93
TXN_6522,2024-05-15 20:30:00,CUST_236,Electronics,2,99.38,118.81,2024,5,May,Wednesday,198.76,237.62,-38.86,-19.55
TXN_6523,2024-05-15 21:00:00,CUST_119,Unknown,3,192.82,55.77,2024,5,May,Wednesday,578.46,167.31,411.15,71.08
TXN_6524,2024-05-15 21:30:00,CUST_310,Electronics,3,298.0,285.18,2024,5,May,Wednesday,894.0,855.54,38.46,4.3
TXN_6525,2024-05-15 22:00:00,CUST_339,Home Goods,3,330.32,85.03,2024,5,May,Wednesday,990.96,255.09,735.87,74.26
TXN_6526,2024-05-15 22:30:00,CUST_138,Electronics,4,266.05,151.63,2024,5,May,Wednesday,1064.2,606.52,457.68,43.01
TXN_6528,2024-05-15 23:30:00,CUST_306,Electronics,5,265.12,45.66,2024,5,May,Wednesday,1325.6,228.3,1097.3,82.78
TXN_6529,2024-05-16 00:00:00,CUST_366,Electronics,1,568.6,314.73,2024,5,May,Thursday,568.6,314.73,253.87,44.65
TXN_6530,2024-05-16 00:30:00,CUST_253,Electronics,3,167.67,294.63,2024,5,May,Thursday,503.01,883.89,-380.88,-75.72
TXN_6531,2024-05-16 01:00:00,CUST_141,Apparel,1,382.01,295.91,2024,5,May,Thursday,382.01,295.91,86.1,22.54
TXN_6533,2024-05-16 02:00:00,CUST_393,Unknown,3,179.72,58.12,2024,5,May,Thursday,539.16,174.36,364.8,67.66
TXN_6534,2024-05-16 02:30:00,CUST_197,Apparel,2,255.84,46.68,2024,5,May,Thursday,511.68,93.36,418.32,81.75
TXN_6536,2024-05-16 03:30:00,CUST_489,Apparel,1,115.91,291.59,2024,5,May,Thursday,115.91,291.59,-175.68,-151.57
TXN_6537,2024-05-16 04:00:00,CUST_471,Apparel,4,294.22,316.04,2024,5,May,Thursday,1176.88,1264.16,-87.28,-7.42
TXN_6538,2024-05-16 04:30:00,CUST_329,Apparel,3,241.2,108.17,2024,5,May,Thursday,723.6,324.51,399.09,55.15
TXN_6540,2024-05-16 05:30:00,CUST_319,Electronics,5,278.18,44.3,2024,5,May,Thursday,1390.9,221.5,1169.4,84.08
TXN_6541,2024-05-16 06:00:00,CUST_164,Electronics,2,261.78,273.3,2024,5,May,Thursday,523.56,546.6,-23.04,-4.4
TXN_6544,2024-05-16 07:30:00,CUST_427,Electronics,3,393.79,325.83,2024,5,May,Thursday,1181.37,977.49,203.88,17.26
TXN_6546,2024-05-16 08:30:00,CUST_473,Home Goods,1,565.59,27.93,2024,5,May,Thursday,565.59,27.93,537.66,95.06
TXN_6547,2024-05-16 09:00:00,CUST_475,Unknown,3,65.9,12.77,2024,5,May,Thursday,197.7,38.31,159.39,80.62
TXN_6548,2024-05-16 09:30:00,CUST_362,Home Goods,2,83.95,277.72,2024,5,May,Thursday,167.9,555.44,-387.54,-230.82
TXN_6549,2024-05-16 10:00:00,CUST_366,Electronics,5,45.31,197.85,2024,5,May,Thursday,226.55,989.25,-762.7,-336.66
TXN_6550,2024-05-16 10:30:00,CUST_458,Apparel,5,326.35,254.91,2024,5,May,Thursday,1631.75,1274.55,357.2,21.89
TXN_6551,2024-05-16 11:00:00,CUST_416,Electronics,5,379.31,63.32,2024,5,May,Thursday,1896.55,316.6,1579.95,83.31
TXN_6553,2024-05-16 12:00:00,CUST_495,Home Goods,2,481.77,272.93,2024,5,May,Thursday,963.54,545.86,417.68,43.35
TXN_6557,2024-05-16 14:00:00,CUST_239,Electronics,3,49.11,61.59,2024,5,May,Thursday,147.33,184.77,-37.44,-25.41
TXN_6558,2024-05-16 14:30:00,CUST_150,Electronics,2,175.76,326.23,2024,5,May,Thursday,351.52,652.46,-300.94,-85.61
TXN_6559,2024-05-16 15:00:00,CUST_216,Home Goods,2,26.14,70.12,2024,5,May,Thursday,52.28,140.24,-87.96,-168.25
TXN_6561,2024-05-16 16:00:00,CUST_408,Unknown,3,192.81,75.51,2024,5,May,Thursday,578.43,226.53,351.9,60.84
TXN_6562,2024-05-16 16:30:00,CUST_187,Electronics,4,338.17,272.27,2024,5,May,Thursday,1352.68,1089.08,263.6,19.49
TXN_6564,2024-05-16 17:30:00,CUST_476,Apparel,5,158.8,285.71,2024,5,May,Thursday,794.0,1428.55,-634.55,-79.92
TXN_6565,2024-05-16 18:00:00,CUST_368,Home Goods,1,104.13,201.5,2024,5,May,Thursday,104.13,201.5,-97.37,-93.51
TXN_6567,2024-05-16 19:00:00,CUST_480,Home Goods,1,375.02,33.41,2024,5,May,Thursday,375.02,33.41,341.61,91.09
TXN_6568,2024-05-16 19:30:00,CUST_217,Electronics,3,583.4,304.85,2024,5,May,Thursday,1750.2,914.55,835.65,47.75
TXN_6569,2024-05-16 20:00:00,CUST_153,Home Goods,1,341.48,155.42,2024,5,May,Thursday,341.48,155.42,186.06,54.49
TXN_6570,2024-05-16 20:30:00,CUST_215,Electronics,4,326.63,164.74,2024,5,May,Thursday,1306.52,658.96,647.56,49.56
TXN_6571,2024-05-16 21:00:00,CUST_217,Electronics,2,35.63,53.38,2024,5,May,Thursday,71.26,106.76,-35.5,-49.82
TXN_6572,2024-05-16 21:30:00,CUST_359,Apparel,5,506.46,21.37,2024,5,May,Thursday,2532.3,106.85,2425.45,95.78
TXN_6573,2024-05-16 22:00:00,CUST_174,Home Goods,1,41.23,117.65,2024,5,May,Thursday,41.23,117.65,-76.42,-185.35
TXN_6574,2024-05-16 22:30:00,CUST_404,Apparel,1,545.15,69.45,2024,5,May,Thursday,545.15,69.45,475.7,87.26
TXN_6575,2024-05-16 23:00:00,CUST_106,Home Goods,3,330.12,174.34,2024,5,May,Thursday,990.36,523.02,467.34,47.19
TXN_6576,2024-05-16 23:30:00,CUST_465,Apparel,3,113.55,60.09,2024,5,May,Thursday,340.65,180.27,160.38,47.08
TXN_6578,2024-05-17 00:30:00,CUST_110,Home Goods,2,597.07,308.17,2024,5,May,Friday,1194.14,616.34,577.8,48.39
TXN_6579,2024-05-17 01:00:00,CUST_447,Electronics,5,193.47,323.24,2024,5,May,Friday,967.35,1616.2,-648.85,-67.07
TXN_6582,2024-05-17 02:30:00,CUST_127,Apparel,1,364.33,272.15,2024,5,May,Friday,364.33,272.15,92.18,25.3
TXN_6583,2024-05-17 03:00:00,CUST_334,Apparel,2,67.2,294.17,2024,5,May,Friday,134.4,588.34,-453.94,-337.75
TXN_6584,2024-05-17 03:30:00,CUST_466,Electronics,5,463.11,234.03,2024,5,May,Friday,2315.55,1170.15,1145.4,49.47
TXN_6585,2024-05-17 04:00:00,CUST_412,Electronics,2,552.75,122.28,2024,5,May,Friday,1105.5,244.56,860.94,77.88
TXN_6586,2024-05-17 04:30:00,CUST_125,Electronics,1,560.14,63.17,2024,5,May,Friday,560.14,63.17,496.97,88.72
TXN_6587,2024-05-17 05:00:00,CUST_153,Electronics,3,78.13,90.67,2024,5,May,Friday,234.39,272.01,-37.62,-16.05
TXN_6588,2024-05-17 05:30:00,CUST_128,Electronics,3,341.58,295.74,2024,5,May,Friday,1024.74,887.22,137.52,13.42
TXN_6589,2024-05-17 06:00:00,CUST_452,Apparel,3,71.81,246.67,2024,5,May,Friday,215.43,740.01,-524.58,-243.5
TXN_6590,2024-05-17 06:30:00,CUST_263,Home Goods,4,349.63,164.97,2024,5,May,Friday,1398.52,659.88,738.64,52.82
TXN_6591,2024-05-17 07:00:00,CUST_369,Apparel,2,491.76,20.0,2024,5,May,Friday,983.52,40.0,943.52,95.93
TXN_6592,2024-05-17 07:30:00,CUST_433,Home Goods,1,329.61,100.51,2024,5,May,Friday,329.61,100.51,229.1,69.51
TXN_6593,2024-05-17 08:00:00,CUST_134,Apparel,2,525.15,257.83,2024,5,May,Friday,1050.3,515.66,534.64,50.9
TXN_6594,2024-05-17 08:30:00,CUST_385,Apparel,3,483.98,184.21,2024,5,May,Friday,1451.94,552.63,899.31,61.94
TXN_6597,2024-05-17 10:00:00,CUST_307,Apparel,2,19.34,216.36,2024,5,May,Friday,38.68,432.72,-394.04,-1018.72
TXN_6598,2024-05-17 10:30:00,CUST_337,Electronics,5,246.68,338.57,2024,5,May,Friday,1233.4,1692.85,-459.45,-37.25
TXN_6601,2024-05-17 12:00:00,CUST_178,Electronics,2,252.15,173.52,2024,5,May,Friday,504.3,347.04,157.26,31.18
TXN_6603,2024-05-17 13:00:00,CUST_316,Electronics,4,443.21,183.61,2024,5,May,Friday,1772.84,734.44,1038.4,58.57
TXN_6604,2024-05-17 13:30:00,CUST_457,Electronics,4,467.33,216.11,2024,5,May,Friday,1869.32,864.44,1004.88,53.76
TXN_6605,2024-05-17 14:00:00,CUST_205,Electronics,3,445.43,78.01,2024,5,May,Friday,1336.29,234.03,1102.26,82.49
TXN_6606,2024-05-17 14:30:00,CUST_146,Home Goods,1,184.16,275.73,2024,5,May,Friday,184.16,275.73,-91.57,-49.72
TXN_6608,2024-05-17 15:30:00,CUST_163,Home Goods,5,336.17,347.28,2024,5,May,Friday,1680.85,1736.4,-55.55,-3.3
TXN_6610,2024-05-17 16:30:00,CUST_343,Apparel,1,15.48,74.5,2024,5,May,Friday,15.48,74.5,-59.02,-381.27
TXN_6611,2024-05-17 17:00:00,CUST_419,Apparel,1,166.08,244.47,2024,5,May,Friday,166.08,244.47,-78.39,-47.2
TXN_6612,2024-05-17 17:30:00,CUST_186,Electronics,5,559.45,246.36,2024,5,May,Friday,2797.25,1231.8,1565.45,55.96
TXN_6613,2024-05-17 18:00:00,CUST_316,Apparel,4,184.69,207.94,2024,5,May,Friday,738.76,831.76,-93.0,-12.59
TXN_6616,2024-05-17 19:30:00,CUST_436,Apparel,3,96.08,151.79,2024,5,May,Friday,288.24,455.37,-167.13,-57.98
TXN_6617,2024-05-17 20:00:00,CUST_309,Apparel,2,137.07,319.56,2024,5,May,Friday,274.14,639.12,-364.98,-133.14
TXN_6618,2024-05-17 20:30:00,CUST_268,Electronics,4,338.88,193.07,2024,5,May,Friday,1355.52,772.28,583.24,43.03
TXN_6619,2024-05-17 21:00:00,CUST_429,Electronics,3,552.63,130.27,2024,5,May,Friday,1657.89,390.81,1267.08,76.43
TXN_6621,2024-05-17 22:00:00,CUST_490,Electronics,4,204.19,220.69,2024,5,May,Friday,816.76,882.76,-66.0,-8.08
TXN_6623,2024-05-17 23:00:00,CUST_405,Electronics,5,223.69,111.3,2024,5,May,Friday,1118.45,556.5,561.95,50.24
TXN_6624,2024-05-17 23:30:00,CUST_329,Apparel,1,547.59,144.51,2024,5,May,Friday,547.59,144.51,403.08,73.61
TXN_6625,2024-05-18 00:00:00,CUST_407,Apparel,5,236.04,34.35,2024,5,May,Saturday,1180.2,171.75,1008.45,85.45
TXN_6627,2024-05-18 01:00:00,CUST_100,Apparel,2,327.03,72.23,2024,5,May,Saturday,654.06,144.46,509.6,77.91
TXN_6628,2024-05-18 01:30:00,CUST_335,Electronics,5,472.51,75.9,2024,5,May,Saturday,2362.55,379.5,1983.05,83.94
TXN_6630,2024-05-18 02:30:00,CUST_103,Home Goods,1,154.91,256.24,2024,5,May,Saturday,154.91,256.24,-101.33,-65.41
TXN_6631,2024-05-18 03:00:00,CUST_231,Electronics,4,87.53,260.52,2024,5,May,Saturday,350.12,1042.08,-691.96,-197.64
TXN_6632,2024-05-18 03:30:00,CUST_317,Electronics,3,563.6,137.53,2024,5,May,Saturday,1690.8,412.59,1278.21,75.6
TXN_6636,2024-05-18 05:30:00,CUST_277,Unknown,2,360.5,285.53,2024,5,May,Saturday,721.0,571.06,149.94,20.8
TXN_6637,2024-05-18 06:00:00,CUST_288,Home Goods,4,318.55,92.81,2024,5,May,Saturday,1274.2,371.24,902.96,70.86
TXN_6640,2024-05-18 07:30:00,CUST_352,Electronics,3,130.87,316.02,2024,5,May,Saturday,392.61,948.06,-555.45,-141.48
TXN_6641,2024-05-18 08:00:00,CUST_391,Electronics,1,440.87,78.55,2024,5,May,Saturday,440.87,78.55,362.32,82.18
TXN_6642,2024-05-18 08:30:00,CUST_343,Electronics,5,24.28,328.26,2024,5,May,Saturday,121.4,1641.3,-1519.9,-1251.98
TXN_6644,2024-05-18 09:30:00,CUST_398,Electronics,4,28.48,220.23,2024,5,May,Saturday,113.92,880.92,-767.0,-673.28
TXN_6645,2024-05-18 10:00:00,CUST_382,Electronics,3,153.0,153.5,2024,5,May,Saturday,459.0,460.5,-1.5,-0.33
TXN_6646,2024-05-18 10:30:00,CUST_131,Electronics,3,171.94,335.15,2024,5,May,Saturday,515.82,1005.45,-489.63,-94.92
TXN_6647,2024-05-18 11:00:00,CUST_433,Unknown,5,107.14,160.93,2024,5,May,Saturday,535.7,804.65,-268.95,-50.21
TXN_6648,2024-05-18 11:30:00,CUST_476,Apparel,4,296.42,179.5,2024,5,May,Saturday,1185.68,718.0,467.68,39.44
TXN_6649,2024-05-18 12:00:00,CUST_245,Unknown,4,180.96,275.71,2024,5,May,Saturday,723.84,1102.84,-379.0,-52.36
TXN_6651,2024-05-18 13:00:00,CUST_115,Apparel,1,354.28,109.11,2024,5,May,Saturday,354.28,109.11,245.17,69.2
TXN_6652,2024-05-18 13:30:00,CUST_454,Electronics,4,346.39,273.6,2024,5,May,Saturday,1385.56,1094.4,291.16,21.01
TXN_6655,2024-05-18 15:00:00,CUST_286,Home Goods,5,87.53,222.56,2024,5,May,Saturday,437.65,1112.8,-675.15,-154.27
TXN_6656,2024-05-18 15:30:00,CUST_130,Unknown,4,461.08,193.29,2024,5,May,Saturday,1844.32,773.16,1071.16,58.08
TXN_6657,2024-05-18 16:00:00,CUST_359,Electronics,1,208.73,87.9,2024,5,May,Saturday,208.73,87.9,120.83,57.89
TXN_6658,2024-05-18 16:30:00,CUST_116,Electronics,3,454.9,277.37,2024,5,May,Saturday,1364.7,832.11,532.59,39.03
TXN_6660,2024-05-18 17:30:00,CUST_403,Electronics,4,593.42,174.2,2024,5,May,Saturday,2373.68,696.8,1676.88,70.64
TXN_6661,2024-05-18 18:00:00,CUST_138,Electronics,5,115.11,142.32,2024,5,May,Saturday,575.55,711.6,-136.05,-23.64
TXN_6662,2024-05-18 18:30:00,CUST_231,Electronics,4,15.89,93.7,2024,5,May,Saturday,63.56,374.8,-311.24,-489.68
TXN_6664,2024-05-18 19:30:00,CUST_257,Electronics,2,572.48,227.41,2024,5,May,Saturday,1144.96,454.82,690.14,60.28
TXN_6665,2024-05-18 20:00:00,CUST_377,Electronics,1,393.53,80.25,2024,5,May,Saturday,393.53,80.25,313.28,79.61
TXN_6666,2024-05-18 20:30:00,CUST_302,Electronics,3,65.15,280.12,2024,5,May,Saturday,195.45,840.36,-644.91,-329.96
TXN_6667,2024-05-18 21:00:00,CUST_165,Apparel,2,331.18,309.95,2024,5,May,Saturday,662.36,619.9,42.46,6.41
TXN_6668,2024-05-18 21:30:00,CUST_207,Unknown,5,547.05,30.14,2024,5,May,Saturday,2735.25,150.7,2584.55,94.49
TXN_6669,2024-05-18 22:00:00,CUST_367,Electronics,4,18.81,272.62,2024,5,May,Saturday,75.24,1090.48,-1015.24,-1349.34
TXN_6670,2024-05-18 22:30:00,CUST_321,Home Goods,1,112.64,299.95,2024,5,May,Saturday,112.64,299.95,-187.31,-166.29
TXN_6674,2024-05-19 00:30:00,CUST_280,Apparel,4,595.06,338.5,2024,5,May,Sunday,2380.24,1354.0,1026.24,43.11
TXN_6675,2024-05-19 01:00:00,CUST_354,Home Goods,4,67.78,41.97,2024,5,May,Sunday,271.12,167.88,103.24,38.08
TXN_6676,2024-05-19 01:30:00,CUST_352,Electronics,4,334.22,188.06,2024,5,May,Sunday,1336.88,752.24,584.64,43.73
TXN_6678,2024-05-19 02:30:00,CUST_482,Unknown,4,426.05,216.23,2024,5,May,Sunday,1704.2,864.92,839.28,49.25
TXN_6679,2024-05-19 03:00:00,CUST_445,Home Goods,1,479.19,122.47,2024,5,May,Sunday,479.19,122.47,356.72,74.44
TXN_6682,2024-05-19 04:30:00,CUST_336,Home Goods,2,40.13,230.9,2024,5,May,Sunday,80.26,461.8,-381.54,-475.38
TXN_6683,2024-05-19 05:00:00,CUST_489,Apparel,5,227.03,178.62,2024,5,May,Sunday,1135.15,893.1,242.05,21.32
TXN_6685,2024-05-19 06:00:00,CUST_143,Apparel,2,139.87,74.21,2024,5,May,Sunday,279.74,148.42,131.32,46.94
TXN_6686,2024-05-19 06:30:00,CUST_299,Home Goods,1,488.83,335.23,2024,5,May,Sunday,488.83,335.23,153.6,31.42
TXN_6687,2024-05-19 07:00:00,CUST_251,Home Goods,5,143.56,200.84,2024,5,May,Sunday,717.8,1004.2,-286.4,-39.9
TXN_6689,2024-05-19 08:00:00,CUST_118,Apparel,3,312.23,276.18,2024,5,May,Sunday,936.69,828.54,108.15,11.55
TXN_6690,2024-05-19 08:30:00,CUST_200,Electronics,2,439.98,37.62,2024,5,May,Sunday,879.96,75.24,804.72,91.45
TXN_6691,2024-05-19 09:00:00,CUST_194,Electronics,1,219.55,252.68,2024,5,May,Sunday,219.55,252.68,-33.13,-15.09
TXN_6692,2024-05-19 09:30:00,CUST_353,Home Goods,1,453.1,66.15,2024,5,May,Sunday,453.1,66.15,386.95,85.4
TXN_6693,2024-05-19 10:00:00,CUST_456,Apparel,1,271.47,261.76,2024,5,May,Sunday,271.47,261.76,9.71,3.58
TXN_6695,2024-05-19 11:00:00,CUST_348,Electronics,5,67.98,293.05,2024,5,May,Sunday,339.9,1465.25,-1125.35,-331.08
TXN_6696,2024-05-19 11:30:00,CUST_132,Home Goods,4,430.69,241.55,2024,5,May,Sunday,1722.76,966.2,756.56,43.92
TXN_6697,2024-05-19 12:00:00,CUST_328,Home Goods,3,240.64,141.2,2024,5,May,Sunday,721.92,423.6,298.32,41.32
TXN_6698,2024-05-19 12:30:00,CUST_111,Home Goods,5,548.97,132.0,2024,5,May,Sunday,2744.85,660.0,2084.85,75.95
TXN_6699,2024-05-19 13:00:00,CUST_217,Apparel,5,331.05,60.64,2024,5,May,Sunday,1655.25,303.2,1352.05,81.68
TXN_6702,2024-05-19 14:30:00,CUST_492,Electronics,2,91.89,170.51,2024,5,May,Sunday,183.78,341.02,-157.24,-85.56
TXN_6703,2024-05-19 15:00:00,CUST_345,Home Goods,3,362.37,90.42,2024,5,May,Sunday,1087.11,271.26,815.85,75.05
TXN_6704,2024-05-19 15:30:00,CUST_431,Electronics,1,355.57,348.75,2024,5,May,Sunday,355.57,348.75,6.82,1.92
TXN_6705,2024-05-19 16:00:00,CUST_346,Apparel,5,483.0,209.19,2024,5,May,Sunday,2415.0,1045.95,1369.05,56.69
TXN_6706,2024-05-19 16:30:00,CUST_128,Apparel,3,132.7,60.86,2024,5,May,Sunday,398.1,182.58,215.52,54.14
TXN_6707,2024-05-19 17:00:00,CUST_260,Apparel,2,185.11,236.97,2024,5,May,Sunday,370.22,473.94,-103.72,-28.02
TXN_6708,2024-05-19 17:30:00,CUST_334,Home Goods,4,71.88,347.15,2024,5,May,Sunday,287.52,1388.6,-1101.08,-382.96
TXN_6709,2024-05-19 18:00:00,CUST_289,Electronics,3,187.78,215.71,2024,5,May,Sunday,563.34,647.13,-83.79,-14.87
TXN_6712,2024-05-19 19:30:00,CUST_357,Electronics,1,397.04,41.32,2024,5,May,Sunday,397.04,41.32,355.72,89.59
TXN_6714,2024-05-19 20:30:00,CUST_472,Electronics,5,205.42,198.23,2024,5,May,Sunday,1027.1,991.15,35.95,3.5
TXN_6715,2024-05-19 21:00:00,CUST_271,Home Goods,4,99.54,266.29,2024,5,May,Sunday,398.16,1065.16,-667.0,-167.52
TXN_6716,2024-05-19 21:30:00,CUST_373,Apparel,2,165.18,308.5,2024,5,May,Sunday,330.36,617.0,-286.64,-86.77
TXN_6717,2024-05-19 22:00:00,CUST_358,Electronics,1,165.03,279.86,2024,5,May,Sunday,165.03,279.86,-114.83,-69.58
TXN_6718,2024-05-19 22:30:00,CUST_234,Electronics,4,356.12,52.66,2024,5,May,Sunday,1424.48,210.64,1213.84,85.21
TXN_6721,2024-05-20 00:00:00,CUST_335,Apparel,2,593.3,169.5,2024,5,May,Monday,1186.6,339.0,847.6,71.43
TXN_6722,2024-05-20 00:30:00,CUST_285,Apparel,1,215.83,204.74,2024,5,May,Monday,215.83,204.74,11.09,5.14
TXN_6724,2024-05-20 01:30:00,CUST_194,Apparel,5,399.63,33.03,2024,5,May,Monday,1998.15,165.15,1833.0,91.73
TXN_6725,2024-05-20 02:00:00,CUST_477,Electronics,2,128.76,188.79,2024,5,May,Monday,257.52,377.58,-120.06,-46.62
TXN_6727,2024-05-20 03:00:00,CUST_167,Apparel,4,131.67,195.48,2024,5,May,Monday,526.68,781.92,-255.24,-48.46
TXN_6728,2024-05-20 03:30:00,CUST_478,Apparel,1,446.12,130.43,2024,5,May,Monday,446.12,130.43,315.69,70.76
TXN_6731,2024-05-20 05:00:00,CUST_468,Electronics,3,281.44,343.13,2024,5,May,Monday,844.32,1029.39,-185.07,-21.92
TXN_6732,2024-05-20 05:30:00,CUST_197,Unknown,1,520.74,315.64,2024,5,May,Monday,520.74,315.64,205.1,39.39
TXN_6733,2024-05-20 06:00:00,CUST_192,Apparel,4,97.05,345.2,2024,5,May,Monday,388.2,1380.8,-992.6,-255.69
TXN_6734,2024-05-20 06:30:00,CUST_121,Apparel,4,46.92,250.09,2024,5,May,Monday,187.68,1000.36,-812.68,-433.01
TXN_6735,2024-05-20 07:00:00,CUST_271,Electronics,3,250.19,336.58,2024,5,May,Monday,750.57,1009.74,-259.17,-34.53
TXN_6737,2024-05-20 08:00:00,CUST_233,Home Goods,4,417.25,285.13,2024,5,May,Monday,1669.0,1140.52,528.48,31.66
TXN_6740,2024-05-20 09:30:00,CUST_184,Apparel,1,450.15,326.58,2024,5,May,Monday,450.15,326.58,123.57,27.45
TXN_6743,2024-05-20 11:00:00,CUST_243,Home Goods,2,562.6,189.14,2024,5,May,Monday,1125.2,378.28,746.92,66.38
TXN_6747,2024-05-20 13:00:00,CUST_323,Electronics,1,413.72,83.91,2024,5,May,Monday,413.72,83.91,329.81,79.72
TXN_6749,2024-05-20 14:00:00,CUST_278,Apparel,4,32.78,273.03,2024,5,May,Monday,131.12,1092.12,-961.0,-732.92
TXN_6750,2024-05-20 14:30:00,CUST_218,Apparel,3,524.98,102.03,2024,5,May,Monday,1574.94,306.09,1268.85,80.56
TXN_6751,2024-05-20 15:00:00,CUST_364,Electronics,3,423.16,286.02,2024,5,May,Monday,1269.48,858.06,411.42,32.41
TXN_6752,2024-05-20 15:30:00,CUST_249,Electronics,5,114.89,128.27,2024,5,May,Monday,574.45,641.35,-66.9,-11.65
TXN_6753,2024-05-20 16:00:00,CUST_314,Apparel,3,30.02,116.23,2024,5,May,Monday,90.06,348.69,-258.63,-287.18
TXN_6754,2024-05-20 16:30:00,CUST_296,Electronics,3,167.06,303.45,2024,5,May,Monday,501.18,910.35,-409.17,-81.64
TXN_6755,2024-05-20 17:00:00,CUST_141,Home Goods,4,550.73,306.9,2024,5,May,Monday,2202.92,1227.6,975.32,44.27
TXN_6756,2024-05-20 17:30:00,CUST_152,Electronics,2,405.86,145.48,2024,5,May,Monday,811.72,290.96,520.76,64.16
TXN_6757,2024-05-20 18:00:00,CUST_429,Apparel,2,552.89,13.03,2024,5,May,Monday,1105.78,26.06,1079.72,97.64
TXN_6758,2024-05-20 18:30:00,CUST_350,Home Goods,4,276.0,73.43,2024,5,May,Monday,1104.0,293.72,810.28,73.39
TXN_6759,2024-05-20 19:00:00,CUST_394,Apparel,3,562.93,319.16,2024,5,May,Monday,1688.79,957.48,731.31,43.3
TXN_6760,2024-05-20 19:30:00,CUST_477,Apparel,1,285.83,315.57,2024,5,May,Monday,285.83,315.57,-29.74,-10.4
TXN_6764,2024-05-20 21:30:00,CUST_486,Apparel,2,210.31,315.05,2024,5,May,Monday,420.62,630.1,-209.48,-49.8
TXN_6765,2024-05-20 22:00:00,CUST_438,Unknown,4,108.63,120.41,2024,5,May,Monday,434.52,481.64,-47.12,-10.84
TXN_6766,2024-05-20 22:30:00,CUST_365,Electronics,1,19.92,183.94,2024,5,May,Monday,19.92,183.94,-164.02,-823.39
TXN_6767,2024-05-20 23:00:00,CUST_447,Electronics,3,182.06,258.54,2024,5,May,Monday,546.18,775.62,-229.44,-42.01
TXN_6768,2024-05-20 23:30:00,CUST_128,Electronics,4,535.13,81.22,2024,5,May,Monday,2140.52,324.88,1815.64,84.82
TXN_6769,2024-05-21 00:00:00,CUST_134,Electronics,2,327.4,96.31,2024,5,May,Tuesday,654.8,192.62,462.18,70.58
TXN_6771,2024-05-21 01:00:00,CUST_495,Home Goods,1,554.6,232.44,2024,5,May,Tuesday,554.6,232.44,322.16,58.09
TXN_6772,2024-05-21 01:30:00,CUST_210,Unknown,1,315.01,287.95,2024,5,May,Tuesday,315.01,287.95,27.06,8.59
TXN_6773,2024-05-21 02:00:00,CUST_393,Home Goods,2,505.39,195.88,2024,5,May,Tuesday,1010.78,391.76,619.02,61.24
TXN_6774,2024-05-21 02:30:00,CUST_176,Electronics,1,204.44,55.2,2024,5,May,Tuesday,204.44,55.2,149.24,73.0
TXN_6777,2024-05-21 04:00:00,CUST_166,Electronics,2,439.03,40.02,2024,5,May,Tuesday,878.06,80.04,798.02,90.88
TXN_6779,2024-05-21 05:00:00,CUST_107,Home Goods,4,127.13,335.11,2024,5,May,Tuesday,508.52,1340.44,-831.92,-163.6
TXN_6780,2024-05-21 05:30:00,CUST_221,Apparel,5,242.47,294.79,2024,5,May,Tuesday,1212.35,1473.95,-261.6,-21.58
TXN_6782,2024-05-21 06:30:00,CUST_274,Home Goods,3,70.28,257.2,2024,5,May,Tuesday,210.84,771.6,-560.76,-265.96
TXN_6783,2024-05-21 07:00:00,CUST_487,Unknown,4,357.1,315.02,2024,5,May,Tuesday,1428.4,1260.08,168.32,11.78
TXN_6785,2024-05-21 08:00:00,CUST_184,Home Goods,3,342.36,223.14,2024,5,May,Tuesday,1027.08,669.42,357.66,34.82
TXN_6786,2024-05-21 08:30:00,CUST_144,Electronics,3,333.98,133.99,2024,5,May,Tuesday,1001.94,401.97,599.97,59.88
TXN_6790,2024-05-21 10:30:00,CUST_432,Electronics,2,591.33,208.25,2024,5,May,Tuesday,1182.66,416.5,766.16,64.78
TXN_6791,2024-05-21 11:00:00,CUST_294,Electronics,5,527.82,72.73,2024,5,May,Tuesday,2639.1,363.65,2275.45,86.22
TXN_6794,2024-05-21 12:30:00,CUST_433,Electronics,3,338.33,326.67,2024,5,May,Tuesday,1014.99,980.01,34.98,3.45
TXN_6795,2024-05-21 13:00:00,CUST_432,Apparel,3,415.94,64.72,2024,5,May,Tuesday,1247.82,194.16,1053.66,84.44
TXN_6796,2024-05-21 13:30:00,CUST_426,Electronics,4,417.35,252.08,2024,5,May,Tuesday,1669.4,1008.32,661.08,39.6
TXN_6797,2024-05-21 14:00:00,CUST_114,Apparel,5,477.03,241.74,2024,5,May,Tuesday,2385.15,1208.7,1176.45,49.32
TXN_6798,2024-05-21 14:30:00,CUST_426,Electronics,5,29.61,344.4,2024,5,May,Tuesday,148.05,1722.0,-1573.95,-1063.12
TXN_6799,2024-05-21 15:00:00,CUST_201,Home Goods,3,567.05,202.07,2024,5,May,Tuesday,1701.15,606.21,1094.94,64.36
TXN_6800,2024-05-21 15:30:00,CUST_325,Electronics,5,55.99,306.34,2024,5,May,Tuesday,279.95,1531.7,-1251.75,-447.13
TXN_6801,2024-05-21 16:00:00,CUST_377,Electronics,4,293.55,18.4,2024,5,May,Tuesday,1174.2,73.6,1100.6,93.73
TXN_6802,2024-05-21 16:30:00,CUST_212,Home Goods,2,552.95,51.78,2024,5,May,Tuesday,1105.9,103.56,1002.34,90.64
TXN_6803,2024-05-21 17:00:00,CUST_100,Apparel,3,300.29,127.62,2024,5,May,Tuesday,900.87,382.86,518.01,57.5
TXN_6804,2024-05-21 17:30:00,CUST_365,Electronics,1,52.23,220.57,2024,5,May,Tuesday,52.23,220.57,-168.34,-322.31
TXN_6805,2024-05-21 18:00:00,CUST_307,Electronics,3,149.11,162.69,2024,5,May,Tuesday,447.33,488.07,-40.74,-9.11
TXN_6806,2024-05-21 18:30:00,CUST_209,Apparel,3,353.52,78.92,2024,5,May,Tuesday,1060.56,236.76,823.8,77.68
TXN_6807,2024-05-21 19:00:00,CUST_299,Electronics,2,66.4,210.33,2024,5,May,Tuesday,132.8,420.66,-287.86,-216.76
TXN_6810,2024-05-21 20:30:00,CUST_111,Electronics,1,491.9,40.79,2024,5,May,Tuesday,491.9,40.79,451.11,91.71
TXN_6811,2024-05-21 21:00:00,CUST_444,Apparel,1,79.43,325.19,2024,5,May,Tuesday,79.43,325.19,-245.76,-309.4
TXN_6812,2024-05-21 21:30:00,CUST_287,Apparel,1,414.44,211.37,2024,5,May,Tuesday,414.44,211.37,203.07,49.0
TXN_6815,2024-05-21 23:00:00,CUST_433,Apparel,2,135.24,118.09,2024,5,May,Tuesday,270.48,236.18,34.3,12.68
TXN_6816,2024-05-21 23:30:00,CUST_476,Electronics,5,371.68,181.99,2024,5,May,Tuesday,1858.4,909.95,948.45,51.04
TXN_6817,2024-05-22 00:00:00,CUST_378,Apparel,1,409.28,125.98,2024,5,May,Wednesday,409.28,125.98,283.3,69.22
TXN_6818,2024-05-22 00:30:00,CUST_270,Home Goods,5,56.09,309.33,2024,5,May,Wednesday,280.45,1546.65,-1266.2,-451.49
TXN_6819,2024-05-22 01:00:00,CUST_233,Electronics,4,497.24,347.95,2024,5,May,Wednesday,1988.96,1391.8,597.16,30.02
TXN_6820,2024-05-22 01:30:00,CUST_124,Home Goods,2,518.83,64.8,2024,5,May,Wednesday,1037.66,129.6,908.06,87.51
TXN_6821,2024-05-22 02:00:00,CUST_117,Apparel,5,52.18,18.02,2024,5,May,Wednesday,260.9,90.1,170.8,65.47
TXN_6825,2024-05-22 04:00:00,CUST_433,Electronics,1,215.27,285.9,2024,5,May,Wednesday,215.27,285.9,-70.63,-32.81
TXN_6827,2024-05-22 05:00:00,CUST_245,Electronics,1,339.94,217.58,2024,5,May,Wednesday,339.94,217.58,122.36,35.99
TXN_6829,2024-05-22 06:00:00,CUST_418,Apparel,5,410.25,317.13,2024,5,May,Wednesday,2051.25,1585.65,465.6,22.7
TXN_6831,2024-05-22 07:00:00,CUST_278,Apparel,5,60.46,257.96,2024,5,May,Wednesday,302.3,1289.8,-987.5,-326.66
TXN_6832,2024-05-22 07:30:00,CUST_155,Home Goods,4,437.47,231.74,2024,5,May,Wednesday,1749.88,926.96,822.92,47.03
TXN_6833,2024-05-22 08:00:00,CUST_254,Home Goods,2,339.42,230.84,2024,5,May,Wednesday,678.84,461.68,217.16,31.99
TXN_6835,2024-05-22 09:00:00,CUST_210,Electronics,3,374.23,15.33,2024,5,May,Wednesday,1122.69,45.99,1076.7,95.9
TXN_6837,2024-05-22 10:00:00,CUST_331,Electronics,4,455.49,292.02,2024,5,May,Wednesday,1821.96,1168.08,653.88,35.89
TXN_6839,2024-05-22 11:00:00,CUST_167,Electronics,4,166.04,160.15,2024,5,May,Wednesday,664.16,640.6,23.56,3.55
TXN_6841,2024-05-22 12:00:00,CUST_348,Apparel,4,534.13,217.72,2024,5,May,Wednesday,2136.52,870.88,1265.64,59.24
TXN_6843,2024-05-22 13:00:00,CUST_491,Unknown,1,497.07,236.68,2024,5,May,Wednesday,497.07,236.68,260.39,52.38
TXN_6844,2024-05-22 13:30:00,CUST_105,Electronics,5,109.62,118.14,2024,5,May,Wednesday,548.1,590.7,-42.6,-7.77
TXN_6846,2024-05-22 14:30:00,CUST_193,Home Goods,2,121.0,280.05,2024,5,May,Wednesday,242.0,560.1,-318.1,-131.45
TXN_6847,2024-05-22 15:00:00,CUST_368,Electronics,1,66.32,120.13,2024,5,May,Wednesday,66.32,120.13,-53.81,-81.14
TXN_6848,2024-05-22 15:30:00,CUST_296,Apparel,4,514.99,17.53,2024,5,May,Wednesday,2059.96,70.12,1989.84,96.6
TXN_6849,2024-05-22 16:00:00,CUST_124,Electronics,2,353.6,204.28,2024,5,May,Wednesday,707.2,408.56,298.64,42.23
TXN_6850,2024-05-22 16:30:00,CUST_247,Home Goods,1,166.49,93.87,2024,5,May,Wednesday,166.49,93.87,72.62,43.62
TXN_6851,2024-05-22 17:00:00,CUST_217,Electronics,3,511.46,296.01,2024,5,May,Wednesday,1534.38,888.03,646.35,42.12
TXN_6854,2024-05-22 18:30:00,CUST_437,Electronics,4,391.82,96.06,2024,5,May,Wednesday,1567.28,384.24,1183.04,75.48
TXN_6855,2024-05-22 19:00:00,CUST_165,Electronics,1,437.27,244.46,2024,5,May,Wednesday,437.27,244.46,192.81,44.09
TXN_6856,2024-05-22 19:30:00,CUST_400,Apparel,1,433.76,196.5,2024,5,May,Wednesday,433.76,196.5,237.26,54.7
TXN_6857,2024-05-22 20:00:00,CUST_469,Electronics,4,438.04,278.94,2024,5,May,Wednesday,1752.16,1115.76,636.4,36.32
TXN_6858,2024-05-22 20:30:00,CUST_274,Apparel,3,114.13,165.93,2024,5,May,Wednesday,342.39,497.79,-155.4,-45.39
TXN_6860,2024-05-22 21:30:00,CUST_175,Apparel,5,508.84,83.17,2024,5,May,Wednesday,2544.2,415.85,2128.35,83.65
TXN_6861,2024-05-22 22:00:00,CUST_213,Apparel,3,540.56,349.71,2024,5,May,Wednesday,1621.68,1049.13,572.55,35.31
TXN_6862,2024-05-22 22:30:00,CUST_210,Electronics,4,178.33,147.82,2024,5,May,Wednesday,713.32,591.28,122.04,17.11
TXN_6863,2024-05-22 23:00:00,CUST_348,Electronics,5,28.47,220.88,2024,5,May,Wednesday,142.35,1104.4,-962.05,-675.83
TXN_6864,2024-05-22 23:30:00,CUST_302,Home Goods,1,517.96,317.68,2024,5,May,Wednesday,517.96,317.68,200.28,38.67
TXN_6867,2024-05-23 01:00:00,CUST_408,Apparel,3,217.99,108.05,2024,5,May,Thursday,653.97,324.15,329.82,50.43
TXN_6869,2024-05-23 02:00:00,CUST_337,Apparel,3,236.29,86.45,2024,5,May,Thursday,708.87,259.35,449.52,63.41
TXN_6874,2024-05-23 04:30:00,CUST_332,Apparel,5,561.63,60.53,2024,5,May,Thursday,2808.15,302.65,2505.5,89.22
TXN_6875,2024-05-23 05:00:00,CUST_292,Home Goods,1,529.38,315.64,2024,5,May,Thursday,529.38,315.64,213.74,40.38
TXN_6876,2024-05-23 05:30:00,CUST_150,Apparel,3,401.29,155.33,2024,5,May,Thursday,1203.87,465.99,737.88,61.29
TXN_6877,2024-05-23 06:00:00,CUST_474,Electronics,5,144.35,321.46,2024,5,May,Thursday,721.75,1607.3,-885.55,-122.69
TXN_6878,2024-05-23 06:30:00,CUST_313,Unknown,3,43.95,287.94,2024,5,May,Thursday,131.85,863.82,-731.97,-555.15
TXN_6881,2024-05-23 08:00:00,CUST_437,Apparel,1,309.77,102.25,2024,5,May,Thursday,309.77,102.25,207.52,66.99
TXN_6883,2024-05-23 09:00:00,CUST_319,Home Goods,1,269.73,152.09,2024,5,May,Thursday,269.73,152.09,117.64,43.61
TXN_6884,2024-05-23 09:30:00,CUST_447,Apparel,2,321.92,183.08,2024,5,May,Thursday,643.84,366.16,277.68,43.13
TXN_6885,2024-05-23 10:00:00,CUST_286,Home Goods,5,421.67,28.09,2024,5,May,Thursday,2108.35,140.45,1967.9,93.34
TXN_6890,2024-05-23 12:30:00,CUST_352,Electronics,4,562.04,62.87,2024,5,May,Thursday,2248.16,251.48,1996.68,88.81
TXN_6891,2024-05-23 13:00:00,CUST_225,Electronics,3,380.89,46.34,2024,5,May,Thursday,1142.67,139.02,1003.65,87.83
TXN_6892,2024-05-23 13:30:00,CUST_276,Apparel,1,297.96,62.23,2024,5,May,Thursday,297.96,62.23,235.73,79.11
TXN_6893,2024-05-23 14:00:00,CUST_136,Electronics,3,354.39,31.05,2024,5,May,Thursday,1063.17,93.15,970.02,91.24
TXN_6894,2024-05-23 14:30:00,CUST_198,Apparel,3,452.76,95.45,2024,5,May,Thursday,1358.28,286.35,1071.93,78.92
TXN_6895,2024-05-23 15:00:00,CUST_197,Apparel,4,105.4,102.18,2024,5,May,Thursday,421.6,408.72,12.88,3.06
TXN_6896,2024-05-23 15:30:00,CUST_226,Home Goods,1,520.93,179.53,2024,5,May,Thursday,520.93,179.53,341.4,65.54
TXN_6897,2024-05-23 16:00:00,CUST_267,Electronics,2,576.31,159.17,2024,5,May,Thursday,1152.62,318.34,834.28,72.38
TXN_6899,2024-05-23 17:00:00,CUST_393,Electronics,5,414.13,219.45,2024,5,May,Thursday,2070.65,1097.25,973.4,47.01
TXN_6900,2024-05-23 17:30:00,CUST_432,Apparel,3,518.0,88.53,2024,5,May,Thursday,1554.0,265.59,1288.41,82.91
TXN_6901,2024-05-23 18:00:00,CUST_225,Electronics,4,234.26,55.8,2024,5,May,Thursday,937.04,223.2,713.84,76.18
TXN_6902,2024-05-23 18:30:00,CUST_442,Apparel,4,595.81,308.82,2024,5,May,Thursday,2383.24,1235.28,1147.96,48.17
TXN_6903,2024-05-23 19:00:00,CUST_409,Unknown,5,413.09,225.54,2024,5,May,Thursday,2065.45,1127.7,937.75,45.4
TXN_6904,2024-05-23 19:30:00,CUST_249,Home Goods,5,263.04,30.63,2024,5,May,Thursday,1315.2,153.15,1162.05,88.36
TXN_6906,2024-05-23 20:30:00,CUST_127,Apparel,1,320.18,245.64,2024,5,May,Thursday,320.18,245.64,74.54,23.28
TXN_6907,2024-05-23 21:00:00,CUST_272,Home Goods,3,80.31,61.58,2024,5,May,Thursday,240.93,184.74,56.19,23.32
TXN_6908,2024-05-23 21:30:00,CUST_145,Home Goods,3,480.58,339.51,2024,5,May,Thursday,1441.74,1018.53,423.21,29.35
TXN_6909,2024-05-23 22:00:00,CUST_427,Unknown,5,345.16,134.24,2024,5,May,Thursday,1725.8,671.2,1054.6,61.11
TXN_6912,2024-05-23 23:30:00,CUST_184,Electronics,2,329.94,64.39,2024,5,May,Thursday,659.88,128.78,531.1,80.48
TXN_6913,2024-05-24 00:00:00,CUST_381,Electronics,3,463.48,233.52,2024,5,May,Friday,1390.44,700.56,689.88,49.62
TXN_6914,2024-05-24 00:30:00,CUST_331,Electronics,4,593.16,17.53,2024,5,May,Friday,2372.64,70.12,2302.52,97.04
TXN_6916,2024-05-24 01:30:00,CUST_164,Home Goods,5,520.64,279.27,2024,5,May,Friday,2603.2,1396.35,1206.85,46.36
TXN_6917,2024-05-24 02:00:00,CUST_233,Home Goods,3,159.76,67.05,2024,5,May,Friday,479.28,201.15,278.13,58.03
TXN_6918,2024-05-24 02:30:00,CUST_250,Home Goods,1,505.22,322.39,2024,5,May,Friday,505.22,322.39,182.83,36.19
TXN_6919,2024-05-24 03:00:00,CUST_214,Apparel,5,114.03,154.8,2024,5,May,Friday,570.15,774.0,-203.85,-35.75
TXN_6920,2024-05-24 03:30:00,CUST_163,Apparel,4,130.89,307.04,2024,5,May,Friday,523.56,1228.16,-704.6,-134.58
TXN_6921,2024-05-24 04:00:00,CUST_442,Apparel,1,79.42,152.04,2024,5,May,Friday,79.42,152.04,-72.62,-91.44
TXN_6923,2024-05-24 05:00:00,CUST_451,Home Goods,5,78.33,117.61,2024,5,May,Friday,391.65,588.05,-196.4,-50.15
TXN_6924,2024-05-24 05:30:00,CUST_257,Apparel,5,95.8,233.75,2024,5,May,Friday,479.0,1168.75,-689.75,-144.0
TXN_6925,2024-05-24 06:00:00,CUST_176,Apparel,3,158.84,118.19,2024,5,May,Friday,476.52,354.57,121.95,25.59
TXN_6926,2024-05-24 06:30:00,CUST_245,Apparel,1,350.01,85.88,2024,5,May,Friday,350.01,85.88,264.13,75.46
TXN_6928,2024-05-24 07:30:00,CUST_324,Electronics,5,259.66,29.61,2024,5,May,Friday,1298.3,148.05,1150.25,88.6
TXN_6930,2024-05-24 08:30:00,CUST_202,Home Goods,4,112.4,260.4,2024,5,May,Friday,449.6,1041.6,-592.0,-131.67
TXN_6931,2024-05-24 09:00:00,CUST_446,Apparel,1,170.58,79.91,2024,5,May,Friday,170.58,79.91,90.67,53.15
TXN_6933,2024-05-24 10:00:00,CUST_187,Electronics,3,254.8,317.76,2024,5,May,Friday,764.4,953.28,-188.88,-24.71
TXN_6934,2024-05-24 10:30:00,CUST_470,Electronics,2,360.35,227.31,2024,5,May,Friday,720.7,454.62,266.08,36.92
TXN_6936,2024-05-24 11:30:00,CUST_267,Apparel,5,509.91,319.82,2024,5,May,Friday,2549.55,1599.1,950.45,37.28
TXN_6937,2024-05-24 12:00:00,CUST_269,Apparel,2,589.02,31.56,2024,5,May,Friday,1178.04,63.12,1114.92,94.64
TXN_6938,2024-05-24 12:30:00,CUST_234,Electronics,5,85.29,334.7,2024,5,May,Friday,426.45,1673.5,-1247.05,-292.43
TXN_6940,2024-05-24 13:30:00,CUST_439,Apparel,3,477.02,324.71,2024,5,May,Friday,1431.06,974.13,456.93,31.93
TXN_6941,2024-05-24 14:00:00,CUST_446,Electronics,3,126.53,195.89,2024,5,May,Friday,379.59,587.67,-208.08,-54.82
TXN_6942,2024-05-24 14:30:00,CUST_233,Home Goods,3,221.59,191.28,2024,5,May,Friday,664.77,573.84,90.93,13.68
TXN_6943,2024-05-24 15:00:00,CUST_446,Home Goods,3,245.63,252.51,2024,5,May,Friday,736.89,757.53,-20.64,-2.8
TXN_6944,2024-05-24 15:30:00,CUST_236,Electronics,1,551.21,308.93,2024,5,May,Friday,551.21,308.93,242.28,43.95
TXN_6945,2024-05-24 16:00:00,CUST_344,Apparel,1,400.42,219.78,2024,5,May,Friday,400.42,219.78,180.64,45.11
TXN_6946,2024-05-24 16:30:00,CUST_208,Apparel,5,38.76,154.64,2024,5,May,Friday,193.8,773.2,-579.4,-298.97
TXN_6947,2024-05-24 17:00:00,CUST_412,Electronics,1,23.66,48.04,2024,5,May,Friday,23.66,48.04,-24.38,-103.04
TXN_6948,2024-05-24 17:30:00,CUST_386,Electronics,5,131.75,278.33,2024,5,May,Friday,658.75,1391.65,-732.9,-111.26
TXN_6950,2024-05-24 18:30:00,CUST_189,Apparel,1,298.45,256.96,2024,5,May,Friday,298.45,256.96,41.49,13.9
TXN_6951,2024-05-24 19:00:00,CUST_395,Apparel,1,505.14,189.49,2024,5,May,Friday,505.14,189.49,315.65,62.49
TXN_6952,2024-05-24 19:30:00,CUST_211,Apparel,1,199.17,141.18,2024,5,May,Friday,199.17,141.18,57.99,29.12
TXN_6954,2024-05-24 20:30:00,CUST_176,Home Goods,4,207.66,272.6,2024,5,May,Friday,830.64,1090.4,-259.76,-31.27
TXN_6956,2024-05-24 21:30:00,CUST_442,Home Goods,3,573.79,100.0,2024,5,May,Friday,1721.37,300.0,1421.37,82.57
TXN_6958,2024-05-24 22:30:00,CUST_200,Home Goods,4,183.29,336.72,2024,5,May,Friday,733.16,1346.88,-613.72,-83.71
TXN_6959,2024-05-24 23:00:00,CUST_345,Apparel,1,90.64,286.63,2024,5,May,Friday,90.64,286.63,-195.99,-216.23
TXN_6960,2024-05-24 23:30:00,CUST_216,Home Goods,1,301.97,309.69,2024,5,May,Friday,301.97,309.69,-7.72,-2.56
TXN_6961,2024-05-25 00:00:00,CUST_191,Apparel,4,560.32,245.43,2024,5,May,Saturday,2241.28,981.72,1259.56,56.2
TXN_6963,2024-05-25 01:00:00,CUST_124,Apparel,5,272.92,205.53,2024,5,May,Saturday,1364.6,1027.65,336.95,24.69
TXN_6964,2024-05-25 01:30:00,CUST_157,Electronics,3,28.09,264.05,2024,5,May,Saturday,84.27,792.15,-707.88,-840.01
TXN_6966,2024-05-25 02:30:00,CUST_233,Apparel,5,390.12,203.95,2024,5,May,Saturday,1950.6,1019.75,930.85,47.72
TXN_6968,2024-05-25 03:30:00,CUST_348,Apparel,3,291.32,249.71,2024,5,May,Saturday,873.96,749.13,124.83,14.28
TXN_6969,2024-05-25 04:00:00,CUST_137,Apparel,2,545.97,105.47,2024,5,May,Saturday,1091.94,210.94,881.0,80.68
TXN_6970,2024-05-25 04:30:00,CUST_489,Electronics,3,254.59,62.61,2024,5,May,Saturday,763.77,187.83,575.94,75.41
TXN_6972,2024-05-25 05:30:00,CUST_241,Home Goods,5,421.74,89.48,2024,5,May,Saturday,2108.7,447.4,1661.3,78.78
TXN_6973,2024-05-25 06:00:00,CUST_421,Home Goods,3,319.53,93.2,2024,5,May,Saturday,958.59,279.6,678.99,70.83
TXN_6974,2024-05-25 06:30:00,CUST_267,Electronics,2,125.76,228.94,2024,5,May,Saturday,251.52,457.88,-206.36,-82.05
TXN_6975,2024-05-25 07:00:00,CUST_358,Apparel,2,200.49,278.28,2024,5,May,Saturday,400.98,556.56,-155.58,-38.8
TXN_6976,2024-05-25 07:30:00,CUST_472,Electronics,1,68.99,207.99,2024,5,May,Saturday,68.99,207.99,-139.0,-201.48
TXN_6978,2024-05-25 08:30:00,CUST_324,Electronics,2,371.49,81.89,2024,5,May,Saturday,742.98,163.78,579.2,77.96
TXN_6979,2024-05-25 09:00:00,CUST_251,Apparel,4,84.34,95.82,2024,5,May,Saturday,337.36,383.28,-45.92,-13.61
TXN_6980,2024-05-25 09:30:00,CUST_118,Apparel,5,383.89,226.56,2024,5,May,Saturday,1919.45,1132.8,786.65,40.98
TXN_6981,2024-05-25 10:00:00,CUST_245,Electronics,4,537.33,291.99,2024,5,May,Saturday,2149.32,1167.96,981.36,45.66
TXN_6983,2024-05-25 11:00:00,CUST_471,Home Goods,4,144.89,13.53,2024,5,May,Saturday,579.56,54.12,525.44,90.66
TXN_6984,2024-05-25 11:30:00,CUST_480,Electronics,5,537.41,240.16,2024,5,May,Saturday,2687.05,1200.8,1486.25,55.31
TXN_6986,2024-05-25 12:30:00,CUST_336,Electronics,4,76.66,104.02,2024,5,May,Saturday,306.64,416.08,-109.44,-35.69
TXN_6987,2024-05-25 13:00:00,CUST_134,Electronics,4,253.75,28.43,2024,5,May,Saturday,1015.0,113.72,901.28,88.8
TXN_6990,2024-05-25 14:30:00,CUST_252,Apparel,4,376.85,151.45,2024,5,May,Saturday,1507.4,605.8,901.6,59.81
TXN_6991,2024-05-25 15:00:00,CUST_225,Home Goods,2,346.77,16.06,2024,5,May,Saturday,693.54,32.12,661.42,95.37
TXN_6992,2024-05-25 15:30:00,CUST_444,Apparel,5,481.87,86.49,2024,5,May,Saturday,2409.35,432.45,1976.9,82.05
TXN_6993,2024-05-25 16:00:00,CUST_499,Electronics,5,202.45,142.2,2024,5,May,Saturday,1012.25,711.0,301.25,29.76
TXN_6994,2024-05-25 16:30:00,CUST_325,Apparel,5,429.45,47.98,2024,5,May,Saturday,2147.25,239.9,1907.35,88.83
TXN_6995,2024-05-25 17:00:00,CUST_320,Electronics,4,594.78,48.81,2024,5,May,Saturday,2379.12,195.24,2183.88,91.79
TXN_6996,2024-05-25 17:30:00,CUST_310,Home Goods,2,243.13,291.2,2024,5,May,Saturday,486.26,582.4,-96.14,-19.77
TXN_6997,2024-05-25 18:00:00,CUST_124,Electronics,5,477.76,24.08,2024,5,May,Saturday,2388.8,120.4,2268.4,94.96
TXN_6998,2024-05-25 18:30:00,CUST_115,Electronics,3,158.97,244.25,2024,5,May,Saturday,476.91,732.75,-255.84,-53.65
TXN_6999,2024-05-25 19:00:00,CUST_281,Home Goods,5,179.91,286.92,2024,5,May,Saturday,899.55,1434.6,-535.05,-59.48
TXN_7000,2024-05-25 19:30:00,CUST_428,Unknown,1,561.9,54.45,2024,5,May,Saturday,561.9,54.45,507.45,90.31
TXN_7001,2024-05-25 20:00:00,CUST_228,Electronics,3,30.17,76.43,2024,5,May,Saturday,90.51,229.29,-138.78,-153.33
TXN_7002,2024-05-25 20:30:00,CUST_141,Home Goods,5,142.19,228.11,2024,5,May,Saturday,710.95,1140.55,-429.6,-60.43
TXN_7003,2024-05-25 21:00:00,CUST_435,Electronics,4,297.51,117.32,2024,5,May,Saturday,1190.04,469.28,720.76,60.57
TXN_7004,2024-05-25 21:30:00,CUST_335,Home Goods,5,250.08,171.98,2024,5,May,Saturday,1250.4,859.9,390.5,31.23
TXN_7005,2024-05-25 22:00:00,CUST_459,Apparel,2,383.06,294.24,2024,5,May,Saturday,766.12,588.48,177.64,23.19
TXN_7006,2024-05-25 22:30:00,CUST_133,Electronics,2,127.74,56.91,2024,5,May,Saturday,255.48,113.82,141.66,55.45
TXN_7007,2024-05-25 23:00:00,CUST_444,Electronics,5,56.27,220.68,2024,5,May,Saturday,281.35,1103.4,-822.05,-292.18
TXN_7009,2024-05-26 00:00:00,CUST_144,Electronics,4,321.75,29.54,2024,5,May,Sunday,1287.0,118.16,1168.84,90.82
TXN_7010,2024-05-26 00:30:00,CUST_233,Electronics,4,343.77,30.4,2024,5,May,Sunday,1375.08,121.6,1253.48,91.16
TXN_7011,2024-05-26 01:00:00,CUST_120,Apparel,4,366.87,198.61,2024,5,May,Sunday,1467.48,794.44,673.04,45.86
TXN_7012,2024-05-26 01:30:00,CUST_221,Unknown,5,335.97,336.43,2024,5,May,Sunday,1679.85,1682.15,-2.3,-0.14
TXN_7013,2024-05-26 02:00:00,CUST_169,Electronics,5,158.76,84.96,2024,5,May,Sunday,793.8,424.8,369.0,46.49
TXN_7014,2024-05-26 02:30:00,CUST_451,Apparel,1,462.26,122.47,2024,5,May,Sunday,462.26,122.47,339.79,73.51
TXN_7015,2024-05-26 03:00:00,CUST_460,Apparel,2,66.35,43.54,2024,5,May,Sunday,132.7,87.08,45.62,34.38
TXN_7017,2024-05-26 04:00:00,CUST_138,Apparel,3,447.54,25.07,2024,5,May,Sunday,1342.62,75.21,1267.41,94.4
TXN_7018,2024-05-26 04:30:00,CUST_386,Apparel,3,178.64,142.29,2024,5,May,Sunday,535.92,426.87,109.05,20.35
TXN_7019,2024-05-26 05:00:00,CUST_109,Apparel,2,303.68,198.87,2024,5,May,Sunday,607.36,397.74,209.62,34.51
TXN_7021,2024-05-26 06:00:00,CUST_343,Electronics,1,311.58,288.25,2024,5,May,Sunday,311.58,288.25,23.33,7.49
TXN_7022,2024-05-26 06:30:00,CUST_373,Apparel,2,217.79,289.5,2024,5,May,Sunday,435.58,579.0,-143.42,-32.93
TXN_7023,2024-05-26 07:00:00,CUST_187,Electronics,1,596.61,87.57,2024,5,May,Sunday,596.61,87.57,509.04,85.32
TXN_7025,2024-05-26 08:00:00,CUST_480,Electronics,1,381.82,215.05,2024,5,May,Sunday,381.82,215.05,166.77,43.68
TXN_7026,2024-05-26 08:30:00,CUST_428,Apparel,4,534.68,187.19,2024,5,May,Sunday,2138.72,748.76,1389.96,64.99
TXN_7027,2024-05-26 09:00:00,CUST_114,Electronics,2,388.19,185.61,2024,5,May,Sunday,776.38,371.22,405.16,52.19
TXN_7028,2024-05-26 09:30:00,CUST_103,Home Goods,3,346.03,47.06,2024,5,May,Sunday,1038.09,141.18,896.91,86.4
TXN_7029,2024-05-26 10:00:00,CUST_290,Home Goods,5,348.0,177.92,2024,5,May,Sunday,1740.0,889.6,850.4,48.87
TXN_7032,2024-05-26 11:30:00,CUST_208,Apparel,5,44.5,31.14,2024,5,May,Sunday,222.5,155.7,66.8,30.02
TXN_7033,2024-05-26 12:00:00,CUST_236,Electronics,2,532.8,301.34,2024,5,May,Sunday,1065.6,602.68,462.92,43.44
TXN_7035,2024-05-26 13:00:00,CUST_487,Electronics,5,511.59,329.37,2024,5,May,Sunday,2557.95,1646.85,911.1,35.62
TXN_7036,2024-05-26 13:30:00,CUST_308,Home Goods,1,21.08,303.38,2024,5,May,Sunday,21.08,303.38,-282.3,-1339.18
TXN_7037,2024-05-26 14:00:00,CUST_371,Home Goods,5,523.53,265.89,2024,5,May,Sunday,2617.65,1329.45,1288.2,49.21
TXN_7038,2024-05-26 14:30:00,CUST_242,Apparel,1,85.28,344.07,2024,5,May,Sunday,85.28,344.07,-258.79,-303.46
TXN_7039,2024-05-26 15:00:00,CUST_198,Apparel,1,436.91,28.3,2024,5,May,Sunday,436.91,28.3,408.61,93.52
TXN_7040,2024-05-26 15:30:00,CUST_476,Home Goods,3,258.67,228.14,2024,5,May,Sunday,776.01,684.42,91.59,11.8
TXN_7041,2024-05-26 16:00:00,CUST_407,Home Goods,5,413.43,298.76,2024,5,May,Sunday,2067.15,1493.8,573.35,27.74
TXN_7043,2024-05-26 17:00:00,CUST_346,Electronics,3,110.59,208.82,2024,5,May,Sunday,331.77,626.46,-294.69,-88.82
TXN_7045,2024-05-26 18:00:00,CUST_375,Apparel,5,177.18,158.18,2024,5,May,Sunday,885.9,790.9,95.0,10.72
TXN_7047,2024-05-26 19:00:00,CUST_245,Electronics,1,446.73,193.14,2024,5,May,Sunday,446.73,193.14,253.59,56.77
TXN_7049,2024-05-26 20:00:00,CUST_357,Home Goods,5,316.72,328.65,2024,5,May,Sunday,1583.6,1643.25,-59.65,-3.77
TXN_7052,2024-05-26 21:30:00,CUST_359,Home Goods,3,572.51,340.11,2024,5,May,Sunday,1717.53,1020.33,697.2,40.59
TXN_7053,2024-05-26 22:00:00,CUST_208,Apparel,4,319.38,308.46,2024,5,May,Sunday,1277.52,1233.84,43.68,3.42
TXN_7056,2024-05-26 23:30:00,CUST_194,Electronics,3,331.87,247.95,2024,5,May,Sunday,995.61,743.85,251.76,25.29
TXN_7058,2024-05-27 00:30:00,CUST_107,Apparel,4,127.64,103.3,2024,5,May,Monday,510.56,413.2,97.36,19.07
TXN_7059,2024-05-27 01:00:00,CUST_166,Apparel,2,32.96,106.9,2024,5,May,Monday,65.92,213.8,-147.88,-224.33
TXN_7060,2024-05-27 01:30:00,CUST_290,Electronics,3,346.46,258.6,2024,5,May,Monday,1039.38,775.8,263.58,25.36
TXN_7063,2024-05-27 03:00:00,CUST_108,Electronics,5,367.02,231.89,2024,5,May,Monday,1835.1,1159.45,675.65,36.82
TXN_7064,2024-05-27 03:30:00,CUST_216,Apparel,4,571.9,273.43,2024,5,May,Monday,2287.6,1093.72,1193.88,52.19
TXN_7066,2024-05-27 04:30:00,CUST_198,Apparel,5,534.77,45.83,2024,5,May,Monday,2673.85,229.15,2444.7,91.43
TXN_7067,2024-05-27 05:00:00,CUST_397,Home Goods,4,487.14,133.43,2024,5,May,Monday,1948.56,533.72,1414.84,72.61
TXN_7068,2024-05-27 05:30:00,CUST_496,Apparel,3,137.48,99.75,2024,5,May,Monday,412.44,299.25,113.19,27.44
TXN_7069,2024-05-27 06:00:00,CUST_263,Apparel,3,106.51,193.0,2024,5,May,Monday,319.53,579.0,-259.47,-81.2
TXN_7070,2024-05-27 06:30:00,CUST_475,Apparel,5,275.29,30.88,2024,5,May,Monday,1376.45,154.4,1222.05,88.78
TXN_7071,2024-05-27 07:00:00,CUST_240,Electronics,3,377.48,269.24,2024,5,May,Monday,1132.44,807.72,324.72,28.67
TXN_7072,2024-05-27 07:30:00,CUST_367,Apparel,5,512.65,46.22,2024,5,May,Monday,2563.25,231.1,2332.15,90.98
TXN_7073,2024-05-27 08:00:00,CUST_136,Home Goods,1,150.7,102.28,2024,5,May,Monday,150.7,102.28,48.42,32.13
TXN_7075,2024-05-27 09:00:00,CUST_172,Apparel,4,393.75,27.53,2024,5,May,Monday,1575.0,110.12,1464.88,93.01
TXN_7076,2024-05-27 09:30:00,CUST_407,Home Goods,5,275.67,234.47,2024,5,May,Monday,1378.35,1172.35,206.0,14.95
TXN_7077,2024-05-27 10:00:00,CUST_298,Electronics,4,280.7,324.32,2024,5,May,Monday,1122.8,1297.28,-174.48,-15.54
TXN_7078,2024-05-27 10:30:00,CUST_229,Apparel,1,146.69,220.0,2024,5,May,Monday,146.69,220.0,-73.31,-49.98
TXN_7079,2024-05-27 11:00:00,CUST_345,Unknown,4,592.2,252.3,2024,5,May,Monday,2368.8,1009.2,1359.6,57.4
TXN_7080,2024-05-27 11:30:00,CUST_411,Electronics,5,292.99,279.37,2024,5,May,Monday,1464.95,1396.85,68.1,4.65
TXN_7083,2024-05-27 13:00:00,CUST_202,Home Goods,3,315.77,115.08,2024,5,May,Monday,947.31,345.24,602.07,63.56
TXN_7086,2024-05-27 14:30:00,CUST_440,Home Goods,4,176.3,209.05,2024,5,May,Monday,705.2,836.2,-131.0,-18.58
TXN_7087,2024-05-27 15:00:00,CUST_250,Apparel,4,16.61,280.14,2024,5,May,Monday,66.44,1120.56,-1054.12,-1586.57
TXN_7090,2024-05-27 16:30:00,CUST_278,Apparel,1,540.73,136.79,2024,5,May,Monday,540.73,136.79,403.94,74.7
TXN_7091,2024-05-27 17:00:00,CUST_296,Home Goods,2,38.81,243.68,2024,5,May,Monday,77.62,487.36,-409.74,-527.88
TXN_7093,2024-05-27 18:00:00,CUST_188,Unknown,3,533.24,96.13,2024,5,May,Monday,1599.72,288.39,1311.33,81.97
TXN_7095,2024-05-27 19:00:00,CUST_375,Apparel,5,16.26,191.35,2024,5,May,Monday,81.3,956.75,-875.45,-1076.81
TXN_7096,2024-05-27 19:30:00,CUST_335,Apparel,1,119.66,161.09,2024,5,May,Monday,119.66,161.09,-41.43,-34.62
TXN_7097,2024-05-27 20:00:00,CUST_282,Home Goods,5,496.97,249.97,2024,5,May,Monday,2484.85,1249.85,1235.0,49.7
TXN_7098,2024-05-27 20:30:00,CUST_308,Apparel,5,484.59,181.52,2024,5,May,Monday,2422.95,907.6,1515.35,62.54
TXN_7099,2024-05-27 21:00:00,CUST_229,Apparel,4,213.98,47.94,2024,5,May,Monday,855.92,191.76,664.16,77.6
TXN_7100,2024-05-27 21:30:00,CUST_252,Electronics,1,405.8,66.42,2024,5,May,Monday,405.8,66.42,339.38,83.63
TXN_7101,2024-05-27 22:00:00,CUST_112,Home Goods,1,311.74,316.65,2024,5,May,Monday,311.74,316.65,-4.91,-1.58
TXN_7103,2024-05-27 23:00:00,CUST_458,Electronics,3,48.01,27.03,2024,5,May,Monday,144.03,81.09,62.94,43.7
TXN_7104,2024-05-27 23:30:00,CUST_319,Apparel,2,490.71,258.69,2024,5,May,Monday,981.42,517.38,464.04,47.28
TXN_7105,2024-05-28 00:00:00,CUST_205,Apparel,5,114.8,242.56,2024,5,May,Tuesday,574.0,1212.8,-638.8,-111.29
TXN_7107,2024-05-28 01:00:00,CUST_169,Home Goods,3,127.29,180.77,2024,5,May,Tuesday,381.87,542.31,-160.44,-42.01
TXN_7110,2024-05-28 02:30:00,CUST_198,Apparel,3,335.52,183.46,2024,5,May,Tuesday,1006.56,550.38,456.18,45.32
TXN_7111,2024-05-28 03:00:00,CUST_181,Apparel,5,423.43,201.78,2024,5,May,Tuesday,2117.15,1008.9,1108.25,52.35
TXN_7112,2024-05-28 03:30:00,CUST_174,Unknown,4,389.15,17.65,2024,5,May,Tuesday,1556.6,70.6,1486.0,95.46
TXN_7113,2024-05-28 04:00:00,CUST_473,Home Goods,4,469.22,150.08,2024,5,May,Tuesday,1876.88,600.32,1276.56,68.02
TXN_7114,2024-05-28 04:30:00,CUST_439,Home Goods,5,155.05,276.15,2024,5,May,Tuesday,775.25,1380.75,-605.5,-78.1
TXN_7117,2024-05-28 06:00:00,CUST_313,Apparel,1,266.31,229.23,2024,5,May,Tuesday,266.31,229.23,37.08,13.92
TXN_7118,2024-05-28 06:30:00,CUST_414,Electronics,2,425.49,270.47,2024,5,May,Tuesday,850.98,540.94,310.04,36.43
TXN_7120,2024-05-28 07:30:00,CUST_466,Apparel,4,430.01,244.43,2024,5,May,Tuesday,1720.04,977.72,742.32,43.16
TXN_7121,2024-05-28 08:00:00,CUST_417,Unknown,2,195.63,264.79,2024,5,May,Tuesday,391.26,529.58,-138.32,-35.35
TXN_7122,2024-05-28 08:30:00,CUST_243,Electronics,3,402.4,246.41,2024,5,May,Tuesday,1207.2,739.23,467.97,38.76
TXN_7126,2024-05-28 10:30:00,CUST_423,Apparel,3,367.77,291.33,2024,5,May,Tuesday,1103.31,873.99,229.32,20.78
TXN_7127,2024-05-28 11:00:00,CUST_114,Apparel,5,453.84,116.13,2024,5,May,Tuesday,2269.2,580.65,1688.55,74.41
TXN_7128,2024-05-28 11:30:00,CUST_316,Apparel,5,545.25,192.15,2024,5,May,Tuesday,2726.25,960.75,1765.5,64.76
TXN_7129,2024-05-28 12:00:00,CUST_134,Electronics,5,271.19,94.85,2024,5,May,Tuesday,1355.95,474.25,881.7,65.02
TXN_7132,2024-05-28 13:30:00,CUST_457,Electronics,4,204.36,282.66,2024,5,May,Tuesday,817.44,1130.64,-313.2,-38.31
TXN_7133,2024-05-28 14:00:00,CUST_199,Electronics,2,397.55,220.49,2024,5,May,Tuesday,795.1,440.98,354.12,44.54
TXN_7134,2024-05-28 14:30:00,CUST_106,Electronics,3,560.64,202.95,2024,5,May,Tuesday,1681.92,608.85,1073.07,63.8
TXN_7135,2024-05-28 15:00:00,CUST_129,Electronics,2,88.75,176.52,2024,5,May,Tuesday,177.5,353.04,-175.54,-98.9
TXN_7136,2024-05-28 15:30:00,CUST_404,Electronics,4,343.14,79.69,2024,5,May,Tuesday,1372.56,318.76,1053.8,76.78
TXN_7138,2024-05-28 16:30:00,CUST_210,Apparel,2,73.57,148.17,2024,5,May,Tuesday,147.14,296.34,-149.2,-101.4
TXN_7140,2024-05-28 17:30:00,CUST_278,Apparel,2,521.16,154.7,2024,5,May,Tuesday,1042.32,309.4,732.92,70.32
TXN_7142,2024-05-28 18:30:00,CUST_309,Apparel,5,315.9,323.62,2024,5,May,Tuesday,1579.5,1618.1,-38.6,-2.44
TXN_7146,2024-05-28 20:30:00,CUST_141,Apparel,2,87.46,137.68,2024,5,May,Tuesday,174.92,275.36,-100.44,-57.42
TXN_7147,2024-05-28 21:00:00,CUST_372,Apparel,2,102.41,253.0,2024,5,May,Tuesday,204.82,506.0,-301.18,-147.05
TXN_7149,2024-05-28 22:00:00,CUST_272,Home Goods,2,454.15,258.3,2024,5,May,Tuesday,908.3,516.6,391.7,43.12
TXN_7151,2024-05-28 23:00:00,CUST_254,Electronics,1,76.86,124.26,2024,5,May,Tuesday,76.86,124.26,-47.4,-61.67
TXN_7153,2024-05-29 00:00:00,CUST_133,Electronics,3,502.28,227.11,2024,5,May,Wednesday,1506.84,681.33,825.51,54.78
TXN_7154,2024-05-29 00:30:00,CUST_135,Electronics,3,436.84,132.69,2024,5,May,Wednesday,1310.52,398.07,912.45,69.63
TXN_7155,2024-05-29 01:00:00,CUST_105,Apparel,2,486.48,191.56,2024,5,May,Wednesday,972.96,383.12,589.84,60.62
TXN_7158,2024-05-29 02:30:00,CUST_384,Electronics,5,319.47,324.4,2024,5,May,Wednesday,1597.35,1622.0,-24.65,-1.54
TXN_7160,2024-05-29 03:30:00,CUST_436,Apparel,5,348.26,114.51,2024,5,May,Wednesday,1741.3,572.55,1168.75,67.12
TXN_7161,2024-05-29 04:00:00,CUST_273,Electronics,5,388.57,311.13,2024,5,May,Wednesday,1942.85,1555.65,387.2,19.93
TXN_7164,2024-05-29 05:30:00,CUST_125,Apparel,3,69.26,328.14,2024,5,May,Wednesday,207.78,984.42,-776.64,-373.78
TXN_7165,2024-05-29 06:00:00,CUST_482,Electronics,4,470.94,81.05,2024,5,May,Wednesday,1883.76,324.2,1559.56,82.79
TXN_7166,2024-05-29 06:30:00,CUST_214,Apparel,2,33.72,60.47,2024,5,May,Wednesday,67.44,120.94,-53.5,-79.33
TXN_7167,2024-05-29 07:00:00,CUST_481,Home Goods,3,306.31,191.96,2024,5,May,Wednesday,918.93,575.88,343.05,37.33
TXN_7168,2024-05-29 07:30:00,CUST_383,Apparel,5,518.94,25.91,2024,5,May,Wednesday,2594.7,129.55,2465.15,95.01
TXN_7169,2024-05-29 08:00:00,CUST_486,Apparel,3,65.6,220.81,2024,5,May,Wednesday,196.8,662.43,-465.63,-236.6
TXN_7170,2024-05-29 08:30:00,CUST_174,Apparel,3,317.88,164.0,2024,5,May,Wednesday,953.64,492.0,461.64,48.41
TXN_7171,2024-05-29 09:00:00,CUST_265,Home Goods,3,108.24,227.74,2024,5,May,Wednesday,324.72,683.22,-358.5,-110.4
TXN_7172,2024-05-29 09:30:00,CUST_288,Electronics,5,538.47,106.54,2024,5,May,Wednesday,2692.35,532.7,2159.65,80.21
TXN_7173,2024-05-29 10:00:00,CUST_177,Apparel,4,501.92,317.86,2024,5,May,Wednesday,2007.68,1271.44,736.24,36.67
TXN_7174,2024-05-29 10:30:00,CUST_189,Electronics,1,561.34,102.0,2024,5,May,Wednesday,561.34,102.0,459.34,81.83
TXN_7175,2024-05-29 11:00:00,CUST_275,Apparel,2,526.86,226.77,2024,5,May,Wednesday,1053.72,453.54,600.18,56.96
TXN_7176,2024-05-29 11:30:00,CUST_120,Apparel,2,445.88,331.33,2024,5,May,Wednesday,891.76,662.66,229.1,25.69
TXN_7178,2024-05-29 12:30:00,CUST_283,Apparel,3,191.96,64.89,2024,5,May,Wednesday,575.88,194.67,381.21,66.2
TXN_7179,2024-05-29 13:00:00,CUST_458,Apparel,4,305.66,33.25,2024,5,May,Wednesday,1222.64,133.0,1089.64,89.12
TXN_7180,2024-05-29 13:30:00,CUST_321,Electronics,5,359.5,337.43,2024,5,May,Wednesday,1797.5,1687.15,110.35,6.14
TXN_7181,2024-05-29 14:00:00,CUST_414,Apparel,1,472.58,269.66,2024,5,May,Wednesday,472.58,269.66,202.92,42.94
TXN_7182,2024-05-29 14:30:00,CUST_427,Electronics,1,147.77,322.44,2024,5,May,Wednesday,147.77,322.44,-174.67,-118.2
TXN_7183,2024-05-29 15:00:00,CUST_278,Apparel,3,90.04,247.6,2024,5,May,Wednesday,270.12,742.8,-472.68,-174.99
TXN_7184,2024-05-29 15:30:00,CUST_375,Electronics,3,297.33,126.43,2024,5,May,Wednesday,891.99,379.29,512.7,57.48
TXN_7185,2024-05-29 16:00:00,CUST_211,Apparel,5,107.34,51.83,2024,5,May,Wednesday,536.7,259.15,277.55,51.71
TXN_7187,2024-05-29 17:00:00,CUST_313,Apparel,5,351.74,176.47,2024,5,May,Wednesday,1758.7,882.35,876.35,49.83
TXN_7189,2024-05-29 18:00:00,CUST_426,Home Goods,5,52.11,206.45,2024,5,May,Wednesday,260.55,1032.25,-771.7,-296.18
TXN_7190,2024-05-29 18:30:00,CUST_492,Apparel,3,579.35,46.23,2024,5,May,Wednesday,1738.05,138.69,1599.36,92.02
TXN_7191,2024-05-29 19:00:00,CUST_208,Electronics,4,15.0,115.13,2024,5,May,Wednesday,60.0,460.52,-400.52,-667.53
TXN_7192,2024-05-29 19:30:00,CUST_484,Home Goods,3,205.38,226.88,2024,5,May,Wednesday,616.14,680.64,-64.5,-10.47
TXN_7194,2024-05-29 20:30:00,CUST_290,Apparel,3,41.41,55.98,2024,5,May,Wednesday,124.23,167.94,-43.71,-35.18
TXN_7195,2024-05-29 21:00:00,CUST_299,Apparel,1,63.76,183.6,2024,5,May,Wednesday,63.76,183.6,-119.84,-187.95
TXN_7196,2024-05-29 21:30:00,CUST_411,Apparel,5,59.86,221.98,2024,5,May,Wednesday,299.3,1109.9,-810.6,-270.83
TXN_7197,2024-05-29 22:00:00,CUST_295,Home Goods,2,355.18,73.58,2024,5,May,Wednesday,710.36,147.16,563.2,79.28
TXN_7198,2024-05-29 22:30:00,CUST_134,Apparel,5,539.12,21.25,2024,5,May,Wednesday,2695.6,106.25,2589.35,96.06
TXN_7200,2024-05-29 23:30:00,CUST_486,Home Goods,4,368.09,19.35,2024,5,May,Wednesday,1472.36,77.4,1394.96,94.74
TXN_7201,2024-05-30 00:00:00,CUST_345,Home Goods,4,217.41,10.7,2024,5,May,Thursday,869.64,42.8,826.84,95.08
TXN_7202,2024-05-30 00:30:00,CUST_336,Apparel,5,25.96,119.94,2024,5,May,Thursday,129.8,599.7,-469.9,-362.02
TXN_7203,2024-05-30 01:00:00,CUST_203,Apparel,5,27.64,85.63,2024,5,May,Thursday,138.2,428.15,-289.95,-209.8
TXN_7204,2024-05-30 01:30:00,CUST_106,Electronics,3,534.66,205.02,2024,5,May,Thursday,1603.98,615.06,988.92,61.65
TXN_7205,2024-05-30 02:00:00,CUST_382,Home Goods,2,75.0,314.03,2024,5,May,Thursday,150.0,628.06,-478.06,-318.71
TXN_7207,2024-05-30 03:00:00,CUST_318,Electronics,3,111.19,272.92,2024,5,May,Thursday,333.57,818.76,-485.19,-145.45
TXN_7208,2024-05-30 03:30:00,CUST_329,Apparel,1,409.66,319.14,2024,5,May,Thursday,409.66,319.14,90.52,22.1
TXN_7209,2024-05-30 04:00:00,CUST_271,Electronics,1,570.14,74.4,2024,5,May,Thursday,570.14,74.4,495.74,86.95
TXN_7210,2024-05-30 04:30:00,CUST_186,Electronics,4,226.94,176.03,2024,5,May,Thursday,907.76,704.12,203.64,22.43
TXN_7211,2024-05-30 05:00:00,CUST_140,Apparel,4,444.64,228.3,2024,5,May,Thursday,1778.56,913.2,865.36,48.66
TXN_7212,2024-05-30 05:30:00,CUST_222,Electronics,2,220.25,122.84,2024,5,May,Thursday,440.5,245.68,194.82,44.23
TXN_7213,2024-05-30 06:00:00,CUST_430,Electronics,4,193.39,261.52,2024,5,May,Thursday,773.56,1046.08,-272.52,-35.23
TXN_7215,2024-05-30 07:00:00,CUST_472,Electronics,1,495.25,153.17,2024,5,May,Thursday,495.25,153.17,342.08,69.07
TXN_7216,2024-05-30 07:30:00,CUST_277,Apparel,2,165.57,39.9,2024,5,May,Thursday,331.14,79.8,251.34,75.9
TXN_7217,2024-05-30 08:00:00,CUST_162,Home Goods,1,180.65,13.93,2024,5,May,Thursday,180.65,13.93,166.72,92.29
TXN_7218,2024-05-30 08:30:00,CUST_264,Apparel,5,599.4,135.58,2024,5,May,Thursday,2997.0,677.9,2319.1,77.38
TXN_7219,2024-05-30 09:00:00,CUST_286,Apparel,5,206.48,37.9,2024,5,May,Thursday,1032.4,189.5,842.9,81.64
TXN_7220,2024-05-30 09:30:00,CUST_482,Electronics,2,262.32,275.75,2024,5,May,Thursday,524.64,551.5,-26.86,-5.12
TXN_7221,2024-05-30 10:00:00,CUST_308,Electronics,3,594.18,123.67,2024,5,May,Thursday,1782.54,371.01,1411.53,79.19
TXN_7226,2024-05-30 12:30:00,CUST_102,Electronics,4,151.76,294.75,2024,5,May,Thursday,607.04,1179.0,-571.96,-94.22
TXN_7228,2024-05-30 13:30:00,CUST_274,Home Goods,2,424.87,38.54,2024,5,May,Thursday,849.74,77.08,772.66,90.93
TXN_7231,2024-05-30 15:00:00,CUST_369,Apparel,4,217.55,336.49,2024,5,May,Thursday,870.2,1345.96,-475.76,-54.67
TXN_7232,2024-05-30 15:30:00,CUST_467,Apparel,1,158.22,202.27,2024,5,May,Thursday,158.22,202.27,-44.05,-27.84
TXN_7234,2024-05-30 16:30:00,CUST_416,Home Goods,3,184.64,275.88,2024,5,May,Thursday,553.92,827.64,-273.72,-49.42
TXN_7235,2024-05-30 17:00:00,CUST_194,Apparel,4,369.94,203.19,2024,5,May,Thursday,1479.76,812.76,667.0,45.07
TXN_7236,2024-05-30 17:30:00,CUST_372,Apparel,5,310.04,213.48,2024,5,May,Thursday,1550.2,1067.4,482.8,31.14
TXN_7238,2024-05-30 18:30:00,CUST_123,Home Goods,5,170.94,30.01,2024,5,May,Thursday,854.7,150.05,704.65,82.44
TXN_7239,2024-05-30 19:00:00,CUST_215,Apparel,1,114.8,255.27,2024,5,May,Thursday,114.8,255.27,-140.47,-122.36
TXN_7240,2024-05-30 19:30:00,CUST_250,Electronics,2,48.13,298.55,2024,5,May,Thursday,96.26,597.1,-500.84,-520.3
TXN_7241,2024-05-30 20:00:00,CUST_437,Apparel,4,377.23,150.08,2024,5,May,Thursday,1508.92,600.32,908.6,60.22
TXN_7244,2024-05-30 21:30:00,CUST_434,Apparel,1,375.0,163.08,2024,5,May,Thursday,375.0,163.08,211.92,56.51
TXN_7246,2024-05-30 22:30:00,CUST_169,Electronics,5,58.53,268.36,2024,5,May,Thursday,292.65,1341.8,-1049.15,-358.5
TXN_7249,2024-05-31 00:00:00,CUST_149,Home Goods,5,41.92,22.61,2024,5,May,Friday,209.6,113.05,96.55,46.06
TXN_7250,2024-05-31 00:30:00,CUST_391,Electronics,5,470.29,221.62,2024,5,May,Friday,2351.45,1108.1,1243.35,52.88
TXN_7251,2024-05-31 01:00:00,CUST_346,Home Goods,3,588.01,78.9,2024,5,May,Friday,1764.03,236.7,1527.33,86.58
TXN_7252,2024-05-31 01:30:00,CUST_363,Apparel,3,66.77,140.35,2024,5,May,Friday,200.31,421.05,-220.74,-110.2
TXN_7253,2024-05-31 02:00:00,CUST_178,Electronics,5,496.0,150.32,2024,5,May,Friday,2480.0,751.6,1728.4,69.69
TXN_7255,2024-05-31 03:00:00,CUST_289,Electronics,2,99.31,87.33,2024,5,May,Friday,198.62,174.66,23.96,12.06
TXN_7256,2024-05-31 03:30:00,CUST_146,Electronics,3,303.52,299.04,2024,5,May,Friday,910.56,897.12,13.44,1.48
TXN_7257,2024-05-31 04:00:00,CUST_460,Unknown,4,56.84,155.47,2024,5,May,Friday,227.36,621.88,-394.52,-173.52
TXN_7258,2024-05-31 04:30:00,CUST_453,Electronics,3,320.43,218.13,2024,5,May,Friday,961.29,654.39,306.9,31.93
TXN_7259,2024-05-31 05:00:00,CUST_451,Apparel,4,26.32,218.74,2024,5,May,Friday,105.28,874.96,-769.68,-731.08
TXN_7260,2024-05-31 05:30:00,CUST_288,Apparel,3,441.24,216.37,2024,5,May,Friday,1323.72,649.11,674.61,50.96
TXN_7261,2024-05-31 06:00:00,CUST_355,Electronics,5,300.46,200.17,2024,5,May,Friday,1502.3,1000.85,501.45,33.38
TXN_7263,2024-05-31 07:00:00,CUST_471,Electronics,4,129.77,286.29,2024,5,May,Friday,519.08,1145.16,-626.08,-120.61
TXN_7266,2024-05-31 08:30:00,CUST_100,Apparel,2,445.2,44.96,2024,5,May,Friday,890.4,89.92,800.48,89.9
TXN_7267,2024-05-31 09:00:00,CUST_133,Apparel,3,131.43,40.86,2024,5,May,Friday,394.29,122.58,271.71,68.91
TXN_7268,2024-05-31 09:30:00,CUST_178,Home Goods,3,375.8,173.17,2024,5,May,Friday,1127.4,519.51,607.89,53.92
TXN_7269,2024-05-31 10:00:00,CUST_335,Home Goods,5,178.57,316.07,2024,5,May,Friday,892.85,1580.35,-687.5,-77.0
TXN_7270,2024-05-31 10:30:00,CUST_433,Apparel,4,399.33,231.0,2024,5,May,Friday,1597.32,924.0,673.32,42.15
TXN_7272,2024-05-31 11:30:00,CUST_448,Apparel,5,262.71,63.61,2024,5,May,Friday,1313.55,318.05,995.5,75.79
TXN_7274,2024-05-31 12:30:00,CUST_181,Home Goods,4,258.2,146.27,2024,5,May,Friday,1032.8,585.08,447.72,43.35
TXN_7275,2024-05-31 13:00:00,CUST_291,Electronics,3,495.5,276.21,2024,5,May,Friday,1486.5,828.63,657.87,44.26
TXN_7276,2024-05-31 13:30:00,CUST_352,Electronics,3,441.82,56.86,2024,5,May,Friday,1325.46,170.58,1154.88,87.13
TXN_7277,2024-05-31 14:00:00,CUST_137,Home Goods,3,331.27,193.32,2024,5,May,Friday,993.81,579.96,413.85,41.64
TXN_7278,2024-05-31 14:30:00,CUST_113,Apparel,3,528.08,319.86,2024,5,May,Friday,1584.24,959.58,624.66,39.43
TXN_7279,2024-05-31 15:00:00,CUST_491,Electronics,1,499.88,313.44,2024,5,May,Friday,499.88,313.44,186.44,37.3
TXN_7280,2024-05-31 15:30:00,CUST_446,Apparel,3,326.13,299.79,2024,5,May,Friday,978.39,899.37,79.02,8.08
TXN_7281,2024-05-31 16:00:00,CUST_409,Apparel,3,55.04,137.5,2024,5,May,Friday,165.12,412.5,-247.38,-149.82
TXN_7284,2024-05-31 17:30:00,CUST_456,Electronics,4,330.97,299.39,2024,5,May,Friday,1323.88,1197.56,126.32,9.54
TXN_7286,2024-05-31 18:30:00,CUST_155,Electronics,3,392.23,328.58,2024,5,May,Friday,1176.69,985.74,190.95,16.23
TXN_7287,2024-05-31 19:00:00,CUST_193,Apparel,3,409.01,91.62,2024,5,May,Friday,1227.03,274.86,952.17,77.6
TXN_7288,2024-05-31 19:30:00,CUST_192,Apparel,4,412.37,53.41,2024,5,May,Friday,1649.48,213.64,1435.84,87.05
TXN_7290,2024-05-31 20:30:00,CUST_184,Apparel,3,127.15,201.49,2024,5,May,Friday,381.45,604.47,-223.02,-58.47
TXN_7291,2024-05-31 21:00:00,CUST_344,Apparel,3,383.87,121.33,2024,5,May,Friday,1151.61,363.99,787.62,68.39
TXN_7292,2024-05-31 21:30:00,CUST_121,Electronics,5,253.78,242.71,2024,5,May,Friday,1268.9,1213.55,55.35,4.36
TXN_7293,2024-05-31 22:00:00,CUST_390,Electronics,1,461.27,31.08,2024,5,May,Friday,461.27,31.08,430.19,93.26
TXN_7294,2024-05-31 22:30:00,CUST_371,Unknown,4,88.07,26.05,2024,5,May,Friday,352.28,104.2,248.08,70.42
TXN_7295,2024-05-31 23:00:00,CUST_405,Electronics,5,127.04,130.47,2024,5,May,Friday,635.2,652.35,-17.15,-2.7
TXN_7298,2024-06-01 00:30:00,CUST_212,Home Goods,2,170.84,332.33,2024,6,June,Saturday,341.68,664.66,-322.98,-94.53
TXN_7299,2024-06-01 01:00:00,CUST_372,Home Goods,2,253.88,234.95,2024,6,June,Saturday,507.76,469.9,37.86,7.46
TXN_7301,2024-06-01 02:00:00,CUST_229,Home Goods,1,36.67,12.24,2024,6,June,Saturday,36.67,12.24,24.43,66.62
TXN_7304,2024-06-01 03:30:00,CUST_449,Electronics,2,520.27,232.4,2024,6,June,Saturday,1040.54,464.8,575.74,55.33
TXN_7305,2024-06-01 04:00:00,CUST_489,Electronics,1,167.23,87.45,2024,6,June,Saturday,167.23,87.45,79.78,47.71
TXN_7306,2024-06-01 04:30:00,CUST_180,Home Goods,2,34.85,298.48,2024,6,June,Saturday,69.7,596.96,-527.26,-756.47
TXN_7307,2024-06-01 05:00:00,CUST_424,Apparel,2,429.55,337.89,2024,6,June,Saturday,859.1,675.78,183.32,21.34
TXN_7309,2024-06-01 06:00:00,CUST_247,Electronics,5,95.83,80.41,2024,6,June,Saturday,479.15,402.05,77.1,16.09
TXN_7311,2024-06-01 07:00:00,CUST_406,Electronics,2,107.86,31.47,2024,6,June,Saturday,215.72,62.94,152.78,70.82
TXN_7314,2024-06-01 08:30:00,CUST_300,Apparel,1,581.01,225.32,2024,6,June,Saturday,581.01,225.32,355.69,61.22
TXN_7315,2024-06-01 09:00:00,CUST_296,Electronics,3,411.73,269.87,2024,6,June,Saturday,1235.19,809.61,425.58,34.45
TXN_7318,2024-06-01 10:30:00,CUST_364,Electronics,3,540.25,224.89,2024,6,June,Saturday,1620.75,674.67,946.08,58.37
TXN_7319,2024-06-01 11:00:00,CUST_462,Apparel,3,134.97,294.35,2024,6,June,Saturday,404.91,883.05,-478.14,-118.09
TXN_7320,2024-06-01 11:30:00,CUST_199,Apparel,1,83.97,285.37,2024,6,June,Saturday,83.97,285.37,-201.4,-239.85
TXN_7321,2024-06-01 12:00:00,CUST_441,Electronics,1,425.97,37.56,2024,6,June,Saturday,425.97,37.56,388.41,91.18
TXN_7322,2024-06-01 12:30:00,CUST_419,Electronics,3,232.27,167.28,2024,6,June,Saturday,696.81,501.84,194.97,27.98
TXN_7324,2024-06-01 13:30:00,CUST_377,Unknown,2,407.7,265.68,2024,6,June,Saturday,815.4,531.36,284.04,34.83
TXN_7325,2024-06-01 14:00:00,CUST_261,Apparel,3,210.09,180.47,2024,6,June,Saturday,630.27,541.41,88.86,14.1
TXN_7326,2024-06-01 14:30:00,CUST_256,Home Goods,4,349.95,128.9,2024,6,June,Saturday,1399.8,515.6,884.2,63.17
TXN_7328,2024-06-01 15:30:00,CUST_465,Apparel,1,473.5,171.02,2024,6,June,Saturday,473.5,171.02,302.48,63.88
TXN_7329,2024-06-01 16:00:00,CUST_196,Apparel,4,197.75,97.25,2024,6,June,Saturday,791.0,389.0,402.0,50.82
TXN_7330,2024-06-01 16:30:00,CUST_117,Electronics,4,327.97,312.74,2024,6,June,Saturday,1311.88,1250.96,60.92,4.64
TXN_7331,2024-06-01 17:00:00,CUST_426,Apparel,1,28.56,48.44,2024,6,June,Saturday,28.56,48.44,-19.88,-69.61
TXN_7333,2024-06-01 18:00:00,CUST_196,Home Goods,3,377.9,58.93,2024,6,June,Saturday,1133.7,176.79,956.91,84.41
TXN_7335,2024-06-01 19:00:00,CUST_315,Home Goods,5,140.99,192.93,2024,6,June,Saturday,704.95,964.65,-259.7,-36.84
TXN_7336,2024-06-01 19:30:00,CUST_231,Electronics,4,168.56,222.45,2024,6,June,Saturday,674.24,889.8,-215.56,-31.97
TXN_7337,2024-06-01 20:00:00,CUST_359,Home Goods,3,352.27,162.53,2024,6,June,Saturday,1056.81,487.59,569.22,53.86
TXN_7338,2024-06-01 20:30:00,CUST_224,Electronics,5,335.77,79.42,2024,6,June,Saturday,1678.85,397.1,1281.75,76.35
TXN_7340,2024-06-01 21:30:00,CUST_382,Apparel,4,421.03,177.33,2024,6,June,Saturday,1684.12,709.32,974.8,57.88
TXN_7341,2024-06-01 22:00:00,CUST_270,Electronics,3,535.09,202.26,2024,6,June,Saturday,1605.27,606.78,998.49,62.2
TXN_7342,2024-06-01 22:30:00,CUST_158,Apparel,4,40.46,113.35,2024,6,June,Saturday,161.84,453.4,-291.56,-180.15
TXN_7343,2024-06-01 23:00:00,CUST_131,Home Goods,3,259.06,84.95,2024,6,June,Saturday,777.18,254.85,522.33,67.21
TXN_7347,2024-06-02 01:00:00,CUST_204,Home Goods,2,138.18,262.31,2024,6,June,Sunday,276.36,524.62,-248.26,-89.83
TXN_7348,2024-06-02 01:30:00,CUST_327,Electronics,2,51.17,126.97,2024,6,June,Sunday,102.34,253.94,-151.6,-148.13
TXN_7350,2024-06-02 02:30:00,CUST_169,Home Goods,1,392.55,182.78,2024,6,June,Sunday,392.55,182.78,209.77,53.44
TXN_7351,2024-06-02 03:00:00,CUST_417,Apparel,5,108.45,192.26,2024,6,June,Sunday,542.25,961.3,-419.05,-77.28
TXN_7354,2024-06-02 04:30:00,CUST_469,Electronics,4,494.58,266.69,2024,6,June,Sunday,1978.32,1066.76,911.56,46.08
TXN_7355,2024-06-02 05:00:00,CUST_461,Apparel,4,128.88,244.29,2024,6,June,Sunday,515.52,977.16,-461.64,-89.55
TXN_7356,2024-06-02 05:30:00,CUST_155,Apparel,3,335.76,144.21,2024,6,June,Sunday,1007.28,432.63,574.65,57.05
TXN_7357,2024-06-02 06:00:00,CUST_212,Apparel,5,473.02,139.48,2024,6,June,Sunday,2365.1,697.4,1667.7,70.51
TXN_7358,2024-06-02 06:30:00,CUST_112,Electronics,4,500.3,63.02,2024,6,June,Sunday,2001.2,252.08,1749.12,87.4
TXN_7359,2024-06-02 07:00:00,CUST_117,Apparel,5,404.94,266.21,2024,6,June,Sunday,2024.7,1331.05,693.65,34.26
TXN_7361,2024-06-02 08:00:00,CUST_212,Apparel,5,496.48,39.17,2024,6,June,Sunday,2482.4,195.85,2286.55,92.11
TXN_7362,2024-06-02 08:30:00,CUST_328,Home Goods,2,449.17,138.54,2024,6,June,Sunday,898.34,277.08,621.26,69.16
TXN_7363,2024-06-02 09:00:00,CUST_270,Home Goods,4,427.11,317.21,2024,6,June,Sunday,1708.44,1268.84,439.6,25.73
TXN_7364,2024-06-02 09:30:00,CUST_394,Electronics,4,54.39,163.81,2024,6,June,Sunday,217.56,655.24,-437.68,-201.18
TXN_7365,2024-06-02 10:00:00,CUST_288,Home Goods,1,40.31,120.48,2024,6,June,Sunday,40.31,120.48,-80.17,-198.88
TXN_7366,2024-06-02 10:30:00,CUST_178,Apparel,5,421.79,228.89,2024,6,June,Sunday,2108.95,1144.45,964.5,45.73
TXN_7367,2024-06-02 11:00:00,CUST_245,Apparel,3,567.7,79.01,2024,6,June,Sunday,1703.1,237.03,1466.07,86.08
TXN_7368,2024-06-02 11:30:00,CUST_281,Electronics,2,467.63,188.09,2024,6,June,Sunday,935.26,376.18,559.08,59.78
TXN_7370,2024-06-02 12:30:00,CUST_349,Electronics,1,333.81,300.66,2024,6,June,Sunday,333.81,300.66,33.15,9.93
TXN_7371,2024-06-02 13:00:00,CUST_453,Apparel,2,193.18,245.45,2024,6,June,Sunday,386.36,490.9,-104.54,-27.06
TXN_7372,2024-06-02 13:30:00,CUST_413,Electronics,3,411.48,140.7,2024,6,June,Sunday,1234.44,422.1,812.34,65.81
TXN_7373,2024-06-02 14:00:00,CUST_295,Electronics,1,431.5,271.05,2024,6,June,Sunday,431.5,271.05,160.45,37.18
TXN_7374,2024-06-02 14:30:00,CUST_422,Electronics,2,410.08,315.46,2024,6,June,Sunday,820.16,630.92,189.24,23.07
TXN_7375,2024-06-02 15:00:00,CUST_170,Electronics,3,568.82,172.44,2024,6,June,Sunday,1706.46,517.32,1189.14,69.68
TXN_7377,2024-06-02 16:00:00,CUST_245,Apparel,1,38.2,309.51,2024,6,June,Sunday,38.2,309.51,-271.31,-710.24
TXN_7378,2024-06-02 16:30:00,CUST_205,Electronics,3,546.44,66.25,2024,6,June,Sunday,1639.32,198.75,1440.57,87.88
TXN_7379,2024-06-02 17:00:00,CUST_362,Apparel,1,108.89,52.95,2024,6,June,Sunday,108.89,52.95,55.94,51.37
TXN_7380,2024-06-02 17:30:00,CUST_395,Electronics,4,422.93,114.61,2024,6,June,Sunday,1691.72,458.44,1233.28,72.9
TXN_7381,2024-06-02 18:00:00,CUST_169,Home Goods,4,525.82,139.19,2024,6,June,Sunday,2103.28,556.76,1546.52,73.53
TXN_7382,2024-06-02 18:30:00,CUST_292,Home Goods,2,196.43,281.79,2024,6,June,Sunday,392.86,563.58,-170.72,-43.46
TXN_7383,2024-06-02 19:00:00,CUST_167,Electronics,5,500.79,142.32,2024,6,June,Sunday,2503.95,711.6,1792.35,71.58
TXN_7386,2024-06-02 20:30:00,CUST_469,Home Goods,5,55.85,238.22,2024,6,June,Sunday,279.25,1191.1,-911.85,-326.54
TXN_7390,2024-06-02 22:30:00,CUST_108,Electronics,3,416.95,198.04,2024,6,June,Sunday,1250.85,594.12,656.73,52.5
TXN_7391,2024-06-02 23:00:00,CUST_350,Electronics,1,555.06,51.14,2024,6,June,Sunday,555.06,51.14,503.92,90.79
TXN_7392,2024-06-02 23:30:00,CUST_431,Apparel,4,444.31,15.81,2024,6,June,Sunday,1777.24,63.24,1714.0,96.44
TXN_7393,2024-06-03 00:00:00,CUST_397,Apparel,5,577.36,274.72,2024,6,June,Monday,2886.8,1373.6,1513.2,52.42
TXN_7395,2024-06-03 01:00:00,CUST_278,Electronics,4,324.05,188.5,2024,6,June,Monday,1296.2,754.0,542.2,41.83
TXN_7398,2024-06-03 02:30:00,CUST_119,Home Goods,3,47.25,27.38,2024,6,June,Monday,141.75,82.14,59.61,42.05
TXN_7401,2024-06-03 04:00:00,CUST_281,Electronics,3,241.11,342.31,2024,6,June,Monday,723.33,1026.93,-303.6,-41.97
TXN_7402,2024-06-03 04:30:00,CUST_340,Electronics,1,551.86,261.43,2024,6,June,Monday,551.86,261.43,290.43,52.63
TXN_7404,2024-06-03 05:30:00,CUST_123,Apparel,5,551.43,31.54,2024,6,June,Monday,2757.15,157.7,2599.45,94.28
TXN_7406,2024-06-03 06:30:00,CUST_182,Apparel,3,515.04,286.39,2024,6,June,Monday,1545.12,859.17,685.95,44.39
TXN_7407,2024-06-03 07:00:00,CUST_418,Apparel,3,320.22,331.45,2024,6,June,Monday,960.66,994.35,-33.69,-3.51
TXN_7409,2024-06-03 08:00:00,CUST_415,Apparel,4,277.87,319.54,2024,6,June,Monday,1111.48,1278.16,-166.68,-15.0
TXN_7410,2024-06-03 08:30:00,CUST_198,Apparel,2,263.26,139.39,2024,6,June,Monday,526.52,278.78,247.74,47.05
TXN_7412,2024-06-03 09:30:00,CUST_385,Apparel,5,184.44,44.76,2024,6,June,Monday,922.2,223.8,698.4,75.73
TXN_7413,2024-06-03 10:00:00,CUST_121,Electronics,1,124.08,272.39,2024,6,June,Monday,124.08,272.39,-148.31,-119.53
TXN_7416,2024-06-03 11:30:00,CUST_141,Home Goods,1,241.14,86.89,2024,6,June,Monday,241.14,86.89,154.25,63.97
TXN_7417,2024-06-03 12:00:00,CUST_197,Home Goods,4,431.71,240.71,2024,6,June,Monday,1726.84,962.84,764.0,44.24
TXN_7419,2024-06-03 13:00:00,CUST_257,Apparel,1,235.6,40.52,2024,6,June,Monday,235.6,40.52,195.08,82.8
TXN_7421,2024-06-03 14:00:00,CUST_346,Electronics,3,111.0,285.03,2024,6,June,Monday,333.0,855.09,-522.09,-156.78
TXN_7423,2024-06-03 15:00:00,CUST_372,Apparel,5,440.2,66.43,2024,6,June,Monday,2201.0,332.15,1868.85,84.91
TXN_7425,2024-06-03 16:00:00,CUST_497,Electronics,1,121.5,269.65,2024,6,June,Monday,121.5,269.65,-148.15,-121.93
TXN_7426,2024-06-03 16:30:00,CUST_306,Electronics,5,235.18,107.13,2024,6,June,Monday,1175.9,535.65,640.25,54.45
TXN_7427,2024-06-03 17:00:00,CUST_209,Home Goods,1,493.91,323.23,2024,6,June,Monday,493.91,323.23,170.68,34.56
TXN_7430,2024-06-03 18:30:00,CUST_474,Electronics,2,544.16,224.87,2024,6,June,Monday,1088.32,449.74,638.58,58.68
TXN_7431,2024-06-03 19:00:00,CUST_156,Apparel,2,103.42,232.09,2024,6,June,Monday,206.84,464.18,-257.34,-124.42
TXN_7432,2024-06-03 19:30:00,CUST_390,Apparel,5,39.89,97.88,2024,6,June,Monday,199.45,489.4,-289.95,-145.37
TXN_7434,2024-06-03 20:30:00,CUST_480,Apparel,2,320.42,56.22,2024,6,June,Monday,640.84,112.44,528.4,82.45
TXN_7435,2024-06-03 21:00:00,CUST_484,Apparel,2,316.61,324.46,2024,6,June,Monday,633.22,648.92,-15.7,-2.48
TXN_7436,2024-06-03 21:30:00,CUST_407,Electronics,3,93.45,256.11,2024,6,June,Monday,280.35,768.33,-487.98,-174.06
TXN_7437,2024-06-03 22:00:00,CUST_440,Electronics,1,88.02,25.76,2024,6,June,Monday,88.02,25.76,62.26,70.73
TXN_7438,2024-06-03 22:30:00,CUST_297,Apparel,2,42.41,196.79,2024,6,June,Monday,84.82,393.58,-308.76,-364.02
TXN_7439,2024-06-03 23:00:00,CUST_420,Apparel,5,512.75,126.65,2024,6,June,Monday,2563.75,633.25,1930.5,75.3
TXN_7440,2024-06-03 23:30:00,CUST_278,Home Goods,3,569.43,287.2,2024,6,June,Monday,1708.29,861.6,846.69,49.56
TXN_7442,2024-06-04 00:30:00,CUST_318,Electronics,2,139.68,229.01,2024,6,June,Tuesday,279.36,458.02,-178.66,-63.95
TXN_7445,2024-06-04 02:00:00,CUST_478,Electronics,5,575.84,109.92,2024,6,June,Tuesday,2879.2,549.6,2329.6,80.91
TXN_7446,2024-06-04 02:30:00,CUST_160,Home Goods,1,168.15,66.06,2024,6,June,Tuesday,168.15,66.06,102.09,60.71
TXN_7450,2024-06-04 04:30:00,CUST_435,Electronics,2,414.24,237.5,2024,6,June,Tuesday,828.48,475.0,353.48,42.67
TXN_7451,2024-06-04 05:00:00,CUST_164,Home Goods,5,310.07,185.34,2024,6,June,Tuesday,1550.35,926.7,623.65,40.23
TXN_7453,2024-06-04 06:00:00,CUST_173,Unknown,5,73.44,291.62,2024,6,June,Tuesday,367.2,1458.1,-1090.9,-297.09
TXN_7454,2024-06-04 06:30:00,CUST_291,Apparel,4,482.18,196.57,2024,6,June,Tuesday,1928.72,786.28,1142.44,59.23
TXN_7457,2024-06-04 08:00:00,CUST_476,Unknown,5,429.67,219.82,2024,6,June,Tuesday,2148.35,1099.1,1049.25,48.84
TXN_7459,2024-06-04 09:00:00,CUST_122,Home Goods,4,433.98,39.47,2024,6,June,Tuesday,1735.92,157.88,1578.04,90.91
TXN_7460,2024-06-04 09:30:00,CUST_490,Home Goods,1,468.88,254.22,2024,6,June,Tuesday,468.88,254.22,214.66,45.78
TXN_7461,2024-06-04 10:00:00,CUST_280,Electronics,1,454.21,99.99,2024,6,June,Tuesday,454.21,99.99,354.22,77.99
TXN_7463,2024-06-04 11:00:00,CUST_207,Home Goods,3,457.8,298.89,2024,6,June,Tuesday,1373.4,896.67,476.73,34.71
TXN_7465,2024-06-04 12:00:00,CUST_261,Electronics,4,327.04,148.57,2024,6,June,Tuesday,1308.16,594.28,713.88,54.57
TXN_7466,2024-06-04 12:30:00,CUST_401,Apparel,5,329.0,156.68,2024,6,June,Tuesday,1645.0,783.4,861.6,52.38
TXN_7467,2024-06-04 13:00:00,CUST_305,Apparel,3,459.44,77.02,2024,6,June,Tuesday,1378.32,231.06,1147.26,83.24
TXN_7469,2024-06-04 14:00:00,CUST_115,Apparel,3,212.26,128.78,2024,6,June,Tuesday,636.78,386.34,250.44,39.33
TXN_7473,2024-06-04 16:00:00,CUST_101,Apparel,1,434.42,49.02,2024,6,June,Tuesday,434.42,49.02,385.4,88.72
TXN_7474,2024-06-04 16:30:00,CUST_109,Apparel,5,124.12,41.2,2024,6,June,Tuesday,620.6,206.0,414.6,66.81
TXN_7475,2024-06-04 17:00:00,CUST_224,Apparel,4,69.43,316.71,2024,6,June,Tuesday,277.72,1266.84,-989.12,-356.16
TXN_7477,2024-06-04 18:00:00,CUST_239,Electronics,1,546.56,28.04,2024,6,June,Tuesday,546.56,28.04,518.52,94.87
TXN_7478,2024-06-04 18:30:00,CUST_425,Electronics,3,35.74,37.05,2024,6,June,Tuesday,107.22,111.15,-3.93,-3.67
TXN_7479,2024-06-04 19:00:00,CUST_249,Electronics,2,498.5,242.87,2024,6,June,Tuesday,997.0,485.74,511.26,51.28
TXN_7481,2024-06-04 20:00:00,CUST_460,Home Goods,3,518.62,256.22,2024,6,June,Tuesday,1555.86,768.66,787.2,50.6
TXN_7482,2024-06-04 20:30:00,CUST_439,Electronics,2,508.43,147.51,2024,6,June,Tuesday,1016.86,295.02,721.84,70.99
TXN_7484,2024-06-04 21:30:00,CUST_338,Apparel,1,464.79,246.1,2024,6,June,Tuesday,464.79,246.1,218.69,47.05
TXN_7486,2024-06-04 22:30:00,CUST_297,Unknown,4,117.97,122.37,2024,6,June,Tuesday,471.88,489.48,-17.6,-3.73
TXN_7487,2024-06-04 23:00:00,CUST_310,Apparel,5,192.75,201.63,2024,6,June,Tuesday,963.75,1008.15,-44.4,-4.61
TXN_7489,2024-06-05 00:00:00,CUST_144,Electronics,2,449.32,10.86,2024,6,June,Wednesday,898.64,21.72,876.92,97.58
TXN_7491,2024-06-05 01:00:00,CUST_378,Electronics,5,121.6,188.25,2024,6,June,Wednesday,608.0,941.25,-333.25,-54.81
TXN_7493,2024-06-05 02:00:00,CUST_490,Electronics,1,427.94,41.59,2024,6,June,Wednesday,427.94,41.59,386.35,90.28
TXN_7494,2024-06-05 02:30:00,CUST_434,Home Goods,1,527.1,236.15,2024,6,June,Wednesday,527.1,236.15,290.95,55.2
TXN_7497,2024-06-05 04:00:00,CUST_381,Apparel,1,180.64,295.83,2024,6,June,Wednesday,180.64,295.83,-115.19,-63.77
TXN_7498,2024-06-05 04:30:00,CUST_196,Apparel,4,20.66,330.7,2024,6,June,Wednesday,82.64,1322.8,-1240.16,-1500.68
TXN_7499,2024-06-05 05:00:00,CUST_135,Apparel,2,181.45,338.48,2024,6,June,Wednesday,362.9,676.96,-314.06,-86.54
TXN_7500,2024-06-05 05:30:00,CUST_208,Electronics,5,237.06,159.87,2024,6,June,Wednesday,1185.3,799.35,385.95,32.56
TXN_7501,2024-06-05 06:00:00,CUST_154,Apparel,3,68.95,175.89,2024,6,June,Wednesday,206.85,527.67,-320.82,-155.1
TXN_7506,2024-06-05 08:30:00,CUST_416,Electronics,1,441.63,18.48,2024,6,June,Wednesday,441.63,18.48,423.15,95.82
TXN_7507,2024-06-05 09:00:00,CUST_229,Electronics,5,503.17,90.11,2024,6,June,Wednesday,2515.85,450.55,2065.3,82.09
TXN_7508,2024-06-05 09:30:00,CUST_154,Home Goods,5,299.04,80.74,2024,6,June,Wednesday,1495.2,403.7,1091.5,73.0
TXN_7509,2024-06-05 10:00:00,CUST_477,Home Goods,4,581.67,328.88,2024,6,June,Wednesday,2326.68,1315.52,1011.16,43.46
TXN_7510,2024-06-05 10:30:00,CUST_196,Electronics,2,549.73,59.27,2024,6,June,Wednesday,1099.46,118.54,980.92,89.22
TXN_7511,2024-06-05 11:00:00,CUST_435,Apparel,4,337.54,312.86,2024,6,June,Wednesday,1350.16,1251.44,98.72,7.31
TXN_7512,2024-06-05 11:30:00,CUST_186,Apparel,4,275.3,52.28,2024,6,June,Wednesday,1101.2,209.12,892.08,81.01
TXN_7513,2024-06-05 12:00:00,CUST_393,Apparel,5,16.78,231.24,2024,6,June,Wednesday,83.9,1156.2,-1072.3,-1278.07
TXN_7514,2024-06-05 12:30:00,CUST_218,Apparel,2,430.93,118.76,2024,6,June,Wednesday,861.86,237.52,624.34,72.44
TXN_7515,2024-06-05 13:00:00,CUST_307,Electronics,2,345.5,117.44,2024,6,June,Wednesday,691.0,234.88,456.12,66.01
TXN_7516,2024-06-05 13:30:00,CUST_433,Apparel,2,563.46,349.41,2024,6,June,Wednesday,1126.92,698.82,428.1,37.99
TXN_7518,2024-06-05 14:30:00,CUST_134,Home Goods,1,595.82,78.87,2024,6,June,Wednesday,595.82,78.87,516.95,86.76
TXN_7519,2024-06-05 15:00:00,CUST_178,Home Goods,2,514.48,210.37,2024,6,June,Wednesday,1028.96,420.74,608.22,59.11
TXN_7520,2024-06-05 15:30:00,CUST_166,Electronics,5,572.85,261.86,2024,6,June,Wednesday,2864.25,1309.3,1554.95,54.29
TXN_7522,2024-06-05 16:30:00,CUST_133,Home Goods,1,102.36,248.48,2024,6,June,Wednesday,102.36,248.48,-146.12,-142.75
TXN_7523,2024-06-05 17:00:00,CUST_196,Apparel,3,481.17,201.04,2024,6,June,Wednesday,1443.51,603.12,840.39,58.22
TXN_7525,2024-06-05 18:00:00,CUST_268,Electronics,4,138.7,212.34,2024,6,June,Wednesday,554.8,849.36,-294.56,-53.09
TXN_7526,2024-06-05 18:30:00,CUST_250,Apparel,2,462.38,214.28,2024,6,June,Wednesday,924.76,428.56,496.2,53.66
TXN_7527,2024-06-05 19:00:00,CUST_170,Apparel,3,355.45,84.02,2024,6,June,Wednesday,1066.35,252.06,814.29,76.36
TXN_7528,2024-06-05 19:30:00,CUST_102,Home Goods,2,79.07,238.21,2024,6,June,Wednesday,158.14,476.42,-318.28,-201.26
TXN_7529,2024-06-05 20:00:00,CUST_413,Electronics,4,308.54,79.5,2024,6,June,Wednesday,1234.16,318.0,916.16,74.23
TXN_7530,2024-06-05 20:30:00,CUST_131,Electronics,5,559.72,176.58,2024,6,June,Wednesday,2798.6,882.9,1915.7,68.45
TXN_7531,2024-06-05 21:00:00,CUST_386,Apparel,5,311.28,98.36,2024,6,June,Wednesday,1556.4,491.8,1064.6,68.4
TXN_7532,2024-06-05 21:30:00,CUST_181,Home Goods,4,476.39,116.35,2024,6,June,Wednesday,1905.56,465.4,1440.16,75.58
TXN_7533,2024-06-05 22:00:00,CUST_142,Home Goods,3,31.91,218.72,2024,6,June,Wednesday,95.73,656.16,-560.43,-585.43
TXN_7534,2024-06-05 22:30:00,CUST_490,Unknown,1,440.93,31.92,2024,6,June,Wednesday,440.93,31.92,409.01,92.76
TXN_7538,2024-06-06 00:30:00,CUST_369,Electronics,1,393.29,77.28,2024,6,June,Thursday,393.29,77.28,316.01,80.35
TXN_7539,2024-06-06 01:00:00,CUST_279,Electronics,2,551.01,273.14,2024,6,June,Thursday,1102.02,546.28,555.74,50.43
TXN_7540,2024-06-06 01:30:00,CUST_323,Home Goods,4,118.41,161.93,2024,6,June,Thursday,473.64,647.72,-174.08,-36.75
TXN_7541,2024-06-06 02:00:00,CUST_105,Home Goods,4,251.16,169.78,2024,6,June,Thursday,1004.64,679.12,325.52,32.4
TXN_7542,2024-06-06 02:30:00,CUST_202,Electronics,1,106.43,229.07,2024,6,June,Thursday,106.43,229.07,-122.64,-115.23
TXN_7543,2024-06-06 03:00:00,CUST_109,Apparel,3,305.54,257.9,2024,6,June,Thursday,916.62,773.7,142.92,15.59
TXN_7546,2024-06-06 04:30:00,CUST_325,Electronics,4,256.32,346.07,2024,6,June,Thursday,1025.28,1384.28,-359.0,-35.01
TXN_7547,2024-06-06 05:00:00,CUST_257,Apparel,5,346.67,51.41,2024,6,June,Thursday,1733.35,257.05,1476.3,85.17
TXN_7548,2024-06-06 05:30:00,CUST_327,Electronics,5,532.88,231.37,2024,6,June,Thursday,2664.4,1156.85,1507.55,56.58
TXN_7550,2024-06-06 06:30:00,CUST_308,Apparel,4,409.39,26.67,2024,6,June,Thursday,1637.56,106.68,1530.88,93.49
TXN_7554,2024-06-06 08:30:00,CUST_290,Apparel,3,309.2,161.58,2024,6,June,Thursday,927.6,484.74,442.86,47.74
TXN_7555,2024-06-06 09:00:00,CUST_269,Unknown,5,223.73,159.12,2024,6,June,Thursday,1118.65,795.6,323.05,28.88
TXN_7556,2024-06-06 09:30:00,CUST_406,Electronics,3,170.88,168.46,2024,6,June,Thursday,512.64,505.38,7.26,1.42
TXN_7557,2024-06-06 10:00:00,CUST_303,Electronics,1,584.45,115.75,2024,6,June,Thursday,584.45,115.75,468.7,80.2
TXN_7558,2024-06-06 10:30:00,CUST_155,Home Goods,2,308.76,308.42,2024,6,June,Thursday,617.52,616.84,0.68,0.11
TXN_7560,2024-06-06 11:30:00,CUST_140,Home Goods,1,129.26,174.54,2024,6,June,Thursday,129.26,174.54,-45.28,-35.03
TXN_7561,2024-06-06 12:00:00,CUST_131,Electronics,2,564.57,168.13,2024,6,June,Thursday,1129.14,336.26,792.88,70.22
TXN_7563,2024-06-06 13:00:00,CUST_161,Apparel,5,488.08,256.05,2024,6,June,Thursday,2440.4,1280.25,1160.15,47.54
TXN_7564,2024-06-06 13:30:00,CUST_254,Electronics,2,243.01,59.24,2024,6,June,Thursday,486.02,118.48,367.54,75.62
TXN_7565,2024-06-06 14:00:00,CUST_383,Home Goods,2,299.1,158.57,2024,6,June,Thursday,598.2,317.14,281.06,46.98
TXN_7566,2024-06-06 14:30:00,CUST_308,Apparel,4,362.11,108.05,2024,6,June,Thursday,1448.44,432.2,1016.24,70.16
TXN_7567,2024-06-06 15:00:00,CUST_419,Home Goods,2,477.01,345.54,2024,6,June,Thursday,954.02,691.08,262.94,27.56
TXN_7568,2024-06-06 15:30:00,CUST_286,Home Goods,4,511.7,151.23,2024,6,June,Thursday,2046.8,604.92,1441.88,70.45
TXN_7569,2024-06-06 16:00:00,CUST_229,Electronics,2,60.66,33.08,2024,6,June,Thursday,121.32,66.16,55.16,45.47
TXN_7570,2024-06-06 16:30:00,CUST_226,Home Goods,4,543.88,149.81,2024,6,June,Thursday,2175.52,599.24,1576.28,72.46
TXN_7571,2024-06-06 17:00:00,CUST_391,Apparel,5,563.44,119.26,2024,6,June,Thursday,2817.2,596.3,2220.9,78.83
TXN_7572,2024-06-06 17:30:00,CUST_213,Apparel,5,361.84,213.86,2024,6,June,Thursday,1809.2,1069.3,739.9,40.9
TXN_7573,2024-06-06 18:00:00,CUST_298,Home Goods,2,124.25,86.87,2024,6,June,Thursday,248.5,173.74,74.76,30.08
TXN_7576,2024-06-06 19:30:00,CUST_188,Apparel,3,493.06,106.27,2024,6,June,Thursday,1479.18,318.81,1160.37,78.45
TXN_7578,2024-06-06 20:30:00,CUST_377,Electronics,5,65.74,293.71,2024,6,June,Thursday,328.7,1468.55,-1139.85,-346.78
TXN_7579,2024-06-06 21:00:00,CUST_302,Apparel,1,370.11,101.82,2024,6,June,Thursday,370.11,101.82,268.29,72.49
TXN_7581,2024-06-06 22:00:00,CUST_124,Electronics,1,568.48,275.45,2024,6,June,Thursday,568.48,275.45,293.03,51.55
TXN_7582,2024-06-06 22:30:00,CUST_200,Electronics,4,188.54,305.43,2024,6,June,Thursday,754.16,1221.72,-467.56,-62.0
TXN_7583,2024-06-06 23:00:00,CUST_275,Apparel,3,135.51,177.38,2024,6,June,Thursday,406.53,532.14,-125.61,-30.9
TXN_7585,2024-06-07 00:00:00,CUST_265,Home Goods,4,102.0,272.53,2024,6,June,Friday,408.0,1090.12,-682.12,-167.19
TXN_7586,2024-06-07 00:30:00,CUST_140,Electronics,2,416.61,13.03,2024,6,June,Friday,833.22,26.06,807.16,96.87
TXN_7588,2024-06-07 01:30:00,CUST_465,Apparel,5,347.19,304.28,2024,6,June,Friday,1735.95,1521.4,214.55,12.36
TXN_7589,2024-06-07 02:00:00,CUST_219,Apparel,3,375.49,195.24,2024,6,June,Friday,1126.47,585.72,540.75,48.0
TXN_7590,2024-06-07 02:30:00,CUST_196,Electronics,4,259.16,104.38,2024,6,June,Friday,1036.64,417.52,619.12,59.72
TXN_7591,2024-06-07 03:00:00,CUST_244,Unknown,4,585.35,21.17,2024,6,June,Friday,2341.4,84.68,2256.72,96.38
TXN_7592,2024-06-07 03:30:00,CUST_315,Home Goods,1,92.12,349.94,2024,6,June,Friday,92.12,349.94,-257.82,-279.87
TXN_7593,2024-06-07 04:00:00,CUST_328,Home Goods,2,243.97,269.11,2024,6,June,Friday,487.94,538.22,-50.28,-10.3
TXN_7594,2024-06-07 04:30:00,CUST_412,Home Goods,4,266.78,125.16,2024,6,June,Friday,1067.12,500.64,566.48,53.08
TXN_7595,2024-06-07 05:00:00,CUST_229,Apparel,1,384.16,16.55,2024,6,June,Friday,384.16,16.55,367.61,95.69
TXN_7596,2024-06-07 05:30:00,CUST_451,Apparel,3,253.25,227.36,2024,6,June,Friday,759.75,682.08,77.67,10.22
TXN_7597,2024-06-07 06:00:00,CUST_476,Apparel,4,71.77,345.55,2024,6,June,Friday,287.08,1382.2,-1095.12,-381.47
TXN_7600,2024-06-07 07:30:00,CUST_423,Apparel,1,215.46,146.77,2024,6,June,Friday,215.46,146.77,68.69,31.88
TXN_7602,2024-06-07 08:30:00,CUST_372,Electronics,2,141.71,320.13,2024,6,June,Friday,283.42,640.26,-356.84,-125.91
TXN_7603,2024-06-07 09:00:00,CUST_216,Home Goods,5,73.63,122.34,2024,6,June,Friday,368.15,611.7,-243.55,-66.16
TXN_7605,2024-06-07 10:00:00,CUST_467,Apparel,3,112.49,38.79,2024,6,June,Friday,337.47,116.37,221.1,65.52
TXN_7606,2024-06-07 10:30:00,CUST_193,Electronics,4,130.64,53.66,2024,6,June,Friday,522.56,214.64,307.92,58.93
TXN_7607,2024-06-07 11:00:00,CUST_267,Home Goods,1,260.68,241.03,2024,6,June,Friday,260.68,241.03,19.65,7.54
TXN_7608,2024-06-07 11:30:00,CUST_302,Home Goods,4,379.98,296.78,2024,6,June,Friday,1519.92,1187.12,332.8,21.9
TXN_7609,2024-06-07 12:00:00,CUST_440,Electronics,5,382.9,78.49,2024,6,June,Friday,1914.5,392.45,1522.05,79.5
TXN_7610,2024-06-07 12:30:00,CUST_248,Apparel,4,15.06,152.23,2024,6,June,Friday,60.24,608.92,-548.68,-910.82
TXN_7611,2024-06-07 13:00:00,CUST_282,Electronics,4,553.76,220.6,2024,6,June,Friday,2215.04,882.4,1332.64,60.16
TXN_7612,2024-06-07 13:30:00,CUST_251,Unknown,1,496.37,280.73,2024,6,June,Friday,496.37,280.73,215.64,43.44
TXN_7613,2024-06-07 14:00:00,CUST_173,Apparel,5,578.9,223.59,2024,6,June,Friday,2894.5,1117.95,1776.55,61.38
TXN_7614,2024-06-07 14:30:00,CUST_464,Electronics,3,225.59,42.44,2024,6,June,Friday,676.77,127.32,549.45,81.19
TXN_7615,2024-06-07 15:00:00,CUST_373,Electronics,1,403.91,194.56,2024,6,June,Friday,403.91,194.56,209.35,51.83
TXN_7617,2024-06-07 16:00:00,CUST_311,Electronics,5,492.96,305.13,2024,6,June,Friday,2464.8,1525.65,939.15,38.1
TXN_7618,2024-06-07 16:30:00,CUST_200,Apparel,5,109.4,208.91,2024,6,June,Friday,547.0,1044.55,-497.55,-90.96
TXN_7619,2024-06-07 17:00:00,CUST_144,Home Goods,4,205.7,348.54,2024,6,June,Friday,822.8,1394.16,-571.36,-69.44
TXN_7620,2024-06-07 17:30:00,CUST_181,Home Goods,2,302.14,45.74,2024,6,June,Friday,604.28,91.48,512.8,84.86
TXN_7621,2024-06-07 18:00:00,CUST_116,Electronics,2,362.8,172.72,2024,6,June,Friday,725.6,345.44,380.16,52.39
TXN_7622,2024-06-07 18:30:00,CUST_172,Unknown,3,342.39,273.54,2024,6,June,Friday,1027.17,820.62,206.55,20.11
TXN_7623,2024-06-07 19:00:00,CUST_113,Apparel,4,74.73,57.95,2024,6,June,Friday,298.92,231.8,67.12,22.45
TXN_7624,2024-06-07 19:30:00,CUST_256,Electronics,2,261.68,340.73,2024,6,June,Friday,523.36,681.46,-158.1,-30.21
TXN_7625,2024-06-07 20:00:00,CUST_322,Electronics,1,554.9,130.38,2024,6,June,Friday,554.9,130.38,424.52,76.5
TXN_7626,2024-06-07 20:30:00,CUST_231,Electronics,3,525.34,129.05,2024,6,June,Friday,1576.02,387.15,1188.87,75.43
TXN_7627,2024-06-07 21:00:00,CUST_437,Home Goods,4,360.61,82.49,2024,6,June,Friday,1442.44,329.96,1112.48,77.12
TXN_7629,2024-06-07 22:00:00,CUST_475,Electronics,1,80.33,206.38,2024,6,June,Friday,80.33,206.38,-126.05,-156.92
TXN_7630,2024-06-07 22:30:00,CUST_146,Home Goods,2,132.15,155.98,2024,6,June,Friday,264.3,311.96,-47.66,-18.03
TXN_7631,2024-06-07 23:00:00,CUST_206,Apparel,2,162.79,75.75,2024,6,June,Friday,325.58,151.5,174.08,53.47
TXN_7632,2024-06-07 23:30:00,CUST_207,Home Goods,2,300.59,285.11,2024,6,June,Friday,601.18,570.22,30.96,5.15
TXN_7633,2024-06-08 00:00:00,CUST_364,Apparel,2,442.84,31.16,2024,6,June,Saturday,885.68,62.32,823.36,92.96
TXN_7634,2024-06-08 00:30:00,CUST_304,Electronics,5,284.52,293.78,2024,6,June,Saturday,1422.6,1468.9,-46.3,-3.25
TXN_7636,2024-06-08 01:30:00,CUST_254,Electronics,3,272.02,178.61,2024,6,June,Saturday,816.06,535.83,280.23,34.34
TXN_7637,2024-06-08 02:00:00,CUST_370,Apparel,3,110.14,139.56,2024,6,June,Saturday,330.42,418.68,-88.26,-26.71
TXN_7638,2024-06-08 02:30:00,CUST_346,Apparel,2,454.42,204.0,2024,6,June,Saturday,908.84,408.0,500.84,55.11
TXN_7639,2024-06-08 03:00:00,CUST_118,Electronics,3,112.4,280.64,2024,6,June,Saturday,337.2,841.92,-504.72,-149.68
TXN_7641,2024-06-08 04:00:00,CUST_125,Apparel,1,420.65,114.06,2024,6,June,Saturday,420.65,114.06,306.59,72.88
TXN_7642,2024-06-08 04:30:00,CUST_316,Electronics,1,148.5,198.29,2024,6,June,Saturday,148.5,198.29,-49.79,-33.53
TXN_7644,2024-06-08 05:30:00,CUST_253,Apparel,3,344.53,349.64,2024,6,June,Saturday,1033.59,1048.92,-15.33,-1.48
TXN_7645,2024-06-08 06:00:00,CUST_273,Apparel,2,46.71,285.03,2024,6,June,Saturday,93.42,570.06,-476.64,-510.21
TXN_7646,2024-06-08 06:30:00,CUST_191,Apparel,4,358.84,145.01,2024,6,June,Saturday,1435.36,580.04,855.32,59.59
TXN_7648,2024-06-08 07:30:00,CUST_280,Electronics,2,207.65,93.63,2024,6,June,Saturday,415.3,187.26,228.04,54.91
TXN_7649,2024-06-08 08:00:00,CUST_230,Electronics,5,300.68,266.78,2024,6,June,Saturday,1503.4,1333.9,169.5,11.27
TXN_7650,2024-06-08 08:30:00,CUST_397,Apparel,4,558.33,297.37,2024,6,June,Saturday,2233.32,1189.48,1043.84,46.74
TXN_7652,2024-06-08 09:30:00,CUST_372,Apparel,5,597.98,202.38,2024,6,June,Saturday,2989.9,1011.9,1978.0,66.16
TXN_7653,2024-06-08 10:00:00,CUST_175,Electronics,3,106.85,238.03,2024,6,June,Saturday,320.55,714.09,-393.54,-122.77
TXN_7654,2024-06-08 10:30:00,CUST_276,Electronics,5,429.73,161.66,2024,6,June,Saturday,2148.65,808.3,1340.35,62.38
TXN_7655,2024-06-08 11:00:00,CUST_283,Electronics,3,396.78,217.1,2024,6,June,Saturday,1190.34,651.3,539.04,45.28
TXN_7656,2024-06-08 11:30:00,CUST_418,Apparel,5,525.3,128.57,2024,6,June,Saturday,2626.5,642.85,1983.65,75.52
TXN_7657,2024-06-08 12:00:00,CUST_230,Home Goods,4,69.08,260.81,2024,6,June,Saturday,276.32,1043.24,-766.92,-277.55
TXN_7658,2024-06-08 12:30:00,CUST_462,Electronics,5,178.92,17.72,2024,6,June,Saturday,894.6,88.6,806.0,90.1
TXN_7659,2024-06-08 13:00:00,CUST_148,Apparel,2,92.32,19.68,2024,6,June,Saturday,184.64,39.36,145.28,78.68
TXN_7660,2024-06-08 13:30:00,CUST_154,Electronics,3,560.86,253.48,2024,6,June,Saturday,1682.58,760.44,922.14,54.81
TXN_7661,2024-06-08 14:00:00,CUST_253,Apparel,1,264.58,326.43,2024,6,June,Saturday,264.58,326.43,-61.85,-23.38
TXN_7662,2024-06-08 14:30:00,CUST_454,Electronics,5,547.39,224.96,2024,6,June,Saturday,2736.95,1124.8,1612.15,58.9
TXN_7663,2024-06-08 15:00:00,CUST_299,Apparel,3,187.23,257.02,2024,6,June,Saturday,561.69,771.06,-209.37,-37.28
TXN_7664,2024-06-08 15:30:00,CUST_407,Apparel,1,88.93,290.14,2024,6,June,Saturday,88.93,290.14,-201.21,-226.26
TXN_7665,2024-06-08 16:00:00,CUST_455,Home Goods,3,188.47,132.97,2024,6,June,Saturday,565.41,398.91,166.5,29.45
TXN_7667,2024-06-08 17:00:00,CUST_217,Home Goods,3,509.46,327.25,2024,6,June,Saturday,1528.38,981.75,546.63,35.77
TXN_7668,2024-06-08 17:30:00,CUST_362,Apparel,1,240.45,329.11,2024,6,June,Saturday,240.45,329.11,-88.66,-36.87
TXN_7669,2024-06-08 18:00:00,CUST_145,Home Goods,1,550.16,160.23,2024,6,June,Saturday,550.16,160.23,389.93,70.88
TXN_7670,2024-06-08 18:30:00,CUST_401,Electronics,4,157.88,83.84,2024,6,June,Saturday,631.52,335.36,296.16,46.9
TXN_7673,2024-06-08 20:00:00,CUST_288,Electronics,5,175.27,12.8,2024,6,June,Saturday,876.35,64.0,812.35,92.7
TXN_7674,2024-06-08 20:30:00,CUST_409,Electronics,5,30.78,46.62,2024,6,June,Saturday,153.9,233.1,-79.2,-51.46
TXN_7676,2024-06-08 21:30:00,CUST_228,Home Goods,3,41.44,22.96,2024,6,June,Saturday,124.32,68.88,55.44,44.59
TXN_7678,2024-06-08 22:30:00,CUST_124,Home Goods,2,572.81,196.49,2024,6,June,Saturday,1145.62,392.98,752.64,65.7
TXN_7679,2024-06-08 23:00:00,CUST_365,Apparel,2,445.2,72.68,2024,6,June,Saturday,890.4,145.36,745.04,83.67
TXN_7681,2024-06-09 00:00:00,CUST_243,Apparel,3,155.92,130.01,2024,6,June,Sunday,467.76,390.03,77.73,16.62
TXN_7682,2024-06-09 00:30:00,CUST_299,Electronics,4,58.25,101.65,2024,6,June,Sunday,233.0,406.6,-173.6,-74.51
TXN_7683,2024-06-09 01:00:00,CUST_256,Apparel,1,484.23,283.14,2024,6,June,Sunday,484.23,283.14,201.09,41.53
TXN_7684,2024-06-09 01:30:00,CUST_447,Apparel,3,342.11,180.09,2024,6,June,Sunday,1026.33,540.27,486.06,47.36
TXN_7685,2024-06-09 02:00:00,CUST_233,Apparel,5,413.75,104.73,2024,6,June,Sunday,2068.75,523.65,1545.1,74.69
TXN_7686,2024-06-09 02:30:00,CUST_499,Electronics,2,471.09,116.45,2024,6,June,Sunday,942.18,232.9,709.28,75.28
TXN_7687,2024-06-09 03:00:00,CUST_247,Apparel,2,254.52,23.55,2024,6,June,Sunday,509.04,47.1,461.94,90.75
TXN_7688,2024-06-09 03:30:00,CUST_435,Home Goods,2,99.56,26.79,2024,6,June,Sunday,199.12,53.58,145.54,73.09
TXN_7689,2024-06-09 04:00:00,CUST_170,Apparel,4,480.1,254.09,2024,6,June,Sunday,1920.4,1016.36,904.04,47.08
TXN_7690,2024-06-09 04:30:00,CUST_332,Home Goods,5,280.45,48.39,2024,6,June,Sunday,1402.25,241.95,1160.3,82.75
TXN_7691,2024-06-09 05:00:00,CUST_433,Electronics,4,498.75,171.77,2024,6,June,Sunday,1995.0,687.08,1307.92,65.56
TXN_7692,2024-06-09 05:30:00,CUST_398,Home Goods,1,271.05,296.4,2024,6,June,Sunday,271.05,296.4,-25.35,-9.35
TXN_7693,2024-06-09 06:00:00,CUST_253,Electronics,3,141.95,135.27,2024,6,June,Sunday,425.85,405.81,20.04,4.71
TXN_7694,2024-06-09 06:30:00,CUST_189,Electronics,3,115.04,127.56,2024,6,June,Sunday,345.12,382.68,-37.56,-10.88
TXN_7696,2024-06-09 07:30:00,CUST_298,Home Goods,2,351.31,304.05,2024,6,June,Sunday,702.62,608.1,94.52,13.45
TXN_7698,2024-06-09 08:30:00,CUST_125,Electronics,2,302.89,204.45,2024,6,June,Sunday,605.78,408.9,196.88,32.5
TXN_7699,2024-06-09 09:00:00,CUST_220,Electronics,1,336.54,333.78,2024,6,June,Sunday,336.54,333.78,2.76,0.82
TXN_7700,2024-06-09 09:30:00,CUST_400,Apparel,4,155.06,288.45,2024,6,June,Sunday,620.24,1153.8,-533.56,-86.02
TXN_7704,2024-06-09 11:30:00,CUST_352,Electronics,5,307.83,197.45,2024,6,June,Sunday,1539.15,987.25,551.9,35.86
TXN_7705,2024-06-09 12:00:00,CUST_101,Home Goods,1,116.41,99.47,2024,6,June,Sunday,116.41,99.47,16.94,14.55
TXN_7706,2024-06-09 12:30:00,CUST_497,Home Goods,3,245.21,106.41,2024,6,June,Sunday,735.63,319.23,416.4,56.6
TXN_7707,2024-06-09 13:00:00,CUST_207,Apparel,3,240.51,52.74,2024,6,June,Sunday,721.53,158.22,563.31,78.07
TXN_7708,2024-06-09 13:30:00,CUST_385,Electronics,4,182.31,131.79,2024,6,June,Sunday,729.24,527.16,202.08,27.71
TXN_7710,2024-06-09 14:30:00,CUST_239,Apparel,1,58.07,214.12,2024,6,June,Sunday,58.07,214.12,-156.05,-268.73
TXN_7711,2024-06-09 15:00:00,CUST_317,Apparel,5,391.13,113.66,2024,6,June,Sunday,1955.65,568.3,1387.35,70.94
TXN_7712,2024-06-09 15:30:00,CUST_143,Apparel,1,117.05,279.36,2024,6,June,Sunday,117.05,279.36,-162.31,-138.67
TXN_7713,2024-06-09 16:00:00,CUST_368,Electronics,1,506.12,187.13,2024,6,June,Sunday,506.12,187.13,318.99,63.03
TXN_7714,2024-06-09 16:30:00,CUST_177,Home Goods,4,549.8,226.94,2024,6,June,Sunday,2199.2,907.76,1291.44,58.72
TXN_7715,2024-06-09 17:00:00,CUST_315,Electronics,5,249.86,104.57,2024,6,June,Sunday,1249.3,522.85,726.45,58.15
TXN_7717,2024-06-09 18:00:00,CUST_197,Electronics,3,161.2,222.25,2024,6,June,Sunday,483.6,666.75,-183.15,-37.87
TXN_7718,2024-06-09 18:30:00,CUST_335,Apparel,2,96.94,303.2,2024,6,June,Sunday,193.88,606.4,-412.52,-212.77
TXN_7721,2024-06-09 20:00:00,CUST_403,Electronics,5,247.45,48.43,2024,6,June,Sunday,1237.25,242.15,995.1,80.43
TXN_7722,2024-06-09 20:30:00,CUST_165,Apparel,3,233.18,83.28,2024,6,June,Sunday,699.54,249.84,449.7,64.29
TXN_7724,2024-06-09 21:30:00,CUST_186,Home Goods,4,430.37,314.16,2024,6,June,Sunday,1721.48,1256.64,464.84,27.0
TXN_7726,2024-06-09 22:30:00,CUST_304,Apparel,5,25.87,122.33,2024,6,June,Sunday,129.35,611.65,-482.3,-372.86
TXN_7727,2024-06-09 23:00:00,CUST_378,Home Goods,5,301.46,263.95,2024,6,June,Sunday,1507.3,1319.75,187.55,12.44
TXN_7728,2024-06-09 23:30:00,CUST_436,Electronics,3,277.25,16.69,2024,6,June,Sunday,831.75,50.07,781.68,93.98
TXN_7729,2024-06-10 00:00:00,CUST_353,Apparel,3,50.14,135.83,2024,6,June,Monday,150.42,407.49,-257.07,-170.9
TXN_7730,2024-06-10 00:30:00,CUST_403,Apparel,1,93.27,214.28,2024,6,June,Monday,93.27,214.28,-121.01,-129.74
TXN_7731,2024-06-10 01:00:00,CUST_479,Electronics,1,313.3,208.3,2024,6,June,Monday,313.3,208.3,105.0,33.51
TXN_7732,2024-06-10 01:30:00,CUST_229,Electronics,5,152.33,216.57,2024,6,June,Monday,761.65,1082.85,-321.2,-42.17
TXN_7733,2024-06-10 02:00:00,CUST_183,Apparel,2,528.4,81.91,2024,6,June,Monday,1056.8,163.82,892.98,84.5
TXN_7734,2024-06-10 02:30:00,CUST_375,Electronics,4,116.38,124.61,2024,6,June,Monday,465.52,498.44,-32.92,-7.07
TXN_7735,2024-06-10 03:00:00,CUST_286,Apparel,3,26.77,326.73,2024,6,June,Monday,80.31,980.19,-899.88,-1120.51
TXN_7736,2024-06-10 03:30:00,CUST_145,Home Goods,1,276.82,341.15,2024,6,June,Monday,276.82,341.15,-64.33,-23.24
TXN_7737,2024-06-10 04:00:00,CUST_486,Apparel,4,591.91,116.09,2024,6,June,Monday,2367.64,464.36,1903.28,80.39
TXN_7741,2024-06-10 06:00:00,CUST_421,Electronics,5,298.69,279.39,2024,6,June,Monday,1493.45,1396.95,96.5,6.46
TXN_7742,2024-06-10 06:30:00,CUST_199,Apparel,3,135.78,180.4,2024,6,June,Monday,407.34,541.2,-133.86,-32.86
TXN_7745,2024-06-10 08:00:00,CUST_438,Apparel,3,170.15,223.83,2024,6,June,Monday,510.45,671.49,-161.04,-31.55
TXN_7746,2024-06-10 08:30:00,CUST_261,Apparel,1,55.3,21.52,2024,6,June,Monday,55.3,21.52,33.78,61.08
TXN_7748,2024-06-10 09:30:00,CUST_337,Home Goods,2,357.5,342.47,2024,6,June,Monday,715.0,684.94,30.06,4.2
TXN_7750,2024-06-10 10:30:00,CUST_291,Apparel,3,166.98,63.92,2024,6,June,Monday,500.94,191.76,309.18,61.72
TXN_7751,2024-06-10 11:00:00,CUST_455,Electronics,2,396.92,342.17,2024,6,June,Monday,793.84,684.34,109.5,13.79
TXN_7752,2024-06-10 11:30:00,CUST_377,Home Goods,4,84.43,108.64,2024,6,June,Monday,337.72,434.56,-96.84,-28.67
TXN_7754,2024-06-10 12:30:00,CUST_111,Apparel,3,399.08,36.3,2024,6,June,Monday,1197.24,108.9,1088.34,90.9
TXN_7757,2024-06-10 14:00:00,CUST_345,Electronics,3,482.33,196.48,2024,6,June,Monday,1446.99,589.44,857.55,59.26
TXN_7758,2024-06-10 14:30:00,CUST_321,Apparel,2,411.49,199.65,2024,6,June,Monday,822.98,399.3,423.68,51.48
TXN_7759,2024-06-10 15:00:00,CUST_472,Electronics,1,218.97,216.12,2024,6,June,Monday,218.97,216.12,2.85,1.3
TXN_7762,2024-06-10 16:30:00,CUST_147,Apparel,5,394.22,282.71,2024,6,June,Monday,1971.1,1413.55,557.55,28.29
TXN_7763,2024-06-10 17:00:00,CUST_118,Electronics,4,304.94,327.53,2024,6,June,Monday,1219.76,1310.12,-90.36,-7.41
TXN_7764,2024-06-10 17:30:00,CUST_361,Unknown,3,279.84,101.72,2024,6,June,Monday,839.52,305.16,534.36,63.65
TXN_7767,2024-06-10 19:00:00,CUST_152,Apparel,1,36.43,18.98,2024,6,June,Monday,36.43,18.98,17.45,47.9
TXN_7768,2024-06-10 19:30:00,CUST_206,Home Goods,3,529.67,310.33,2024,6,June,Monday,1589.01,930.99,658.02,41.41
TXN_7770,2024-06-10 20:30:00,CUST_403,Apparel,4,229.44,196.76,2024,6,June,Monday,917.76,787.04,130.72,14.24
TXN_7771,2024-06-10 21:00:00,CUST_234,Apparel,5,123.49,49.13,2024,6,June,Monday,617.45,245.65,371.8,60.22
TXN_7772,2024-06-10 21:30:00,CUST_168,Electronics,3,410.19,198.11,2024,6,June,Monday,1230.57,594.33,636.24,51.7
TXN_7774,2024-06-10 22:30:00,CUST_242,Electronics,2,262.9,271.39,2024,6,June,Monday,525.8,542.78,-16.98,-3.23
TXN_7775,2024-06-10 23:00:00,CUST_291,Electronics,1,65.23,334.84,2024,6,June,Monday,65.23,334.84,-269.61,-413.32
TXN_7776,2024-06-10 23:30:00,CUST_486,Home Goods,5,364.78,114.37,2024,6,June,Monday,1823.9,571.85,1252.05,68.65
TXN_7777,2024-06-11 00:00:00,CUST_477,Apparel,3,30.92,97.79,2024,6,June,Tuesday,92.76,293.37,-200.61,-216.27
TXN_7779,2024-06-11 01:00:00,CUST_122,Apparel,5,408.83,220.79,2024,6,June,Tuesday,2044.15,1103.95,940.2,45.99
TXN_7780,2024-06-11 01:30:00,CUST_280,Apparel,2,299.98,74.25,2024,6,June,Tuesday,599.96,148.5,451.46,75.25
TXN_7781,2024-06-11 02:00:00,CUST_392,Home Goods,3,117.38,283.12,2024,6,June,Tuesday,352.14,849.36,-497.22,-141.2
TXN_7782,2024-06-11 02:30:00,CUST_108,Electronics,5,74.32,77.5,2024,6,June,Tuesday,371.6,387.5,-15.9,-4.28
TXN_7783,2024-06-11 03:00:00,CUST_370,Home Goods,3,198.28,11.86,2024,6,June,Tuesday,594.84,35.58,559.26,94.02
TXN_7784,2024-06-11 03:30:00,CUST_486,Apparel,3,287.15,188.25,2024,6,June,Tuesday,861.45,564.75,296.7,34.44
TXN_7785,2024-06-11 04:00:00,CUST_192,Electronics,5,390.69,49.15,2024,6,June,Tuesday,1953.45,245.75,1707.7,87.42
TXN_7786,2024-06-11 04:30:00,CUST_116,Apparel,3,15.73,247.4,2024,6,June,Tuesday,47.19,742.2,-695.01,-1472.79
TXN_7787,2024-06-11 05:00:00,CUST_253,Electronics,2,430.97,66.94,2024,6,June,Tuesday,861.94,133.88,728.06,84.47
TXN_7788,2024-06-11 05:30:00,CUST_427,Apparel,5,431.94,287.91,2024,6,June,Tuesday,2159.7,1439.55,720.15,33.34
TXN_7791,2024-06-11 07:00:00,CUST_366,Electronics,5,507.75,73.44,2024,6,June,Tuesday,2538.75,367.2,2171.55,85.54
TXN_7792,2024-06-11 07:30:00,CUST_427,Apparel,2,473.98,59.87,2024,6,June,Tuesday,947.96,119.74,828.22,87.37
TXN_7793,2024-06-11 08:00:00,CUST_205,Electronics,2,590.22,224.64,2024,6,June,Tuesday,1180.44,449.28,731.16,61.94
TXN_7794,2024-06-11 08:30:00,CUST_480,Apparel,2,232.58,96.86,2024,6,June,Tuesday,465.16,193.72,271.44,58.35
TXN_7799,2024-06-11 11:00:00,CUST_365,Electronics,3,272.91,329.4,2024,6,June,Tuesday,818.73,988.2,-169.47,-20.7
TXN_7800,2024-06-11 11:30:00,CUST_239,Electronics,3,380.68,156.84,2024,6,June,Tuesday,1142.04,470.52,671.52,58.8
TXN_7801,2024-06-11 12:00:00,CUST_393,Apparel,4,114.57,321.97,2024,6,June,Tuesday,458.28,1287.88,-829.6,-181.02
TXN_7804,2024-06-11 13:30:00,CUST_337,Apparel,3,543.96,68.95,2024,6,June,Tuesday,1631.88,206.85,1425.03,87.32
TXN_7805,2024-06-11 14:00:00,CUST_133,Apparel,2,16.54,172.32,2024,6,June,Tuesday,33.08,344.64,-311.56,-941.84
TXN_7806,2024-06-11 14:30:00,CUST_268,Electronics,4,383.54,188.79,2024,6,June,Tuesday,1534.16,755.16,779.0,50.78
TXN_7808,2024-06-11 15:30:00,CUST_221,Apparel,2,310.48,116.39,2024,6,June,Tuesday,620.96,232.78,388.18,62.51
TXN_7809,2024-06-11 16:00:00,CUST_244,Electronics,1,450.13,156.66,2024,6,June,Tuesday,450.13,156.66,293.47,65.2
TXN_7812,2024-06-11 17:30:00,CUST_356,Unknown,5,426.26,251.6,2024,6,June,Tuesday,2131.3,1258.0,873.3,40.97
TXN_7813,2024-06-11 18:00:00,CUST_367,Apparel,1,320.0,324.92,2024,6,June,Tuesday,320.0,324.92,-4.92,-1.54
TXN_7816,2024-06-11 19:30:00,CUST_496,Apparel,2,283.84,39.74,2024,6,June,Tuesday,567.68,79.48,488.2,86.0
TXN_7817,2024-06-11 20:00:00,CUST_453,Home Goods,3,419.49,176.73,2024,6,June,Tuesday,1258.47,530.19,728.28,57.87
TXN_7818,2024-06-11 20:30:00,CUST_205,Home Goods,5,16.56,335.18,2024,6,June,Tuesday,82.8,1675.9,-1593.1,-1924.03
TXN_7819,2024-06-11 21:00:00,CUST_184,Electronics,3,358.25,288.48,2024,6,June,Tuesday,1074.75,865.44,209.31,19.48
TXN_7820,2024-06-11 21:30:00,CUST_313,Apparel,3,369.32,201.33,2024,6,June,Tuesday,1107.96,603.99,503.97,45.49
TXN_7822,2024-06-11 22:30:00,CUST_231,Electronics,5,535.2,252.7,2024,6,June,Tuesday,2676.0,1263.5,1412.5,52.78
TXN_7823,2024-06-11 23:00:00,CUST_437,Home Goods,5,272.51,286.42,2024,6,June,Tuesday,1362.55,1432.1,-69.55,-5.1
TXN_7824,2024-06-11 23:30:00,CUST_296,Home Goods,1,215.37,327.92,2024,6,June,Tuesday,215.37,327.92,-112.55,-52.26
TXN_7825,2024-06-12 00:00:00,CUST_118,Apparel,2,74.86,218.12,2024,6,June,Wednesday,149.72,436.24,-286.52,-191.37
TXN_7826,2024-06-12 00:30:00,CUST_229,Apparel,3,212.05,184.92,2024,6,June,Wednesday,636.15,554.76,81.39,12.79
TXN_7827,2024-06-12 01:00:00,CUST_111,Electronics,2,55.06,220.52,2024,6,June,Wednesday,110.12,441.04,-330.92,-300.51
TXN_7828,2024-06-12 01:30:00,CUST_180,Electronics,2,484.65,330.71,2024,6,June,Wednesday,969.3,661.42,307.88,31.76
TXN_7830,2024-06-12 02:30:00,CUST_453,Apparel,4,259.08,97.58,2024,6,June,Wednesday,1036.32,390.32,646.0,62.34
TXN_7831,2024-06-12 03:00:00,CUST_361,Apparel,1,166.89,226.29,2024,6,June,Wednesday,166.89,226.29,-59.4,-35.59
TXN_7832,2024-06-12 03:30:00,CUST_491,Electronics,3,84.04,309.11,2024,6,June,Wednesday,252.12,927.33,-675.21,-267.81
TXN_7834,2024-06-12 04:30:00,CUST_406,Electronics,5,528.33,180.92,2024,6,June,Wednesday,2641.65,904.6,1737.05,65.76
TXN_7835,2024-06-12 05:00:00,CUST_366,Home Goods,5,170.78,259.35,2024,6,June,Wednesday,853.9,1296.75,-442.85,-51.86
TXN_7836,2024-06-12 05:30:00,CUST_482,Apparel,2,378.73,234.74,2024,6,June,Wednesday,757.46,469.48,287.98,38.02
TXN_7837,2024-06-12 06:00:00,CUST_239,Electronics,1,166.31,29.27,2024,6,June,Wednesday,166.31,29.27,137.04,82.4
TXN_7838,2024-06-12 06:30:00,CUST_428,Home Goods,1,146.7,256.61,2024,6,June,Wednesday,146.7,256.61,-109.91,-74.92
TXN_7839,2024-06-12 07:00:00,CUST_101,Apparel,3,27.41,148.57,2024,6,June,Wednesday,82.23,445.71,-363.48,-442.03
TXN_7840,2024-06-12 07:30:00,CUST_107,Apparel,3,352.64,329.91,2024,6,June,Wednesday,1057.92,989.73,68.19,6.45
TXN_7841,2024-06-12 08:00:00,CUST_349,Apparel,2,102.72,340.07,2024,6,June,Wednesday,205.44,680.14,-474.7,-231.07
TXN_7842,2024-06-12 08:30:00,CUST_238,Electronics,2,22.24,162.57,2024,6,June,Wednesday,44.48,325.14,-280.66,-630.98
TXN_7843,2024-06-12 09:00:00,CUST_223,Apparel,2,76.34,339.39,2024,6,June,Wednesday,152.68,678.78,-526.1,-344.58
TXN_7844,2024-06-12 09:30:00,CUST_408,Home Goods,4,198.55,115.68,2024,6,June,Wednesday,794.2,462.72,331.48,41.74
TXN_7845,2024-06-12 10:00:00,CUST_327,Electronics,1,406.46,242.1,2024,6,June,Wednesday,406.46,242.1,164.36,40.44
TXN_7846,2024-06-12 10:30:00,CUST_109,Electronics,2,133.53,35.52,2024,6,June,Wednesday,267.06,71.04,196.02,73.4
TXN_7848,2024-06-12 11:30:00,CUST_211,Electronics,1,183.77,303.94,2024,6,June,Wednesday,183.77,303.94,-120.17,-65.39
TXN_7850,2024-06-12 12:30:00,CUST_391,Apparel,5,142.52,191.09,2024,6,June,Wednesday,712.6,955.45,-242.85,-34.08
TXN_7851,2024-06-12 13:00:00,CUST_461,Apparel,5,163.48,125.52,2024,6,June,Wednesday,817.4,627.6,189.8,23.22
TXN_7852,2024-06-12 13:30:00,CUST_352,Apparel,1,58.37,163.35,2024,6,June,Wednesday,58.37,163.35,-104.98,-179.85
TXN_7854,2024-06-12 14:30:00,CUST_339,Electronics,5,517.88,81.74,2024,6,June,Wednesday,2589.4,408.7,2180.7,84.22
TXN_7855,2024-06-12 15:00:00,CUST_341,Apparel,5,417.73,110.26,2024,6,June,Wednesday,2088.65,551.3,1537.35,73.6
TXN_7856,2024-06-12 15:30:00,CUST_441,Apparel,5,527.03,277.05,2024,6,June,Wednesday,2635.15,1385.25,1249.9,47.43
TXN_7857,2024-06-12 16:00:00,CUST_248,Apparel,3,76.34,327.99,2024,6,June,Wednesday,229.02,983.97,-754.95,-329.64
TXN_7859,2024-06-12 17:00:00,CUST_405,Electronics,3,149.11,283.28,2024,6,June,Wednesday,447.33,849.84,-402.51,-89.98
TXN_7860,2024-06-12 17:30:00,CUST_266,Electronics,1,436.91,229.32,2024,6,June,Wednesday,436.91,229.32,207.59,47.51
TXN_7861,2024-06-12 18:00:00,CUST_119,Home Goods,1,582.59,88.46,2024,6,June,Wednesday,582.59,88.46,494.13,84.82
TXN_7862,2024-06-12 18:30:00,CUST_315,Apparel,4,491.99,266.98,2024,6,June,Wednesday,1967.96,1067.92,900.04,45.73
TXN_7863,2024-06-12 19:00:00,CUST_442,Electronics,3,35.64,257.49,2024,6,June,Wednesday,106.92,772.47,-665.55,-622.47
TXN_7864,2024-06-12 19:30:00,CUST_234,Electronics,1,200.25,58.29,2024,6,June,Wednesday,200.25,58.29,141.96,70.89
TXN_7865,2024-06-12 20:00:00,CUST_492,Electronics,3,31.72,180.77,2024,6,June,Wednesday,95.16,542.31,-447.15,-469.89
TXN_7866,2024-06-12 20:30:00,CUST_228,Electronics,4,38.5,267.82,2024,6,June,Wednesday,154.0,1071.28,-917.28,-595.64
TXN_7867,2024-06-12 21:00:00,CUST_393,Home Goods,1,61.52,75.13,2024,6,June,Wednesday,61.52,75.13,-13.61,-22.12
TXN_7868,2024-06-12 21:30:00,CUST_345,Home Goods,1,176.65,167.34,2024,6,June,Wednesday,176.65,167.34,9.31,5.27
TXN_7869,2024-06-12 22:00:00,CUST_288,Home Goods,1,192.96,51.05,2024,6,June,Wednesday,192.96,51.05,141.91,73.54
TXN_7870,2024-06-12 22:30:00,CUST_143,Home Goods,1,249.27,114.32,2024,6,June,Wednesday,249.27,114.32,134.95,54.14
TXN_7871,2024-06-12 23:00:00,CUST_185,Home Goods,2,251.88,84.1,2024,6,June,Wednesday,503.76,168.2,335.56,66.61
TXN_7874,2024-06-13 00:30:00,CUST_474,Home Goods,3,107.28,140.27,2024,6,June,Thursday,321.84,420.81,-98.97,-30.75
TXN_7875,2024-06-13 01:00:00,CUST_477,Electronics,3,381.55,103.56,2024,6,June,Thursday,1144.65,310.68,833.97,72.86
TXN_7876,2024-06-13 01:30:00,CUST_489,Electronics,3,349.47,263.66,2024,6,June,Thursday,1048.41,790.98,257.43,24.55
TXN_7877,2024-06-13 02:00:00,CUST_244,Electronics,4,105.09,247.89,2024,6,June,Thursday,420.36,991.56,-571.2,-135.88
TXN_7879,2024-06-13 03:00:00,CUST_341,Electronics,2,207.5,334.18,2024,6,June,Thursday,415.0,668.36,-253.36,-61.05
TXN_7881,2024-06-13 04:00:00,CUST_150,Apparel,3,260.97,219.43,2024,6,June,Thursday,782.91,658.29,124.62,15.92
TXN_7882,2024-06-13 04:30:00,CUST_365,Home Goods,3,203.78,172.42,2024,6,June,Thursday,611.34,517.26,94.08,15.39
TXN_7883,2024-06-13 05:00:00,CUST_219,Apparel,1,341.11,70.49,2024,6,June,Thursday,341.11,70.49,270.62,79.34
TXN_7885,2024-06-13 06:00:00,CUST_347,Electronics,1,166.77,12.67,2024,6,June,Thursday,166.77,12.67,154.1,92.4
TXN_7888,2024-06-13 07:30:00,CUST_156,Apparel,1,423.62,316.88,2024,6,June,Thursday,423.62,316.88,106.74,25.2
TXN_7889,2024-06-13 08:00:00,CUST_481,Apparel,3,218.13,139.44,2024,6,June,Thursday,654.39,418.32,236.07,36.07
TXN_7890,2024-06-13 08:30:00,CUST_138,Home Goods,1,269.6,186.34,2024,6,June,Thursday,269.6,186.34,83.26,30.88
TXN_7891,2024-06-13 09:00:00,CUST_388,Home Goods,3,153.03,262.4,2024,6,June,Thursday,459.09,787.2,-328.11,-71.47
TXN_7893,2024-06-13 10:00:00,CUST_319,Electronics,4,446.26,28.52,2024,6,June,Thursday,1785.04,114.08,1670.96,93.61
TXN_7894,2024-06-13 10:30:00,CUST_412,Electronics,4,28.01,81.97,2024,6,June,Thursday,112.04,327.88,-215.84,-192.65
TXN_7895,2024-06-13 11:00:00,CUST_343,Apparel,5,50.21,59.78,2024,6,June,Thursday,251.05,298.9,-47.85,-19.06
TXN_7896,2024-06-13 11:30:00,CUST_451,Electronics,2,554.59,12.19,2024,6,June,Thursday,1109.18,24.38,1084.8,97.8
TXN_7897,2024-06-13 12:00:00,CUST_403,Electronics,1,534.96,221.82,2024,6,June,Thursday,534.96,221.82,313.14,58.54
TXN_7899,2024-06-13 13:00:00,CUST_382,Electronics,1,303.61,335.42,2024,6,June,Thursday,303.61,335.42,-31.81,-10.48
TXN_7900,2024-06-13 13:30:00,CUST_173,Electronics,2,490.27,159.91,2024,6,June,Thursday,980.54,319.82,660.72,67.38
TXN_7902,2024-06-13 14:30:00,CUST_279,Apparel,2,397.41,303.73,2024,6,June,Thursday,794.82,607.46,187.36,23.57
TXN_7904,2024-06-13 15:30:00,CUST_333,Apparel,5,449.85,222.45,2024,6,June,Thursday,2249.25,1112.25,1137.0,50.55
TXN_7905,2024-06-13 16:00:00,CUST_381,Apparel,2,32.61,102.87,2024,6,June,Thursday,65.22,205.74,-140.52,-215.46
TXN_7906,2024-06-13 16:30:00,CUST_124,Electronics,3,361.74,318.9,2024,6,June,Thursday,1085.22,956.7,128.52,11.84
TXN_7907,2024-06-13 17:00:00,CUST_430,Electronics,1,340.69,70.66,2024,6,June,Thursday,340.69,70.66,270.03,79.26
TXN_7908,2024-06-13 17:30:00,CUST_378,Electronics,2,506.9,24.84,2024,6,June,Thursday,1013.8,49.68,964.12,95.1
TXN_7909,2024-06-13 18:00:00,CUST_325,Home Goods,3,410.95,280.85,2024,6,June,Thursday,1232.85,842.55,390.3,31.66
TXN_7910,2024-06-13 18:30:00,CUST_156,Apparel,2,529.89,201.64,2024,6,June,Thursday,1059.78,403.28,656.5,61.95
TXN_7912,2024-06-13 19:30:00,CUST_331,Electronics,3,253.78,238.1,2024,6,June,Thursday,761.34,714.3,47.04,6.18
TXN_7913,2024-06-13 20:00:00,CUST_481,Unknown,4,95.4,270.68,2024,6,June,Thursday,381.6,1082.72,-701.12,-183.73
TXN_7914,2024-06-13 20:30:00,CUST_442,Apparel,3,383.72,297.15,2024,6,June,Thursday,1151.16,891.45,259.71,22.56
TXN_7915,2024-06-13 21:00:00,CUST_386,Home Goods,5,526.14,105.92,2024,6,June,Thursday,2630.7,529.6,2101.1,79.87
TXN_7917,2024-06-13 22:00:00,CUST_331,Electronics,3,341.39,183.41,2024,6,June,Thursday,1024.17,550.23,473.94,46.28
TXN_7918,2024-06-13 22:30:00,CUST_388,Home Goods,2,82.27,301.07,2024,6,June,Thursday,164.54,602.14,-437.6,-265.95
TXN_7919,2024-06-13 23:00:00,CUST_312,Apparel,4,30.79,80.66,2024,6,June,Thursday,123.16,322.64,-199.48,-161.97
TXN_7920,2024-06-13 23:30:00,CUST_357,Apparel,4,412.59,153.18,2024,6,June,Thursday,1650.36,612.72,1037.64,62.87
TXN_7921,2024-06-14 00:00:00,CUST_117,Apparel,3,413.88,97.18,2024,6,June,Friday,1241.64,291.54,950.1,76.52
TXN_7922,2024-06-14 00:30:00,CUST_274,Apparel,2,366.38,14.54,2024,6,June,Friday,732.76,29.08,703.68,96.03
TXN_7923,2024-06-14 01:00:00,CUST_328,Apparel,4,517.65,315.5,2024,6,June,Friday,2070.6,1262.0,808.6,39.05
TXN_7925,2024-06-14 02:00:00,CUST_183,Electronics,3,76.58,270.7,2024,6,June,Friday,229.74,812.1,-582.36,-253.49
TXN_7926,2024-06-14 02:30:00,CUST_390,Home Goods,3,520.75,127.85,2024,6,June,Friday,1562.25,383.55,1178.7,75.45
TXN_7928,2024-06-14 03:30:00,CUST_345,Apparel,3,174.74,329.95,2024,6,June,Friday,524.22,989.85,-465.63,-88.82
TXN_7929,2024-06-14 04:00:00,CUST_209,Apparel,4,446.82,233.45,2024,6,June,Friday,1787.28,933.8,853.48,47.75
TXN_7930,2024-06-14 04:30:00,CUST_353,Unknown,1,538.23,243.55,2024,6,June,Friday,538.23,243.55,294.68,54.75
TXN_7931,2024-06-14 05:00:00,CUST_187,Apparel,2,418.42,268.28,2024,6,June,Friday,836.84,536.56,300.28,35.88
TXN_7932,2024-06-14 05:30:00,CUST_171,Apparel,5,478.28,125.92,2024,6,June,Friday,2391.4,629.6,1761.8,73.67
TXN_7933,2024-06-14 06:00:00,CUST_480,Home Goods,5,180.26,201.65,2024,6,June,Friday,901.3,1008.25,-106.95,-11.87
TXN_7934,2024-06-14 06:30:00,CUST_129,Home Goods,2,183.93,101.88,2024,6,June,Friday,367.86,203.76,164.1,44.61
TXN_7935,2024-06-14 07:00:00,CUST_271,Apparel,1,520.51,293.74,2024,6,June,Friday,520.51,293.74,226.77,43.57
TXN_7940,2024-06-14 09:30:00,CUST_238,Home Goods,2,142.85,178.31,2024,6,June,Friday,285.7,356.62,-70.92,-24.82
TXN_7941,2024-06-14 10:00:00,CUST_293,Electronics,3,398.12,21.73,2024,6,June,Friday,1194.36,65.19,1129.17,94.54
TXN_7943,2024-06-14 11:00:00,CUST_317,Apparel,2,192.66,333.77,2024,6,June,Friday,385.32,667.54,-282.22,-73.24
TXN_7944,2024-06-14 11:30:00,CUST_263,Unknown,2,409.27,201.28,2024,6,June,Friday,818.54,402.56,415.98,50.82
TXN_7946,2024-06-14 12:30:00,CUST_112,Apparel,4,144.99,132.25,2024,6,June,Friday,579.96,529.0,50.96,8.79
TXN_7947,2024-06-14 13:00:00,CUST_395,Electronics,5,529.27,101.14,2024,6,June,Friday,2646.35,505.7,2140.65,80.89
TXN_7948,2024-06-14 13:30:00,CUST_188,Apparel,5,409.48,205.34,2024,6,June,Friday,2047.4,1026.7,1020.7,49.85
TXN_7949,2024-06-14 14:00:00,CUST_423,Electronics,3,306.87,53.55,2024,6,June,Friday,920.61,160.65,759.96,82.55
TXN_7953,2024-06-14 16:00:00,CUST_449,Apparel,3,105.86,114.34,2024,6,June,Friday,317.58,343.02,-25.44,-8.01
TXN_7954,2024-06-14 16:30:00,CUST_374,Home Goods,4,296.82,86.86,2024,6,June,Friday,1187.28,347.44,839.84,70.74
TXN_7955,2024-06-14 17:00:00,CUST_378,Electronics,3,254.25,199.68,2024,6,June,Friday,762.75,599.04,163.71,21.46
TXN_7958,2024-06-14 18:30:00,CUST_307,Home Goods,1,77.3,89.48,2024,6,June,Friday,77.3,89.48,-12.18,-15.76
TXN_7959,2024-06-14 19:00:00,CUST_420,Home Goods,4,579.0,122.37,2024,6,June,Friday,2316.0,489.48,1826.52,78.87
TXN_7962,2024-06-14 20:30:00,CUST_133,Electronics,4,476.56,252.32,2024,6,June,Friday,1906.24,1009.28,896.96,47.05
TXN_7964,2024-06-14 21:30:00,CUST_491,Home Goods,2,83.4,279.28,2024,6,June,Friday,166.8,558.56,-391.76,-234.87
TXN_7966,2024-06-14 22:30:00,CUST_156,Apparel,2,198.49,146.47,2024,6,June,Friday,396.98,292.94,104.04,26.21
TXN_7967,2024-06-14 23:00:00,CUST_211,Electronics,1,363.53,107.77,2024,6,June,Friday,363.53,107.77,255.76,70.35
TXN_7970,2024-06-15 00:30:00,CUST_112,Electronics,4,477.17,15.76,2024,6,June,Saturday,1908.68,63.04,1845.64,96.7
TXN_7971,2024-06-15 01:00:00,CUST_438,Electronics,4,516.26,165.01,2024,6,June,Saturday,2065.04,660.04,1405.0,68.04
TXN_7972,2024-06-15 01:30:00,CUST_384,Electronics,2,536.37,256.5,2024,6,June,Saturday,1072.74,513.0,559.74,52.18
TXN_7974,2024-06-15 02:30:00,CUST_189,Apparel,5,209.74,36.73,2024,6,June,Saturday,1048.7,183.65,865.05,82.49
TXN_7975,2024-06-15 03:00:00,CUST_203,Electronics,5,140.78,105.64,2024,6,June,Saturday,703.9,528.2,175.7,24.96
TXN_7977,2024-06-15 04:00:00,CUST_285,Home Goods,2,418.4,67.93,2024,6,June,Saturday,836.8,135.86,700.94,83.76
TXN_7979,2024-06-15 05:00:00,CUST_354,Electronics,3,511.28,163.79,2024,6,June,Saturday,1533.84,491.37,1042.47,67.96
TXN_7980,2024-06-15 05:30:00,CUST_175,Apparel,4,576.93,207.45,2024,6,June,Saturday,2307.72,829.8,1477.92,64.04
TXN_7984,2024-06-15 07:30:00,CUST_181,Electronics,1,29.2,85.26,2024,6,June,Saturday,29.2,85.26,-56.06,-191.99
TXN_7986,2024-06-15 08:30:00,CUST_357,Home Goods,5,509.71,192.63,2024,6,June,Saturday,2548.55,963.15,1585.4,62.21
TXN_7988,2024-06-15 09:30:00,CUST_490,Electronics,3,258.44,328.15,2024,6,June,Saturday,775.32,984.45,-209.13,-26.97
TXN_7989,2024-06-15 10:00:00,CUST_381,Apparel,4,534.98,248.71,2024,6,June,Saturday,2139.92,994.84,1145.08,53.51
TXN_7991,2024-06-15 11:00:00,CUST_303,Electronics,3,385.8,14.0,2024,6,June,Saturday,1157.4,42.0,1115.4,96.37
TXN_7993,2024-06-15 12:00:00,CUST_250,Electronics,4,122.83,279.72,2024,6,June,Saturday,491.32,1118.88,-627.56,-127.73
TXN_7994,2024-06-15 12:30:00,CUST_353,Electronics,4,181.64,111.64,2024,6,June,Saturday,726.56,446.56,280.0,38.54
TXN_7995,2024-06-15 13:00:00,CUST_287,Home Goods,2,550.86,109.32,2024,6,June,Saturday,1101.72,218.64,883.08,80.15
TXN_7996,2024-06-15 13:30:00,CUST_428,Home Goods,2,122.3,28.18,2024,6,June,Saturday,244.6,56.36,188.24,76.96
TXN_7997,2024-06-15 14:00:00,CUST_131,Home Goods,1,116.54,27.29,2024,6,June,Saturday,116.54,27.29,89.25,76.58
TXN_7998,2024-06-15 14:30:00,CUST_370,Home Goods,1,295.58,237.32,2024,6,June,Saturday,295.58,237.32,58.26,19.71
TXN_8000,2024-06-15 15:30:00,CUST_104,Electronics,3,538.36,324.01,2024,6,June,Saturday,1615.08,972.03,643.05,39.82
TXN_8001,2024-06-15 16:00:00,CUST_429,Home Goods,2,73.59,296.42,2024,6,June,Saturday,147.18,592.84,-445.66,-302.8
TXN_8002,2024-06-15 16:30:00,CUST_407,Electronics,4,375.69,128.62,2024,6,June,Saturday,1502.76,514.48,988.28,65.76
TXN_8003,2024-06-15 17:00:00,CUST_432,Apparel,2,213.77,139.22,2024,6,June,Saturday,427.54,278.44,149.1,34.87
TXN_8004,2024-06-15 17:30:00,CUST_268,Apparel,4,485.5,121.27,2024,6,June,Saturday,1942.0,485.08,1456.92,75.02
TXN_8005,2024-06-15 18:00:00,CUST_280,Electronics,2,360.04,41.41,2024,6,June,Saturday,720.08,82.82,637.26,88.5
TXN_8006,2024-06-15 18:30:00,CUST_465,Electronics,4,242.16,20.69,2024,6,June,Saturday,968.64,82.76,885.88,91.46
TXN_8007,2024-06-15 19:00:00,CUST_277,Apparel,3,590.57,163.73,2024,6,June,Saturday,1771.71,491.19,1280.52,72.28
TXN_8008,2024-06-15 19:30:00,CUST_242,Home Goods,2,53.75,330.63,2024,6,June,Saturday,107.5,661.26,-553.76,-515.13
TXN_8009,2024-06-15 20:00:00,CUST_461,Apparel,5,353.0,321.86,2024,6,June,Saturday,1765.0,1609.3,155.7,8.82
TXN_8010,2024-06-15 20:30:00,CUST_347,Apparel,5,593.9,285.35,2024,6,June,Saturday,2969.5,1426.75,1542.75,51.95
TXN_8011,2024-06-15 21:00:00,CUST_226,Apparel,4,419.21,223.72,2024,6,June,Saturday,1676.84,894.88,781.96,46.63
TXN_8012,2024-06-15 21:30:00,CUST_362,Electronics,3,447.77,301.12,2024,6,June,Saturday,1343.31,903.36,439.95,32.75
TXN_8013,2024-06-15 22:00:00,CUST_139,Electronics,4,33.77,185.12,2024,6,June,Saturday,135.08,740.48,-605.4,-448.18
TXN_8014,2024-06-15 22:30:00,CUST_454,Apparel,3,27.5,71.25,2024,6,June,Saturday,82.5,213.75,-131.25,-159.09
TXN_8015,2024-06-15 23:00:00,CUST_354,Electronics,1,36.12,242.62,2024,6,June,Saturday,36.12,242.62,-206.5,-571.71
TXN_8016,2024-06-15 23:30:00,CUST_242,Electronics,2,595.16,323.02,2024,6,June,Saturday,1190.32,646.04,544.28,45.73
TXN_8017,2024-06-16 00:00:00,CUST_339,Apparel,3,588.02,16.67,2024,6,June,Sunday,1764.06,50.01,1714.05,97.17
TXN_8018,2024-06-16 00:30:00,CUST_327,Apparel,4,210.69,95.49,2024,6,June,Sunday,842.76,381.96,460.8,54.68
TXN_8021,2024-06-16 02:00:00,CUST_164,Apparel,1,207.55,86.67,2024,6,June,Sunday,207.55,86.67,120.88,58.24
TXN_8023,2024-06-16 03:00:00,CUST_110,Home Goods,4,452.75,329.54,2024,6,June,Sunday,1811.0,1318.16,492.84,27.21
TXN_8024,2024-06-16 03:30:00,CUST_207,Electronics,5,521.78,302.49,2024,6,June,Sunday,2608.9,1512.45,1096.45,42.03
TXN_8025,2024-06-16 04:00:00,CUST_125,Home Goods,5,451.84,331.64,2024,6,June,Sunday,2259.2,1658.2,601.0,26.6
TXN_8026,2024-06-16 04:30:00,CUST_250,Electronics,2,393.19,50.99,2024,6,June,Sunday,786.38,101.98,684.4,87.03
TXN_8028,2024-06-16 05:30:00,CUST_440,Electronics,2,447.02,47.36,2024,6,June,Sunday,894.04,94.72,799.32,89.41
TXN_8030,2024-06-16 06:30:00,CUST_336,Electronics,1,211.47,63.55,2024,6,June,Sunday,211.47,63.55,147.92,69.95
TXN_8032,2024-06-16 07:30:00,CUST_250,Apparel,5,412.42,87.38,2024,6,June,Sunday,2062.1,436.9,1625.2,78.81
TXN_8033,2024-06-16 08:00:00,CUST_222,Electronics,3,576.19,17.02,2024,6,June,Sunday,1728.57,51.06,1677.51,97.05
TXN_8034,2024-06-16 08:30:00,CUST_243,Home Goods,5,354.92,38.77,2024,6,June,Sunday,1774.6,193.85,1580.75,89.08
TXN_8036,2024-06-16 09:30:00,CUST_354,Home Goods,2,23.32,72.0,2024,6,June,Sunday,46.64,144.0,-97.36,-208.75
TXN_8037,2024-06-16 10:00:00,CUST_167,Electronics,4,479.77,87.91,2024,6,June,Sunday,1919.08,351.64,1567.44,81.68
TXN_8039,2024-06-16 11:00:00,CUST_435,Apparel,1,384.13,233.46,2024,6,June,Sunday,384.13,233.46,150.67,39.22
TXN_8041,2024-06-16 12:00:00,CUST_408,Electronics,5,360.1,331.17,2024,6,June,Sunday,1800.5,1655.85,144.65,8.03
TXN_8042,2024-06-16 12:30:00,CUST_461,Home Goods,3,155.71,157.62,2024,6,June,Sunday,467.13,472.86,-5.73,-1.23
TXN_8044,2024-06-16 13:30:00,CUST_495,Home Goods,3,340.16,192.29,2024,6,June,Sunday,1020.48,576.87,443.61,43.47
TXN_8045,2024-06-16 14:00:00,CUST_189,Electronics,3,545.29,163.3,2024,6,June,Sunday,1635.87,489.9,1145.97,70.05
TXN_8046,2024-06-16 14:30:00,CUST_456,Apparel,1,57.34,277.63,2024,6,June,Sunday,57.34,277.63,-220.29,-384.18
TXN_8047,2024-06-16 15:00:00,CUST_355,Electronics,3,368.57,327.94,2024,6,June,Sunday,1105.71,983.82,121.89,11.02
TXN_8048,2024-06-16 15:30:00,CUST_452,Electronics,3,465.34,294.34,2024,6,June,Sunday,1396.02,883.02,513.0,36.75
TXN_8049,2024-06-16 16:00:00,CUST_319,Home Goods,5,82.51,142.27,2024,6,June,Sunday,412.55,711.35,-298.8,-72.43
TXN_8050,2024-06-16 16:30:00,CUST_108,Electronics,1,83.31,83.48,2024,6,June,Sunday,83.31,83.48,-0.17,-0.2
TXN_8051,2024-06-16 17:00:00,CUST_111,Apparel,4,229.18,320.93,2024,6,June,Sunday,916.72,1283.72,-367.0,-40.03
TXN_8052,2024-06-16 17:30:00,CUST_424,Apparel,4,175.22,141.22,2024,6,June,Sunday,700.88,564.88,136.0,19.4
TXN_8053,2024-06-16 18:00:00,CUST_343,Apparel,3,131.01,271.87,2024,6,June,Sunday,393.03,815.61,-422.58,-107.52
TXN_8055,2024-06-16 19:00:00,CUST_383,Apparel,2,91.44,206.33,2024,6,June,Sunday,182.88,412.66,-229.78,-125.65
TXN_8056,2024-06-16 19:30:00,CUST_411,Apparel,1,372.35,173.16,2024,6,June,Sunday,372.35,173.16,199.19,53.5
TXN_8058,2024-06-16 20:30:00,CUST_296,Apparel,2,426.22,75.94,2024,6,June,Sunday,852.44,151.88,700.56,82.18
TXN_8059,2024-06-16 21:00:00,CUST_465,Electronics,1,326.43,176.0,2024,6,June,Sunday,326.43,176.0,150.43,46.08
TXN_8060,2024-06-16 21:30:00,CUST_325,Electronics,1,572.45,116.19,2024,6,June,Sunday,572.45,116.19,456.26,79.7
TXN_8061,2024-06-16 22:00:00,CUST_432,Electronics,5,530.11,65.84,2024,6,June,Sunday,2650.55,329.2,2321.35,87.58
TXN_8062,2024-06-16 22:30:00,CUST_202,Apparel,3,575.21,217.45,2024,6,June,Sunday,1725.63,652.35,1073.28,62.2
TXN_8063,2024-06-16 23:00:00,CUST_205,Home Goods,5,242.45,205.74,2024,6,June,Sunday,1212.25,1028.7,183.55,15.14
TXN_8066,2024-06-17 00:30:00,CUST_157,Home Goods,2,213.88,84.93,2024,6,June,Monday,427.76,169.86,257.9,60.29
TXN_8067,2024-06-17 01:00:00,CUST_177,Home Goods,2,77.36,275.1,2024,6,June,Monday,154.72,550.2,-395.48,-255.61
TXN_8068,2024-06-17 01:30:00,CUST_174,Apparel,4,414.33,134.91,2024,6,June,Monday,1657.32,539.64,1117.68,67.44
TXN_8072,2024-06-17 03:30:00,CUST_132,Electronics,5,412.73,214.33,2024,6,June,Monday,2063.65,1071.65,992.0,48.07
TXN_8073,2024-06-17 04:00:00,CUST_170,Electronics,5,556.84,173.31,2024,6,June,Monday,2784.2,866.55,1917.65,68.88
TXN_8075,2024-06-17 05:00:00,CUST_204,Electronics,5,407.78,247.06,2024,6,June,Monday,2038.9,1235.3,803.6,39.41
TXN_8076,2024-06-17 05:30:00,CUST_299,Electronics,4,196.36,271.67,2024,6,June,Monday,785.44,1086.68,-301.24,-38.35
TXN_8079,2024-06-17 07:00:00,CUST_406,Apparel,5,516.3,215.97,2024,6,June,Monday,2581.5,1079.85,1501.65,58.17
TXN_8080,2024-06-17 07:30:00,CUST_173,Apparel,5,244.58,165.27,2024,6,June,Monday,1222.9,826.35,396.55,32.43
TXN_8085,2024-06-17 10:00:00,CUST_498,Home Goods,5,206.46,30.05,2024,6,June,Monday,1032.3,150.25,882.05,85.45
TXN_8086,2024-06-17 10:30:00,CUST_360,Unknown,5,292.89,298.44,2024,6,June,Monday,1464.45,1492.2,-27.75,-1.89
TXN_8088,2024-06-17 11:30:00,CUST_182,Home Goods,2,538.8,297.71,2024,6,June,Monday,1077.6,595.42,482.18,44.75
TXN_8089,2024-06-17 12:00:00,CUST_281,Apparel,3,303.81,288.09,2024,6,June,Monday,911.43,864.27,47.16,5.17
TXN_8090,2024-06-17 12:30:00,CUST_406,Electronics,2,78.7,85.25,2024,6,June,Monday,157.4,170.5,-13.1,-8.32
TXN_8091,2024-06-17 13:00:00,CUST_109,Unknown,5,230.67,177.21,2024,6,June,Monday,1153.35,886.05,267.3,23.18
TXN_8092,2024-06-17 13:30:00,CUST_495,Electronics,1,336.96,318.67,2024,6,June,Monday,336.96,318.67,18.29,5.43
TXN_8093,2024-06-17 14:00:00,CUST_103,Apparel,1,259.25,268.33,2024,6,June,Monday,259.25,268.33,-9.08,-3.5
TXN_8094,2024-06-17 14:30:00,CUST_450,Electronics,4,124.14,10.62,2024,6,June,Monday,496.56,42.48,454.08,91.45
TXN_8095,2024-06-17 15:00:00,CUST_435,Electronics,2,36.64,166.21,2024,6,June,Monday,73.28,332.42,-259.14,-353.63
TXN_8097,2024-06-17 16:00:00,CUST_380,Apparel,4,595.75,105.42,2024,6,June,Monday,2383.0,421.68,1961.32,82.3
TXN_8098,2024-06-17 16:30:00,CUST_314,Electronics,4,552.74,158.16,2024,6,June,Monday,2210.96,632.64,1578.32,71.39
TXN_8099,2024-06-17 17:00:00,CUST_197,Electronics,1,414.71,313.59,2024,6,June,Monday,414.71,313.59,101.12,24.38
TXN_8100,2024-06-17 17:30:00,CUST_200,Electronics,2,507.29,232.49,2024,6,June,Monday,1014.58,464.98,549.6,54.17
TXN_8101,2024-06-17 18:00:00,CUST_108,Unknown,3,164.6,133.24,2024,6,June,Monday,493.8,399.72,94.08,19.05
TXN_8104,2024-06-17 19:30:00,CUST_245,Electronics,2,428.7,111.88,2024,6,June,Monday,857.4,223.76,633.64,73.9
TXN_8105,2024-06-17 20:00:00,CUST_162,Home Goods,4,582.38,219.11,2024,6,June,Monday,2329.52,876.44,1453.08,62.38
TXN_8106,2024-06-17 20:30:00,CUST_220,Electronics,5,518.57,99.16,2024,6,June,Monday,2592.85,495.8,2097.05,80.88
TXN_8107,2024-06-17 21:00:00,CUST_325,Electronics,4,327.65,173.19,2024,6,June,Monday,1310.6,692.76,617.84,47.14
TXN_8108,2024-06-17 21:30:00,CUST_204,Electronics,2,476.41,18.38,2024,6,June,Monday,952.82,36.76,916.06,96.14
TXN_8109,2024-06-17 22:00:00,CUST_359,Home Goods,1,567.18,299.77,2024,6,June,Monday,567.18,299.77,267.41,47.15
TXN_8111,2024-06-17 23:00:00,CUST_354,Electronics,2,479.06,86.28,2024,6,June,Monday,958.12,172.56,785.56,81.99
TXN_8112,2024-06-17 23:30:00,CUST_306,Apparel,3,172.86,123.39,2024,6,June,Monday,518.58,370.17,148.41,28.62
TXN_8115,2024-06-18 01:00:00,CUST_435,Apparel,5,119.26,37.35,2024,6,June,Tuesday,596.3,186.75,409.55,68.68
TXN_8116,2024-06-18 01:30:00,CUST_175,Apparel,5,436.56,24.78,2024,6,June,Tuesday,2182.8,123.9,2058.9,94.32
TXN_8117,2024-06-18 02:00:00,CUST_215,Electronics,4,117.24,281.66,2024,6,June,Tuesday,468.96,1126.64,-657.68,-140.24
TXN_8118,2024-06-18 02:30:00,CUST_168,Electronics,2,107.46,252.14,2024,6,June,Tuesday,214.92,504.28,-289.36,-134.64
TXN_8120,2024-06-18 03:30:00,CUST_333,Home Goods,1,503.47,240.02,2024,6,June,Tuesday,503.47,240.02,263.45,52.33
TXN_8121,2024-06-18 04:00:00,CUST_100,Electronics,3,172.05,265.34,2024,6,June,Tuesday,516.15,796.02,-279.87,-54.22
TXN_8122,2024-06-18 04:30:00,CUST_266,Electronics,4,507.07,138.87,2024,6,June,Tuesday,2028.28,555.48,1472.8,72.61
TXN_8123,2024-06-18 05:00:00,CUST_451,Electronics,2,487.65,210.66,2024,6,June,Tuesday,975.3,421.32,553.98,56.8
TXN_8124,2024-06-18 05:30:00,CUST_317,Apparel,1,353.78,283.83,2024,6,June,Tuesday,353.78,283.83,69.95,19.77
TXN_8125,2024-06-18 06:00:00,CUST_372,Apparel,2,393.24,68.52,2024,6,June,Tuesday,786.48,137.04,649.44,82.58
TXN_8126,2024-06-18 06:30:00,CUST_467,Electronics,1,38.66,153.76,2024,6,June,Tuesday,38.66,153.76,-115.1,-297.72
TXN_8128,2024-06-18 07:30:00,CUST_446,Apparel,2,169.09,191.1,2024,6,June,Tuesday,338.18,382.2,-44.02,-13.02
TXN_8129,2024-06-18 08:00:00,CUST_443,Home Goods,2,102.75,241.76,2024,6,June,Tuesday,205.5,483.52,-278.02,-135.29
TXN_8132,2024-06-18 09:30:00,CUST_345,Electronics,4,441.4,19.91,2024,6,June,Tuesday,1765.6,79.64,1685.96,95.49
TXN_8133,2024-06-18 10:00:00,CUST_189,Home Goods,2,364.89,330.55,2024,6,June,Tuesday,729.78,661.1,68.68,9.41
TXN_8134,2024-06-18 10:30:00,CUST_148,Home Goods,2,549.16,331.14,2024,6,June,Tuesday,1098.32,662.28,436.04,39.7
TXN_8135,2024-06-18 11:00:00,CUST_393,Apparel,4,100.06,81.84,2024,6,June,Tuesday,400.24,327.36,72.88,18.21
TXN_8136,2024-06-18 11:30:00,CUST_249,Electronics,4,49.95,60.14,2024,6,June,Tuesday,199.8,240.56,-40.76,-20.4
TXN_8137,2024-06-18 12:00:00,CUST_231,Electronics,5,327.75,16.17,2024,6,June,Tuesday,1638.75,80.85,1557.9,95.07
TXN_8138,2024-06-18 12:30:00,CUST_158,Electronics,5,15.6,88.63,2024,6,June,Tuesday,78.0,443.15,-365.15,-468.14
TXN_8140,2024-06-18 13:30:00,CUST_298,Electronics,4,310.99,92.02,2024,6,June,Tuesday,1243.96,368.08,875.88,70.41
TXN_8142,2024-06-18 14:30:00,CUST_485,Apparel,3,227.06,264.81,2024,6,June,Tuesday,681.18,794.43,-113.25,-16.63
TXN_8144,2024-06-18 15:30:00,CUST_331,Apparel,1,267.21,247.09,2024,6,June,Tuesday,267.21,247.09,20.12,7.53
TXN_8145,2024-06-18 16:00:00,CUST_346,Electronics,4,24.38,187.0,2024,6,June,Tuesday,97.52,748.0,-650.48,-667.02
TXN_8146,2024-06-18 16:30:00,CUST_481,Home Goods,5,63.87,54.94,2024,6,June,Tuesday,319.35,274.7,44.65,13.98
TXN_8147,2024-06-18 17:00:00,CUST_338,Apparel,2,310.45,261.44,2024,6,June,Tuesday,620.9,522.88,98.02,15.79
TXN_8148,2024-06-18 17:30:00,CUST_466,Home Goods,4,102.82,39.26,2024,6,June,Tuesday,411.28,157.04,254.24,61.82
TXN_8149,2024-06-18 18:00:00,CUST_267,Apparel,4,470.58,70.23,2024,6,June,Tuesday,1882.32,280.92,1601.4,85.08
TXN_8150,2024-06-18 18:30:00,CUST_147,Home Goods,5,175.57,60.74,2024,6,June,Tuesday,877.85,303.7,574.15,65.4
TXN_8151,2024-06-18 19:00:00,CUST_150,Home Goods,5,72.27,329.27,2024,6,June,Tuesday,361.35,1646.35,-1285.0,-355.61
TXN_8152,2024-06-18 19:30:00,CUST_398,Apparel,3,152.6,247.37,2024,6,June,Tuesday,457.8,742.11,-284.31,-62.1
TXN_8154,2024-06-18 20:30:00,CUST_315,Electronics,5,35.66,289.55,2024,6,June,Tuesday,178.3,1447.75,-1269.45,-711.97
TXN_8155,2024-06-18 21:00:00,CUST_276,Electronics,5,97.88,83.43,2024,6,June,Tuesday,489.4,417.15,72.25,14.76
TXN_8156,2024-06-18 21:30:00,CUST_479,Electronics,5,204.45,326.57,2024,6,June,Tuesday,1022.25,1632.85,-610.6,-59.73
TXN_8158,2024-06-18 22:30:00,CUST_284,Apparel,2,483.23,200.26,2024,6,June,Tuesday,966.46,400.52,565.94,58.56
TXN_8159,2024-06-18 23:00:00,CUST_466,Home Goods,4,508.3,280.18,2024,6,June,Tuesday,2033.2,1120.72,912.48,44.88
TXN_8160,2024-06-18 23:30:00,CUST_498,Electronics,4,128.15,229.23,2024,6,June,Tuesday,512.6,916.92,-404.32,-78.88
TXN_8161,2024-06-19 00:00:00,CUST_126,Apparel,5,87.5,311.62,2024,6,June,Wednesday,437.5,1558.1,-1120.6,-256.14
TXN_8165,2024-06-19 02:00:00,CUST_441,Home Goods,3,18.98,32.13,2024,6,June,Wednesday,56.94,96.39,-39.45,-69.28
TXN_8166,2024-06-19 02:30:00,CUST_213,Electronics,5,257.0,84.87,2024,6,June,Wednesday,1285.0,424.35,860.65,66.98
TXN_8169,2024-06-19 04:00:00,CUST_404,Apparel,3,51.44,117.09,2024,6,June,Wednesday,154.32,351.27,-196.95,-127.62
TXN_8171,2024-06-19 05:00:00,CUST_410,Apparel,4,184.03,295.71,2024,6,June,Wednesday,736.12,1182.84,-446.72,-60.69
TXN_8172,2024-06-19 05:30:00,CUST_411,Electronics,3,58.64,13.02,2024,6,June,Wednesday,175.92,39.06,136.86,77.8
TXN_8173,2024-06-19 06:00:00,CUST_295,Unknown,3,301.13,12.43,2024,6,June,Wednesday,903.39,37.29,866.1,95.87
TXN_8174,2024-06-19 06:30:00,CUST_450,Apparel,1,107.52,59.74,2024,6,June,Wednesday,107.52,59.74,47.78,44.44
TXN_8175,2024-06-19 07:00:00,CUST_143,Electronics,3,446.15,306.68,2024,6,June,Wednesday,1338.45,920.04,418.41,31.26
TXN_8176,2024-06-19 07:30:00,CUST_285,Apparel,3,448.64,169.55,2024,6,June,Wednesday,1345.92,508.65,837.27,62.21
TXN_8177,2024-06-19 08:00:00,CUST_442,Electronics,2,507.61,344.19,2024,6,June,Wednesday,1015.22,688.38,326.84,32.19
TXN_8178,2024-06-19 08:30:00,CUST_345,Home Goods,4,235.88,311.69,2024,6,June,Wednesday,943.52,1246.76,-303.24,-32.14
TXN_8179,2024-06-19 09:00:00,CUST_183,Home Goods,5,22.79,312.64,2024,6,June,Wednesday,113.95,1563.2,-1449.25,-1271.83
TXN_8180,2024-06-19 09:30:00,CUST_306,Home Goods,1,166.95,53.68,2024,6,June,Wednesday,166.95,53.68,113.27,67.85
TXN_8181,2024-06-19 10:00:00,CUST_250,Electronics,3,288.67,171.58,2024,6,June,Wednesday,866.01,514.74,351.27,40.56
TXN_8182,2024-06-19 10:30:00,CUST_255,Electronics,2,421.0,347.82,2024,6,June,Wednesday,842.0,695.64,146.36,17.38
TXN_8183,2024-06-19 11:00:00,CUST_115,Electronics,2,238.49,60.68,2024,6,June,Wednesday,476.98,121.36,355.62,74.56
TXN_8185,2024-06-19 12:00:00,CUST_244,Apparel,5,321.69,127.06,2024,6,June,Wednesday,1608.45,635.3,973.15,60.5
TXN_8186,2024-06-19 12:30:00,CUST_136,Apparel,5,111.51,141.87,2024,6,June,Wednesday,557.55,709.35,-151.8,-27.23
TXN_8188,2024-06-19 13:30:00,CUST_144,Electronics,4,271.96,209.89,2024,6,June,Wednesday,1087.84,839.56,248.28,22.82
TXN_8191,2024-06-19 15:00:00,CUST_455,Electronics,3,80.21,189.87,2024,6,June,Wednesday,240.63,569.61,-328.98,-136.72
TXN_8192,2024-06-19 15:30:00,CUST_407,Electronics,2,300.92,279.18,2024,6,June,Wednesday,601.84,558.36,43.48,7.22
TXN_8193,2024-06-19 16:00:00,CUST_118,Apparel,1,425.96,340.05,2024,6,June,Wednesday,425.96,340.05,85.91,20.17
TXN_8194,2024-06-19 16:30:00,CUST_464,Electronics,4,65.9,338.72,2024,6,June,Wednesday,263.6,1354.88,-1091.28,-413.99
TXN_8195,2024-06-19 17:00:00,CUST_399,Electronics,3,478.61,278.41,2024,6,June,Wednesday,1435.83,835.23,600.6,41.83
TXN_8197,2024-06-19 18:00:00,CUST_348,Electronics,5,309.3,65.47,2024,6,June,Wednesday,1546.5,327.35,1219.15,78.83
TXN_8199,2024-06-19 19:00:00,CUST_167,Electronics,3,349.23,88.69,2024,6,June,Wednesday,1047.69,266.07,781.62,74.6
TXN_8201,2024-06-19 20:00:00,CUST_293,Home Goods,5,18.98,54.15,2024,6,June,Wednesday,94.9,270.75,-175.85,-185.3
TXN_8202,2024-06-19 20:30:00,CUST_424,Electronics,3,93.05,86.42,2024,6,June,Wednesday,279.15,259.26,19.89,7.13
TXN_8203,2024-06-19 21:00:00,CUST_154,Apparel,1,353.52,38.41,2024,6,June,Wednesday,353.52,38.41,315.11,89.13
TXN_8205,2024-06-19 22:00:00,CUST_141,Apparel,4,227.84,52.95,2024,6,June,Wednesday,911.36,211.8,699.56,76.76
TXN_8207,2024-06-19 23:00:00,CUST_330,Electronics,5,209.5,123.1,2024,6,June,Wednesday,1047.5,615.5,432.0,41.24
TXN_8208,2024-06-19 23:30:00,CUST_477,Apparel,1,329.23,238.5,2024,6,June,Wednesday,329.23,238.5,90.73,27.56
TXN_8209,2024-06-20 00:00:00,CUST_493,Home Goods,2,347.7,310.06,2024,6,June,Thursday,695.4,620.12,75.28,10.83
TXN_8210,2024-06-20 00:30:00,CUST_109,Electronics,1,323.57,39.25,2024,6,June,Thursday,323.57,39.25,284.32,87.87
TXN_8211,2024-06-20 01:00:00,CUST_457,Electronics,1,294.39,346.26,2024,6,June,Thursday,294.39,346.26,-51.87,-17.62
TXN_8212,2024-06-20 01:30:00,CUST_227,Electronics,1,212.18,229.38,2024,6,June,Thursday,212.18,229.38,-17.2,-8.11
TXN_8213,2024-06-20 02:00:00,CUST_278,Electronics,5,546.63,28.14,2024,6,June,Thursday,2733.15,140.7,2592.45,94.85
TXN_8214,2024-06-20 02:30:00,CUST_491,Electronics,2,278.72,116.76,2024,6,June,Thursday,557.44,233.52,323.92,58.11
TXN_8215,2024-06-20 03:00:00,CUST_292,Electronics,4,324.14,311.32,2024,6,June,Thursday,1296.56,1245.28,51.28,3.96
TXN_8216,2024-06-20 03:30:00,CUST_191,Electronics,1,399.04,212.72,2024,6,June,Thursday,399.04,212.72,186.32,46.69
TXN_8217,2024-06-20 04:00:00,CUST_468,Electronics,5,54.58,107.66,2024,6,June,Thursday,272.9,538.3,-265.4,-97.25
TXN_8218,2024-06-20 04:30:00,CUST_330,Home Goods,5,472.05,329.77,2024,6,June,Thursday,2360.25,1648.85,711.4,30.14
TXN_8219,2024-06-20 05:00:00,CUST_177,Electronics,4,314.82,277.67,2024,6,June,Thursday,1259.28,1110.68,148.6,11.8
TXN_8221,2024-06-20 06:00:00,CUST_129,Electronics,3,466.63,312.07,2024,6,June,Thursday,1399.89,936.21,463.68,33.12
TXN_8222,2024-06-20 06:30:00,CUST_312,Home Goods,2,526.35,271.73,2024,6,June,Thursday,1052.7,543.46,509.24,48.37
TXN_8223,2024-06-20 07:00:00,CUST_148,Home Goods,2,244.45,107.49,2024,6,June,Thursday,488.9,214.98,273.92,56.03
TXN_8225,2024-06-20 08:00:00,CUST_244,Electronics,1,166.42,296.38,2024,6,June,Thursday,166.42,296.38,-129.96,-78.09
TXN_8226,2024-06-20 08:30:00,CUST_168,Home Goods,3,401.3,71.49,2024,6,June,Thursday,1203.9,214.47,989.43,82.19
TXN_8228,2024-06-20 09:30:00,CUST_284,Electronics,2,26.72,64.05,2024,6,June,Thursday,53.44,128.1,-74.66,-139.71
TXN_8231,2024-06-20 11:00:00,CUST_395,Home Goods,1,33.19,294.79,2024,6,June,Thursday,33.19,294.79,-261.6,-788.19
TXN_8232,2024-06-20 11:30:00,CUST_265,Home Goods,3,383.84,288.23,2024,6,June,Thursday,1151.52,864.69,286.83,24.91
TXN_8233,2024-06-20 12:00:00,CUST_270,Home Goods,5,200.18,61.47,2024,6,June,Thursday,1000.9,307.35,693.55,69.29
TXN_8234,2024-06-20 12:30:00,CUST_162,Electronics,1,445.78,249.88,2024,6,June,Thursday,445.78,249.88,195.9,43.95
TXN_8235,2024-06-20 13:00:00,CUST_246,Apparel,3,41.86,223.17,2024,6,June,Thursday,125.58,669.51,-543.93,-433.13
TXN_8236,2024-06-20 13:30:00,CUST_405,Electronics,4,141.77,103.91,2024,6,June,Thursday,567.08,415.64,151.44,26.71
TXN_8237,2024-06-20 14:00:00,CUST_260,Home Goods,2,253.68,87.31,2024,6,June,Thursday,507.36,174.62,332.74,65.58
TXN_8239,2024-06-20 15:00:00,CUST_433,Home Goods,1,91.63,258.41,2024,6,June,Thursday,91.63,258.41,-166.78,-182.01
TXN_8241,2024-06-20 16:00:00,CUST_320,Electronics,5,181.4,104.51,2024,6,June,Thursday,907.0,522.55,384.45,42.39
TXN_8244,2024-06-20 17:30:00,CUST_477,Home Goods,1,528.54,265.92,2024,6,June,Thursday,528.54,265.92,262.62,49.69
TXN_8245,2024-06-20 18:00:00,CUST_207,Electronics,2,241.84,170.75,2024,6,June,Thursday,483.68,341.5,142.18,29.4
TXN_8246,2024-06-20 18:30:00,CUST_365,Apparel,2,542.03,330.6,2024,6,June,Thursday,1084.06,661.2,422.86,39.01
TXN_8247,2024-06-20 19:00:00,CUST_194,Electronics,3,214.97,109.8,2024,6,June,Thursday,644.91,329.4,315.51,48.92
TXN_8250,2024-06-20 20:30:00,CUST_484,Electronics,5,322.0,116.95,2024,6,June,Thursday,1610.0,584.75,1025.25,63.68
TXN_8252,2024-06-20 21:30:00,CUST_318,Apparel,3,152.45,277.59,2024,6,June,Thursday,457.35,832.77,-375.42,-82.09
TXN_8253,2024-06-20 22:00:00,CUST_120,Electronics,5,473.34,110.0,2024,6,June,Thursday,2366.7,550.0,1816.7,76.76
TXN_8254,2024-06-20 22:30:00,CUST_191,Apparel,1,36.5,37.67,2024,6,June,Thursday,36.5,37.67,-1.17,-3.21
TXN_8255,2024-06-20 23:00:00,CUST_226,Electronics,1,301.37,131.58,2024,6,June,Thursday,301.37,131.58,169.79,56.34
TXN_8258,2024-06-21 00:30:00,CUST_337,Electronics,3,36.91,238.51,2024,6,June,Friday,110.73,715.53,-604.8,-546.19
TXN_8260,2024-06-21 01:30:00,CUST_281,Apparel,4,16.81,70.94,2024,6,June,Friday,67.24,283.76,-216.52,-322.01
TXN_8261,2024-06-21 02:00:00,CUST_124,Home Goods,2,170.13,303.15,2024,6,June,Friday,340.26,606.3,-266.04,-78.19
TXN_8263,2024-06-21 03:00:00,CUST_104,Electronics,3,548.1,236.74,2024,6,June,Friday,1644.3,710.22,934.08,56.81
TXN_8265,2024-06-21 04:00:00,CUST_376,Electronics,3,114.03,161.22,2024,6,June,Friday,342.09,483.66,-141.57,-41.38
TXN_8266,2024-06-21 04:30:00,CUST_117,Electronics,1,406.51,79.27,2024,6,June,Friday,406.51,79.27,327.24,80.5
TXN_8267,2024-06-21 05:00:00,CUST_297,Home Goods,2,234.29,324.41,2024,6,June,Friday,468.58,648.82,-180.24,-38.47
TXN_8271,2024-06-21 07:00:00,CUST_483,Electronics,3,221.92,166.76,2024,6,June,Friday,665.76,500.28,165.48,24.86
TXN_8273,2024-06-21 08:00:00,CUST_292,Home Goods,1,544.24,191.81,2024,6,June,Friday,544.24,191.81,352.43,64.76
TXN_8274,2024-06-21 08:30:00,CUST_336,Apparel,1,68.92,79.23,2024,6,June,Friday,68.92,79.23,-10.31,-14.96
TXN_8277,2024-06-21 10:00:00,CUST_326,Electronics,3,187.51,17.2,2024,6,June,Friday,562.53,51.6,510.93,90.83
TXN_8278,2024-06-21 10:30:00,CUST_332,Apparel,3,596.61,172.69,2024,6,June,Friday,1789.83,518.07,1271.76,71.05
TXN_8279,2024-06-21 11:00:00,CUST_139,Apparel,1,444.13,194.25,2024,6,June,Friday,444.13,194.25,249.88,56.26
TXN_8283,2024-06-21 13:00:00,CUST_336,Electronics,3,525.6,128.73,2024,6,June,Friday,1576.8,386.19,1190.61,75.51
TXN_8284,2024-06-21 13:30:00,CUST_154,Home Goods,2,170.83,231.6,2024,6,June,Friday,341.66,463.2,-121.54,-35.57
TXN_8285,2024-06-21 14:00:00,CUST_271,Apparel,1,145.81,335.7,2024,6,June,Friday,145.81,335.7,-189.89,-130.23
TXN_8286,2024-06-21 14:30:00,CUST_208,Apparel,1,159.66,176.87,2024,6,June,Friday,159.66,176.87,-17.21,-10.78
TXN_8287,2024-06-21 15:00:00,CUST_453,Home Goods,3,330.01,277.26,2024,6,June,Friday,990.03,831.78,158.25,15.98
TXN_8288,2024-06-21 15:30:00,CUST_283,Apparel,3,185.42,94.18,2024,6,June,Friday,556.26,282.54,273.72,49.21
TXN_8289,2024-06-21 16:00:00,CUST_467,Home Goods,3,101.07,269.06,2024,6,June,Friday,303.21,807.18,-503.97,-166.21
TXN_8292,2024-06-21 17:30:00,CUST_472,Apparel,2,386.48,313.63,2024,6,June,Friday,772.96,627.26,145.7,18.85
TXN_8293,2024-06-21 18:00:00,CUST_186,Home Goods,1,536.55,89.34,2024,6,June,Friday,536.55,89.34,447.21,83.35
TXN_8294,2024-06-21 18:30:00,CUST_300,Home Goods,4,562.25,135.27,2024,6,June,Friday,2249.0,541.08,1707.92,75.94
TXN_8295,2024-06-21 19:00:00,CUST_436,Apparel,2,410.52,38.24,2024,6,June,Friday,821.04,76.48,744.56,90.68
TXN_8296,2024-06-21 19:30:00,CUST_421,Apparel,2,318.43,256.88,2024,6,June,Friday,636.86,513.76,123.1,19.33
TXN_8299,2024-06-21 21:00:00,CUST_490,Electronics,1,89.18,131.32,2024,6,June,Friday,89.18,131.32,-42.14,-47.25
TXN_8301,2024-06-21 22:00:00,CUST_290,Apparel,4,275.86,35.7,2024,6,June,Friday,1103.44,142.8,960.64,87.06
TXN_8302,2024-06-21 22:30:00,CUST_141,Apparel,1,562.19,109.91,2024,6,June,Friday,562.19,109.91,452.28,80.45
TXN_8303,2024-06-21 23:00:00,CUST_141,Electronics,2,400.62,134.51,2024,6,June,Friday,801.24,269.02,532.22,66.42
TXN_8304,2024-06-21 23:30:00,CUST_414,Unknown,3,527.04,186.32,2024,6,June,Friday,1581.12,558.96,1022.16,64.65
TXN_8305,2024-06-22 00:00:00,CUST_375,Apparel,1,458.19,172.03,2024,6,June,Saturday,458.19,172.03,286.16,62.45
TXN_8306,2024-06-22 00:30:00,CUST_428,Home Goods,1,196.27,80.95,2024,6,June,Saturday,196.27,80.95,115.32,58.76
TXN_8307,2024-06-22 01:00:00,CUST_116,Electronics,3,435.44,193.87,2024,6,June,Saturday,1306.32,581.61,724.71,55.48
TXN_8308,2024-06-22 01:30:00,CUST_382,Apparel,4,129.25,324.8,2024,6,June,Saturday,517.0,1299.2,-782.2,-151.3
TXN_8309,2024-06-22 02:00:00,CUST_357,Apparel,4,253.77,19.21,2024,6,June,Saturday,1015.08,76.84,938.24,92.43
TXN_8310,2024-06-22 02:30:00,CUST_162,Apparel,1,486.56,241.3,2024,6,June,Saturday,486.56,241.3,245.26,50.41
TXN_8312,2024-06-22 03:30:00,CUST_199,Electronics,3,497.87,324.31,2024,6,June,Saturday,1493.61,972.93,520.68,34.86
TXN_8314,2024-06-22 04:30:00,CUST_116,Apparel,1,453.6,222.45,2024,6,June,Saturday,453.6,222.45,231.15,50.96
TXN_8315,2024-06-22 05:00:00,CUST_424,Electronics,3,133.36,271.73,2024,6,June,Saturday,400.08,815.19,-415.11,-103.76
TXN_8316,2024-06-22 05:30:00,CUST_472,Unknown,2,334.0,101.05,2024,6,June,Saturday,668.0,202.1,465.9,69.75
TXN_8318,2024-06-22 06:30:00,CUST_350,Apparel,3,340.54,186.6,2024,6,June,Saturday,1021.62,559.8,461.82,45.2
TXN_8320,2024-06-22 07:30:00,CUST_138,Apparel,1,226.32,37.03,2024,6,June,Saturday,226.32,37.03,189.29,83.64
TXN_8321,2024-06-22 08:00:00,CUST_135,Electronics,5,405.14,109.49,2024,6,June,Saturday,2025.7,547.45,1478.25,72.97
TXN_8322,2024-06-22 08:30:00,CUST_487,Electronics,4,341.74,105.19,2024,6,June,Saturday,1366.96,420.76,946.2,69.22
TXN_8323,2024-06-22 09:00:00,CUST_296,Electronics,1,336.15,256.25,2024,6,June,Saturday,336.15,256.25,79.9,23.77
TXN_8324,2024-06-22 09:30:00,CUST_257,Electronics,3,313.84,323.02,2024,6,June,Saturday,941.52,969.06,-27.54,-2.93
TXN_8327,2024-06-22 11:00:00,CUST_315,Apparel,3,225.68,349.99,2024,6,June,Saturday,677.04,1049.97,-372.93,-55.08
TXN_8328,2024-06-22 11:30:00,CUST_384,Unknown,4,220.86,245.01,2024,6,June,Saturday,883.44,980.04,-96.6,-10.93
TXN_8329,2024-06-22 12:00:00,CUST_295,Home Goods,1,339.62,311.4,2024,6,June,Saturday,339.62,311.4,28.22,8.31
TXN_8332,2024-06-22 13:30:00,CUST_113,Apparel,5,150.06,286.53,2024,6,June,Saturday,750.3,1432.65,-682.35,-90.94
TXN_8333,2024-06-22 14:00:00,CUST_424,Apparel,2,145.68,61.51,2024,6,June,Saturday,291.36,123.02,168.34,57.78
TXN_8334,2024-06-22 14:30:00,CUST_245,Electronics,5,388.53,64.88,2024,6,June,Saturday,1942.65,324.4,1618.25,83.3
TXN_8335,2024-06-22 15:00:00,CUST_156,Apparel,2,239.84,110.45,2024,6,June,Saturday,479.68,220.9,258.78,53.95
TXN_8337,2024-06-22 16:00:00,CUST_367,Apparel,2,534.23,341.64,2024,6,June,Saturday,1068.46,683.28,385.18,36.05
TXN_8338,2024-06-22 16:30:00,CUST_309,Apparel,1,526.38,133.4,2024,6,June,Saturday,526.38,133.4,392.98,74.66
TXN_8341,2024-06-22 18:00:00,CUST_443,Home Goods,2,48.33,141.22,2024,6,June,Saturday,96.66,282.44,-185.78,-192.2
TXN_8342,2024-06-22 18:30:00,CUST_302,Apparel,3,77.44,242.08,2024,6,June,Saturday,232.32,726.24,-493.92,-212.6
TXN_8343,2024-06-22 19:00:00,CUST_198,Electronics,2,176.49,46.65,2024,6,June,Saturday,352.98,93.3,259.68,73.57
TXN_8344,2024-06-22 19:30:00,CUST_378,Home Goods,2,143.68,144.97,2024,6,June,Saturday,287.36,289.94,-2.58,-0.9
TXN_8345,2024-06-22 20:00:00,CUST_308,Apparel,4,526.28,338.89,2024,6,June,Saturday,2105.12,1355.56,749.56,35.61
TXN_8346,2024-06-22 20:30:00,CUST_228,Home Goods,4,592.02,67.3,2024,6,June,Saturday,2368.08,269.2,2098.88,88.63
TXN_8347,2024-06-22 21:00:00,CUST_434,Apparel,1,492.75,141.14,2024,6,June,Saturday,492.75,141.14,351.61,71.36
TXN_8348,2024-06-22 21:30:00,CUST_387,Electronics,1,441.96,278.78,2024,6,June,Saturday,441.96,278.78,163.18,36.92
TXN_8349,2024-06-22 22:00:00,CUST_351,Home Goods,3,359.35,236.24,2024,6,June,Saturday,1078.05,708.72,369.33,34.26
TXN_8350,2024-06-22 22:30:00,CUST_364,Apparel,4,465.4,224.72,2024,6,June,Saturday,1861.6,898.88,962.72,51.71
TXN_8351,2024-06-22 23:00:00,CUST_370,Electronics,5,569.01,300.11,2024,6,June,Saturday,2845.05,1500.55,1344.5,47.26
TXN_8352,2024-06-22 23:30:00,CUST_287,Electronics,1,366.79,19.89,2024,6,June,Saturday,366.79,19.89,346.9,94.58
TXN_8353,2024-06-23 00:00:00,CUST_313,Home Goods,1,105.45,272.2,2024,6,June,Sunday,105.45,272.2,-166.75,-158.13
TXN_8354,2024-06-23 00:30:00,CUST_382,Electronics,4,110.86,310.07,2024,6,June,Sunday,443.44,1240.28,-796.84,-179.7
TXN_8355,2024-06-23 01:00:00,CUST_310,Home Goods,4,356.56,15.5,2024,6,June,Sunday,1426.24,62.0,1364.24,95.65
TXN_8356,2024-06-23 01:30:00,CUST_464,Electronics,3,210.08,200.05,2024,6,June,Sunday,630.24,600.15,30.09,4.77
TXN_8357,2024-06-23 02:00:00,CUST_175,Apparel,4,547.49,128.52,2024,6,June,Sunday,2189.96,514.08,1675.88,76.53
TXN_8359,2024-06-23 03:00:00,CUST_420,Electronics,2,410.75,152.03,2024,6,June,Sunday,821.5,304.06,517.44,62.99
TXN_8361,2024-06-23 04:00:00,CUST_208,Home Goods,5,306.83,322.46,2024,6,June,Sunday,1534.15,1612.3,-78.15,-5.09
TXN_8363,2024-06-23 05:00:00,CUST_109,Apparel,2,427.94,301.29,2024,6,June,Sunday,855.88,602.58,253.3,29.6
TXN_8366,2024-06-23 06:30:00,CUST_414,Home Goods,2,407.07,339.9,2024,6,June,Sunday,814.14,679.8,134.34,16.5
TXN_8368,2024-06-23 07:30:00,CUST_202,Electronics,2,552.81,89.98,2024,6,June,Sunday,1105.62,179.96,925.66,83.72
TXN_8369,2024-06-23 08:00:00,CUST_479,Unknown,1,597.19,221.13,2024,6,June,Sunday,597.19,221.13,376.06,62.97
TXN_8372,2024-06-23 09:30:00,CUST_467,Electronics,2,109.96,302.7,2024,6,June,Sunday,219.92,605.4,-385.48,-175.28
TXN_8373,2024-06-23 10:00:00,CUST_126,Electronics,1,282.37,260.14,2024,6,June,Sunday,282.37,260.14,22.23,7.87
TXN_8374,2024-06-23 10:30:00,CUST_319,Electronics,4,73.61,91.07,2024,6,June,Sunday,294.44,364.28,-69.84,-23.72
TXN_8376,2024-06-23 11:30:00,CUST_266,Electronics,5,289.08,108.5,2024,6,June,Sunday,1445.4,542.5,902.9,62.47
TXN_8377,2024-06-23 12:00:00,CUST_181,Apparel,5,382.79,275.43,2024,6,June,Sunday,1913.95,1377.15,536.8,28.05
TXN_8378,2024-06-23 12:30:00,CUST_171,Electronics,2,411.61,176.63,2024,6,June,Sunday,823.22,353.26,469.96,57.09
TXN_8379,2024-06-23 13:00:00,CUST_409,Electronics,5,377.37,333.25,2024,6,June,Sunday,1886.85,1666.25,220.6,11.69
TXN_8380,2024-06-23 13:30:00,CUST_353,Electronics,1,187.01,287.67,2024,6,June,Sunday,187.01,287.67,-100.66,-53.83
TXN_8381,2024-06-23 14:00:00,CUST_261,Electronics,4,504.62,81.81,2024,6,June,Sunday,2018.48,327.24,1691.24,83.79
TXN_8382,2024-06-23 14:30:00,CUST_426,Electronics,2,337.74,277.22,2024,6,June,Sunday,675.48,554.44,121.04,17.92
TXN_8383,2024-06-23 15:00:00,CUST_137,Apparel,3,301.56,182.07,2024,6,June,Sunday,904.68,546.21,358.47,39.62
TXN_8386,2024-06-23 16:30:00,CUST_299,Home Goods,5,323.9,340.52,2024,6,June,Sunday,1619.5,1702.6,-83.1,-5.13
TXN_8387,2024-06-23 17:00:00,CUST_354,Electronics,5,414.16,174.55,2024,6,June,Sunday,2070.8,872.75,1198.05,57.85
TXN_8388,2024-06-23 17:30:00,CUST_278,Electronics,2,88.26,254.67,2024,6,June,Sunday,176.52,509.34,-332.82,-188.55
TXN_8391,2024-06-23 19:00:00,CUST_488,Electronics,5,153.5,280.78,2024,6,June,Sunday,767.5,1403.9,-636.4,-82.92
TXN_8392,2024-06-23 19:30:00,CUST_497,Apparel,5,303.57,298.43,2024,6,June,Sunday,1517.85,1492.15,25.7,1.69
TXN_8393,2024-06-23 20:00:00,CUST_319,Electronics,3,383.92,34.44,2024,6,June,Sunday,1151.76,103.32,1048.44,91.03
TXN_8395,2024-06-23 21:00:00,CUST_103,Unknown,1,441.06,182.68,2024,6,June,Sunday,441.06,182.68,258.38,58.58
TXN_8397,2024-06-23 22:00:00,CUST_303,Home Goods,2,244.82,276.42,2024,6,June,Sunday,489.64,552.84,-63.2,-12.91
TXN_8398,2024-06-23 22:30:00,CUST_293,Apparel,2,428.38,49.01,2024,6,June,Sunday,856.76,98.02,758.74,88.56
TXN_8399,2024-06-23 23:00:00,CUST_334,Home Goods,3,443.32,281.25,2024,6,June,Sunday,1329.96,843.75,486.21,36.56
TXN_8401,2024-06-24 00:00:00,CUST_249,Home Goods,3,581.37,108.39,2024,6,June,Monday,1744.11,325.17,1418.94,81.36
TXN_8402,2024-06-24 00:30:00,CUST_258,Electronics,1,521.15,127.11,2024,6,June,Monday,521.15,127.11,394.04,75.61
TXN_8403,2024-06-24 01:00:00,CUST_378,Apparel,4,184.57,72.19,2024,6,June,Monday,738.28,288.76,449.52,60.89
TXN_8404,2024-06-24 01:30:00,CUST_403,Apparel,2,409.92,95.87,2024,6,June,Monday,819.84,191.74,628.1,76.61
TXN_8407,2024-06-24 03:00:00,CUST_410,Unknown,5,520.29,243.74,2024,6,June,Monday,2601.45,1218.7,1382.75,53.15
TXN_8409,2024-06-24 04:00:00,CUST_187,Electronics,1,400.02,59.4,2024,6,June,Monday,400.02,59.4,340.62,85.15
TXN_8410,2024-06-24 04:30:00,CUST_316,Apparel,2,144.19,179.68,2024,6,June,Monday,288.38,359.36,-70.98,-24.61
TXN_8412,2024-06-24 05:30:00,CUST_234,Apparel,1,268.84,111.21,2024,6,June,Monday,268.84,111.21,157.63,58.63
TXN_8413,2024-06-24 06:00:00,CUST_284,Electronics,4,444.19,230.35,2024,6,June,Monday,1776.76,921.4,855.36,48.14
TXN_8415,2024-06-24 07:00:00,CUST_239,Electronics,2,65.23,56.14,2024,6,June,Monday,130.46,112.28,18.18,13.94
TXN_8417,2024-06-24 08:00:00,CUST_232,Electronics,5,291.73,142.33,2024,6,June,Monday,1458.65,711.65,747.0,51.21
TXN_8419,2024-06-24 09:00:00,CUST_277,Home Goods,2,449.99,166.43,2024,6,June,Monday,899.98,332.86,567.12,63.01
TXN_8420,2024-06-24 09:30:00,CUST_397,Electronics,1,301.97,37.62,2024,6,June,Monday,301.97,37.62,264.35,87.54
TXN_8421,2024-06-24 10:00:00,CUST_457,Electronics,4,83.41,225.56,2024,6,June,Monday,333.64,902.24,-568.6,-170.42
TXN_8423,2024-06-24 11:00:00,CUST_495,Electronics,1,164.0,122.76,2024,6,June,Monday,164.0,122.76,41.24,25.15
TXN_8424,2024-06-24 11:30:00,CUST_458,Electronics,1,471.9,282.75,2024,6,June,Monday,471.9,282.75,189.15,40.08
TXN_8425,2024-06-24 12:00:00,CUST_245,Unknown,3,120.29,62.49,2024,6,June,Monday,360.87,187.47,173.4,48.05
TXN_8426,2024-06-24 12:30:00,CUST_173,Home Goods,1,286.98,320.49,2024,6,June,Monday,286.98,320.49,-33.51,-11.68
TXN_8429,2024-06-24 14:00:00,CUST_116,Electronics,4,599.56,325.94,2024,6,June,Monday,2398.24,1303.76,1094.48,45.64
TXN_8430,2024-06-24 14:30:00,CUST_295,Electronics,5,572.46,268.82,2024,6,June,Monday,2862.3,1344.1,1518.2,53.04
TXN_8431,2024-06-24 15:00:00,CUST_426,Electronics,3,435.17,35.26,2024,6,June,Monday,1305.51,105.78,1199.73,91.9
TXN_8432,2024-06-24 15:30:00,CUST_417,Home Goods,1,451.67,206.62,2024,6,June,Monday,451.67,206.62,245.05,54.25
TXN_8437,2024-06-24 18:00:00,CUST_297,Apparel,2,258.66,34.15,2024,6,June,Monday,517.32,68.3,449.02,86.8
TXN_8438,2024-06-24 18:30:00,CUST_144,Home Goods,3,284.37,190.19,2024,6,June,Monday,853.11,570.57,282.54,33.12
TXN_8439,2024-06-24 19:00:00,CUST_413,Electronics,4,400.99,18.2,2024,6,June,Monday,1603.96,72.8,1531.16,95.46
TXN_8440,2024-06-24 19:30:00,CUST_278,Home Goods,2,468.64,128.46,2024,6,June,Monday,937.28,256.92,680.36,72.59
TXN_8441,2024-06-24 20:00:00,CUST_481,Apparel,4,524.27,172.53,2024,6,June,Monday,2097.08,690.12,1406.96,67.09
TXN_8442,2024-06-24 20:30:00,CUST_143,Apparel,2,281.88,229.19,2024,6,June,Monday,563.76,458.38,105.38,18.69
TXN_8443,2024-06-24 21:00:00,CUST_370,Home Goods,5,227.57,182.11,2024,6,June,Monday,1137.85,910.55,227.3,19.98
TXN_8444,2024-06-24 21:30:00,CUST_177,Home Goods,4,590.26,61.66,2024,6,June,Monday,2361.04,246.64,2114.4,89.55
TXN_8445,2024-06-24 22:00:00,CUST_425,Electronics,2,150.65,326.95,2024,6,June,Monday,301.3,653.9,-352.6,-117.03
TXN_8447,2024-06-24 23:00:00,CUST_456,Apparel,4,433.51,117.77,2024,6,June,Monday,1734.04,471.08,1262.96,72.83
TXN_8448,2024-06-24 23:30:00,CUST_102,Apparel,3,120.1,338.42,2024,6,June,Monday,360.3,1015.26,-654.96,-181.78
TXN_8449,2024-06-25 00:00:00,CUST_313,Apparel,4,248.65,310.08,2024,6,June,Tuesday,994.6,1240.32,-245.72,-24.71
TXN_8451,2024-06-25 01:00:00,CUST_173,Electronics,4,113.7,232.85,2024,6,June,Tuesday,454.8,931.4,-476.6,-104.79
TXN_8452,2024-06-25 01:30:00,CUST_150,Apparel,2,354.13,200.42,2024,6,June,Tuesday,708.26,400.84,307.42,43.4
TXN_8453,2024-06-25 02:00:00,CUST_166,Electronics,4,233.5,75.56,2024,6,June,Tuesday,934.0,302.24,631.76,67.64
TXN_8454,2024-06-25 02:30:00,CUST_431,Home Goods,5,285.41,89.38,2024,6,June,Tuesday,1427.05,446.9,980.15,68.68
TXN_8455,2024-06-25 03:00:00,CUST_192,Unknown,1,129.58,201.68,2024,6,June,Tuesday,129.58,201.68,-72.1,-55.64
TXN_8456,2024-06-25 03:30:00,CUST_275,Apparel,3,464.2,119.24,2024,6,June,Tuesday,1392.6,357.72,1034.88,74.31
TXN_8459,2024-06-25 05:00:00,CUST_368,Apparel,2,162.51,320.77,2024,6,June,Tuesday,325.02,641.54,-316.52,-97.38
TXN_8462,2024-06-25 06:30:00,CUST_103,Unknown,4,324.86,99.27,2024,6,June,Tuesday,1299.44,397.08,902.36,69.44
TXN_8463,2024-06-25 07:00:00,CUST_237,Apparel,4,581.03,253.09,2024,6,June,Tuesday,2324.12,1012.36,1311.76,56.44
TXN_8464,2024-06-25 07:30:00,CUST_330,Apparel,4,544.24,159.18,2024,6,June,Tuesday,2176.96,636.72,1540.24,70.75
TXN_8465,2024-06-25 08:00:00,CUST_187,Electronics,3,371.49,225.48,2024,6,June,Tuesday,1114.47,676.44,438.03,39.3
TXN_8467,2024-06-25 09:00:00,CUST_151,Apparel,1,373.17,294.19,2024,6,June,Tuesday,373.17,294.19,78.98,21.16
TXN_8468,2024-06-25 09:30:00,CUST_233,Electronics,5,67.46,23.8,2024,6,June,Tuesday,337.3,119.0,218.3,64.72
TXN_8470,2024-06-25 10:30:00,CUST_424,Electronics,5,243.2,291.73,2024,6,June,Tuesday,1216.0,1458.65,-242.65,-19.95
TXN_8473,2024-06-25 12:00:00,CUST_304,Apparel,2,259.01,106.89,2024,6,June,Tuesday,518.02,213.78,304.24,58.73
TXN_8474,2024-06-25 12:30:00,CUST_310,Apparel,1,284.42,185.07,2024,6,June,Tuesday,284.42,185.07,99.35,34.93
TXN_8475,2024-06-25 13:00:00,CUST_376,Electronics,1,360.24,122.01,2024,6,June,Tuesday,360.24,122.01,238.23,66.13
TXN_8476,2024-06-25 13:30:00,CUST_123,Apparel,3,130.32,11.67,2024,6,June,Tuesday,390.96,35.01,355.95,91.05
TXN_8478,2024-06-25 14:30:00,CUST_251,Apparel,4,268.3,271.04,2024,6,June,Tuesday,1073.2,1084.16,-10.96,-1.02
TXN_8479,2024-06-25 15:00:00,CUST_358,Unknown,1,112.59,38.46,2024,6,June,Tuesday,112.59,38.46,74.13,65.84
TXN_8481,2024-06-25 16:00:00,CUST_456,Apparel,4,143.2,160.53,2024,6,June,Tuesday,572.8,642.12,-69.32,-12.1
TXN_8482,2024-06-25 16:30:00,CUST_267,Electronics,3,98.96,267.78,2024,6,June,Tuesday,296.88,803.34,-506.46,-170.59
TXN_8487,2024-06-25 19:00:00,CUST_207,Electronics,2,82.58,28.56,2024,6,June,Tuesday,165.16,57.12,108.04,65.42
TXN_8489,2024-06-25 20:00:00,CUST_423,Apparel,2,223.86,175.52,2024,6,June,Tuesday,447.72,351.04,96.68,21.59
TXN_8490,2024-06-25 20:30:00,CUST_401,Apparel,4,584.42,278.01,2024,6,June,Tuesday,2337.68,1112.04,1225.64,52.43
TXN_8492,2024-06-25 21:30:00,CUST_240,Home Goods,4,189.5,263.56,2024,6,June,Tuesday,758.0,1054.24,-296.24,-39.08
TXN_8495,2024-06-25 23:00:00,CUST_372,Electronics,1,497.57,60.78,2024,6,June,Tuesday,497.57,60.78,436.79,87.78
TXN_8496,2024-06-25 23:30:00,CUST_331,Electronics,3,59.46,56.08,2024,6,June,Tuesday,178.38,168.24,10.14,5.68
TXN_8497,2024-06-26 00:00:00,CUST_340,Apparel,2,343.39,51.51,2024,6,June,Wednesday,686.78,103.02,583.76,85.0
TXN_8499,2024-06-26 01:00:00,CUST_436,Home Goods,1,486.77,176.4,2024,6,June,Wednesday,486.77,176.4,310.37,63.76
TXN_8500,2024-06-26 01:30:00,CUST_357,Apparel,5,47.19,166.95,2024,6,June,Wednesday,235.95,834.75,-598.8,-253.78
TXN_8501,2024-06-26 02:00:00,CUST_348,Apparel,1,130.32,97.4,2024,6,June,Wednesday,130.32,97.4,32.92,25.26
TXN_8502,2024-06-26 02:30:00,CUST_176,Apparel,4,301.18,221.47,2024,6,June,Wednesday,1204.72,885.88,318.84,26.47
TXN_8503,2024-06-26 03:00:00,CUST_279,Electronics,5,107.22,125.01,2024,6,June,Wednesday,536.1,625.05,-88.95,-16.59
TXN_8504,2024-06-26 03:30:00,CUST_165,Home Goods,1,420.24,134.47,2024,6,June,Wednesday,420.24,134.47,285.77,68.0
TXN_8506,2024-06-26 04:30:00,CUST_447,Unknown,3,427.14,211.36,2024,6,June,Wednesday,1281.42,634.08,647.34,50.52
TXN_8507,2024-06-26 05:00:00,CUST_270,Apparel,2,272.57,232.8,2024,6,June,Wednesday,545.14,465.6,79.54,14.59
TXN_8509,2024-06-26 06:00:00,CUST_466,Electronics,5,95.55,317.36,2024,6,June,Wednesday,477.75,1586.8,-1109.05,-232.14
TXN_8511,2024-06-26 07:00:00,CUST_422,Home Goods,3,301.38,90.15,2024,6,June,Wednesday,904.14,270.45,633.69,70.09
TXN_8513,2024-06-26 08:00:00,CUST_495,Home Goods,1,70.98,321.13,2024,6,June,Wednesday,70.98,321.13,-250.15,-352.42
TXN_8515,2024-06-26 09:00:00,CUST_168,Unknown,4,567.17,275.96,2024,6,June,Wednesday,2268.68,1103.84,1164.84,51.34
TXN_8516,2024-06-26 09:30:00,CUST_183,Unknown,4,546.42,254.7,2024,6,June,Wednesday,2185.68,1018.8,1166.88,53.39
TXN_8517,2024-06-26 10:00:00,CUST_202,Electronics,3,287.6,100.85,2024,6,June,Wednesday,862.8,302.55,560.25,64.93
TXN_8518,2024-06-26 10:30:00,CUST_138,Home Goods,4,98.16,298.12,2024,6,June,Wednesday,392.64,1192.48,-799.84,-203.71
TXN_8519,2024-06-26 11:00:00,CUST_112,Electronics,2,119.19,58.58,2024,6,June,Wednesday,238.38,117.16,121.22,50.85
TXN_8521,2024-06-26 12:00:00,CUST_412,Electronics,3,137.89,127.8,2024,6,June,Wednesday,413.67,383.4,30.27,7.32
TXN_8522,2024-06-26 12:30:00,CUST_280,Unknown,3,63.54,200.44,2024,6,June,Wednesday,190.62,601.32,-410.7,-215.45
TXN_8523,2024-06-26 13:00:00,CUST_367,Electronics,4,409.16,167.57,2024,6,June,Wednesday,1636.64,670.28,966.36,59.05
TXN_8524,2024-06-26 13:30:00,CUST_112,Apparel,3,355.15,166.33,2024,6,June,Wednesday,1065.45,498.99,566.46,53.17
TXN_8525,2024-06-26 14:00:00,CUST_219,Apparel,1,185.41,198.21,2024,6,June,Wednesday,185.41,198.21,-12.8,-6.9
TXN_8526,2024-06-26 14:30:00,CUST_452,Electronics,5,470.68,151.24,2024,6,June,Wednesday,2353.4,756.2,1597.2,67.87
TXN_8528,2024-06-26 15:30:00,CUST_139,Electronics,5,302.24,235.8,2024,6,June,Wednesday,1511.2,1179.0,332.2,21.98
TXN_8531,2024-06-26 17:00:00,CUST_227,Home Goods,4,406.17,230.82,2024,6,June,Wednesday,1624.68,923.28,701.4,43.17
TXN_8532,2024-06-26 17:30:00,CUST_272,Home Goods,2,159.52,192.02,2024,6,June,Wednesday,319.04,384.04,-65.0,-20.37
TXN_8533,2024-06-26 18:00:00,CUST_134,Electronics,2,372.12,30.06,2024,6,June,Wednesday,744.24,60.12,684.12,91.92
TXN_8534,2024-06-26 18:30:00,CUST_358,Electronics,4,251.94,153.85,2024,6,June,Wednesday,1007.76,615.4,392.36,38.93
TXN_8536,2024-06-26 19:30:00,CUST_104,Electronics,4,292.21,235.04,2024,6,June,Wednesday,1168.84,940.16,228.68,19.56
TXN_8537,2024-06-26 20:00:00,CUST_317,Home Goods,3,299.0,182.77,2024,6,June,Wednesday,897.0,548.31,348.69,38.87
TXN_8538,2024-06-26 20:30:00,CUST_110,Electronics,2,445.49,53.12,2024,6,June,Wednesday,890.98,106.24,784.74,88.08
TXN_8539,2024-06-26 21:00:00,CUST_481,Home Goods,5,374.03,194.35,2024,6,June,Wednesday,1870.15,971.75,898.4,48.04
TXN_8540,2024-06-26 21:30:00,CUST_426,Electronics,4,61.77,315.46,2024,6,June,Wednesday,247.08,1261.84,-1014.76,-410.7
TXN_8543,2024-06-26 23:00:00,CUST_493,Electronics,5,266.69,336.19,2024,6,June,Wednesday,1333.45,1680.95,-347.5,-26.06
TXN_8545,2024-06-27 00:00:00,CUST_215,Electronics,5,396.1,286.69,2024,6,June,Thursday,1980.5,1433.45,547.05,27.62
TXN_8547,2024-06-27 01:00:00,CUST_166,Apparel,2,426.92,146.86,2024,6,June,Thursday,853.84,293.72,560.12,65.6
TXN_8549,2024-06-27 02:00:00,CUST_130,Home Goods,5,87.73,134.51,2024,6,June,Thursday,438.65,672.55,-233.9,-53.32
TXN_8550,2024-06-27 02:30:00,CUST_174,Apparel,3,395.72,42.94,2024,6,June,Thursday,1187.16,128.82,1058.34,89.15
TXN_8551,2024-06-27 03:00:00,CUST_336,Apparel,3,577.44,61.92,2024,6,June,Thursday,1732.32,185.76,1546.56,89.28
TXN_8552,2024-06-27 03:30:00,CUST_426,Apparel,2,127.8,251.54,2024,6,June,Thursday,255.6,503.08,-247.48,-96.82
TXN_8553,2024-06-27 04:00:00,CUST_165,Apparel,3,546.94,140.21,2024,6,June,Thursday,1640.82,420.63,1220.19,74.36
TXN_8554,2024-06-27 04:30:00,CUST_169,Electronics,4,369.54,77.78,2024,6,June,Thursday,1478.16,311.12,1167.04,78.95
TXN_8556,2024-06-27 05:30:00,CUST_119,Apparel,2,45.37,176.15,2024,6,June,Thursday,90.74,352.3,-261.56,-288.25
TXN_8559,2024-06-27 07:00:00,CUST_298,Apparel,5,436.89,75.54,2024,6,June,Thursday,2184.45,377.7,1806.75,82.71
TXN_8560,2024-06-27 07:30:00,CUST_138,Apparel,4,488.37,52.79,2024,6,June,Thursday,1953.48,211.16,1742.32,89.19
TXN_8561,2024-06-27 08:00:00,CUST_244,Electronics,2,321.42,184.94,2024,6,June,Thursday,642.84,369.88,272.96,42.46
TXN_8562,2024-06-27 08:30:00,CUST_144,Electronics,5,169.23,273.72,2024,6,June,Thursday,846.15,1368.6,-522.45,-61.74
TXN_8563,2024-06-27 09:00:00,CUST_494,Apparel,5,97.82,258.98,2024,6,June,Thursday,489.1,1294.9,-805.8,-164.75
TXN_8564,2024-06-27 09:30:00,CUST_425,Electronics,5,108.89,98.82,2024,6,June,Thursday,544.45,494.1,50.35,9.25
TXN_8565,2024-06-27 10:00:00,CUST_480,Electronics,5,522.16,299.53,2024,6,June,Thursday,2610.8,1497.65,1113.15,42.64
TXN_8566,2024-06-27 10:30:00,CUST_190,Electronics,5,87.29,45.92,2024,6,June,Thursday,436.45,229.6,206.85,47.39
TXN_8567,2024-06-27 11:00:00,CUST_337,Unknown,2,240.05,48.78,2024,6,June,Thursday,480.1,97.56,382.54,79.68
TXN_8568,2024-06-27 11:30:00,CUST_169,Apparel,3,210.55,298.76,2024,6,June,Thursday,631.65,896.28,-264.63,-41.9
TXN_8569,2024-06-27 12:00:00,CUST_265,Electronics,5,521.29,93.1,2024,6,June,Thursday,2606.45,465.5,2140.95,82.14
TXN_8572,2024-06-27 13:30:00,CUST_439,Apparel,4,446.18,41.82,2024,6,June,Thursday,1784.72,167.28,1617.44,90.63
TXN_8573,2024-06-27 14:00:00,CUST_188,Home Goods,2,512.79,217.16,2024,6,June,Thursday,1025.58,434.32,591.26,57.65
TXN_8574,2024-06-27 14:30:00,CUST_434,Home Goods,1,72.72,72.02,2024,6,June,Thursday,72.72,72.02,0.7,0.96
TXN_8575,2024-06-27 15:00:00,CUST_351,Apparel,3,163.06,19.59,2024,6,June,Thursday,489.18,58.77,430.41,87.99
TXN_8576,2024-06-27 15:30:00,CUST_468,Electronics,4,94.24,168.76,2024,6,June,Thursday,376.96,675.04,-298.08,-79.07
TXN_8578,2024-06-27 16:30:00,CUST_171,Unknown,5,435.2,282.77,2024,6,June,Thursday,2176.0,1413.85,762.15,35.03
TXN_8579,2024-06-27 17:00:00,CUST_264,Apparel,2,113.9,288.4,2024,6,June,Thursday,227.8,576.8,-349.0,-153.2
TXN_8580,2024-06-27 17:30:00,CUST_148,Apparel,2,91.15,218.9,2024,6,June,Thursday,182.3,437.8,-255.5,-140.15
TXN_8581,2024-06-27 18:00:00,CUST_151,Electronics,5,374.55,109.63,2024,6,June,Thursday,1872.75,548.15,1324.6,70.73
TXN_8583,2024-06-27 19:00:00,CUST_377,Apparel,4,295.41,248.77,2024,6,June,Thursday,1181.64,995.08,186.56,15.79
TXN_8584,2024-06-27 19:30:00,CUST_213,Home Goods,2,44.9,33.56,2024,6,June,Thursday,89.8,67.12,22.68,25.26
TXN_8588,2024-06-27 21:30:00,CUST_265,Electronics,3,176.11,222.39,2024,6,June,Thursday,528.33,667.17,-138.84,-26.28
TXN_8589,2024-06-27 22:00:00,CUST_473,Apparel,4,177.98,42.75,2024,6,June,Thursday,711.92,171.0,540.92,75.98
TXN_8591,2024-06-27 23:00:00,CUST_392,Apparel,5,435.36,44.16,2024,6,June,Thursday,2176.8,220.8,1956.0,89.86
TXN_8593,2024-06-28 00:00:00,CUST_419,Home Goods,4,382.46,46.24,2024,6,June,Friday,1529.84,184.96,1344.88,87.91
TXN_8596,2024-06-28 01:30:00,CUST_269,Electronics,4,465.4,222.34,2024,6,June,Friday,1861.6,889.36,972.24,52.23
TXN_8598,2024-06-28 02:30:00,CUST_275,Unknown,1,552.38,13.48,2024,6,June,Friday,552.38,13.48,538.9,97.56
TXN_8599,2024-06-28 03:00:00,CUST_399,Apparel,5,113.65,100.34,2024,6,June,Friday,568.25,501.7,66.55,11.71
TXN_8600,2024-06-28 03:30:00,CUST_181,Electronics,3,416.69,318.84,2024,6,June,Friday,1250.07,956.52,293.55,23.48
TXN_8601,2024-06-28 04:00:00,CUST_186,Electronics,5,578.34,141.98,2024,6,June,Friday,2891.7,709.9,2181.8,75.45
TXN_8602,2024-06-28 04:30:00,CUST_324,Electronics,1,196.36,250.17,2024,6,June,Friday,196.36,250.17,-53.81,-27.4
TXN_8603,2024-06-28 05:00:00,CUST_115,Electronics,5,23.95,57.6,2024,6,June,Friday,119.75,288.0,-168.25,-140.5
TXN_8604,2024-06-28 05:30:00,CUST_409,Home Goods,5,444.9,240.65,2024,6,June,Friday,2224.5,1203.25,1021.25,45.91
TXN_8605,2024-06-28 06:00:00,CUST_457,Home Goods,3,19.08,34.87,2024,6,June,Friday,57.24,104.61,-47.37,-82.76
TXN_8606,2024-06-28 06:30:00,CUST_262,Electronics,1,525.43,253.89,2024,6,June,Friday,525.43,253.89,271.54,51.68
TXN_8607,2024-06-28 07:00:00,CUST_197,Electronics,5,47.94,120.09,2024,6,June,Friday,239.7,600.45,-360.75,-150.5
TXN_8610,2024-06-28 08:30:00,CUST_449,Apparel,5,133.95,223.47,2024,6,June,Friday,669.75,1117.35,-447.6,-66.83
TXN_8611,2024-06-28 09:00:00,CUST_496,Apparel,2,540.48,124.77,2024,6,June,Friday,1080.96,249.54,831.42,76.91
TXN_8612,2024-06-28 09:30:00,CUST_268,Apparel,5,451.55,140.35,2024,6,June,Friday,2257.75,701.75,1556.0,68.92
TXN_8613,2024-06-28 10:00:00,CUST_414,Apparel,3,214.16,231.75,2024,6,June,Friday,642.48,695.25,-52.77,-8.21
TXN_8614,2024-06-28 10:30:00,CUST_424,Electronics,2,181.23,70.81,2024,6,June,Friday,362.46,141.62,220.84,60.93
TXN_8619,2024-06-28 13:00:00,CUST_400,Electronics,1,148.34,243.62,2024,6,June,Friday,148.34,243.62,-95.28,-64.23
TXN_8621,2024-06-28 14:00:00,CUST_379,Apparel,4,453.55,283.49,2024,6,June,Friday,1814.2,1133.96,680.24,37.5
TXN_8622,2024-06-28 14:30:00,CUST_288,Apparel,3,317.61,113.29,2024,6,June,Friday,952.83,339.87,612.96,64.33
TXN_8623,2024-06-28 15:00:00,CUST_446,Home Goods,1,314.28,49.85,2024,6,June,Friday,314.28,49.85,264.43,84.14
TXN_8624,2024-06-28 15:30:00,CUST_449,Electronics,2,347.97,65.93,2024,6,June,Friday,695.94,131.86,564.08,81.05
TXN_8625,2024-06-28 16:00:00,CUST_413,Electronics,4,499.54,337.47,2024,6,June,Friday,1998.16,1349.88,648.28,32.44
TXN_8626,2024-06-28 16:30:00,CUST_227,Electronics,1,449.22,273.1,2024,6,June,Friday,449.22,273.1,176.12,39.21
TXN_8627,2024-06-28 17:00:00,CUST_106,Apparel,3,515.9,90.88,2024,6,June,Friday,1547.7,272.64,1275.06,82.38
TXN_8628,2024-06-28 17:30:00,CUST_146,Apparel,2,311.76,337.58,2024,6,June,Friday,623.52,675.16,-51.64,-8.28
TXN_8629,2024-06-28 18:00:00,CUST_152,Apparel,3,380.42,57.64,2024,6,June,Friday,1141.26,172.92,968.34,84.85
TXN_8630,2024-06-28 18:30:00,CUST_286,Electronics,3,514.92,259.4,2024,6,June,Friday,1544.76,778.2,766.56,49.62
TXN_8631,2024-06-28 19:00:00,CUST_137,Apparel,2,150.91,233.29,2024,6,June,Friday,301.82,466.58,-164.76,-54.59
TXN_8633,2024-06-28 20:00:00,CUST_152,Home Goods,5,378.08,139.78,2024,6,June,Friday,1890.4,698.9,1191.5,63.03
TXN_8634,2024-06-28 20:30:00,CUST_498,Unknown,3,550.36,146.62,2024,6,June,Friday,1651.08,439.86,1211.22,73.36
TXN_8637,2024-06-28 22:00:00,CUST_147,Electronics,2,152.15,24.06,2024,6,June,Friday,304.3,48.12,256.18,84.19
TXN_8638,2024-06-28 22:30:00,CUST_450,Electronics,3,206.07,258.1,2024,6,June,Friday,618.21,774.3,-156.09,-25.25
TXN_8639,2024-06-28 23:00:00,CUST_246,Electronics,5,179.85,227.92,2024,6,June,Friday,899.25,1139.6,-240.35,-26.73
TXN_8641,2024-06-29 00:00:00,CUST_163,Home Goods,2,533.09,112.96,2024,6,June,Saturday,1066.18,225.92,840.26,78.81
TXN_8642,2024-06-29 00:30:00,CUST_448,Electronics,1,387.63,119.05,2024,6,June,Saturday,387.63,119.05,268.58,69.29
TXN_8643,2024-06-29 01:00:00,CUST_281,Apparel,1,156.29,261.95,2024,6,June,Saturday,156.29,261.95,-105.66,-67.61
TXN_8645,2024-06-29 02:00:00,CUST_278,Home Goods,1,384.75,288.43,2024,6,June,Saturday,384.75,288.43,96.32,25.03
TXN_8646,2024-06-29 02:30:00,CUST_138,Apparel,4,143.09,269.14,2024,6,June,Saturday,572.36,1076.56,-504.2,-88.09
TXN_8647,2024-06-29 03:00:00,CUST_359,Unknown,3,226.57,267.7,2024,6,June,Saturday,679.71,803.1,-123.39,-18.15
TXN_8648,2024-06-29 03:30:00,CUST_481,Electronics,3,477.13,95.6,2024,6,June,Saturday,1431.39,286.8,1144.59,79.96
TXN_8649,2024-06-29 04:00:00,CUST_102,Electronics,2,447.27,44.55,2024,6,June,Saturday,894.54,89.1,805.44,90.04
TXN_8650,2024-06-29 04:30:00,CUST_163,Apparel,4,352.3,269.0,2024,6,June,Saturday,1409.2,1076.0,333.2,23.64
TXN_8651,2024-06-29 05:00:00,CUST_128,Electronics,3,99.69,43.53,2024,6,June,Saturday,299.07,130.59,168.48,56.33
TXN_8652,2024-06-29 05:30:00,CUST_471,Electronics,2,484.92,343.92,2024,6,June,Saturday,969.84,687.84,282.0,29.08
TXN_8653,2024-06-29 06:00:00,CUST_110,Apparel,5,194.91,307.53,2024,6,June,Saturday,974.55,1537.65,-563.1,-57.78
TXN_8654,2024-06-29 06:30:00,CUST_196,Home Goods,3,466.38,191.38,2024,6,June,Saturday,1399.14,574.14,825.0,58.96
TXN_8656,2024-06-29 07:30:00,CUST_302,Electronics,3,169.54,189.13,2024,6,June,Saturday,508.62,567.39,-58.77,-11.55
TXN_8657,2024-06-29 08:00:00,CUST_120,Apparel,5,139.24,259.66,2024,6,June,Saturday,696.2,1298.3,-602.1,-86.48
TXN_8658,2024-06-29 08:30:00,CUST_138,Electronics,5,91.58,267.15,2024,6,June,Saturday,457.9,1335.75,-877.85,-191.71
TXN_8659,2024-06-29 09:00:00,CUST_322,Electronics,3,156.54,35.05,2024,6,June,Saturday,469.62,105.15,364.47,77.61
TXN_8660,2024-06-29 09:30:00,CUST_201,Apparel,5,107.33,283.65,2024,6,June,Saturday,536.65,1418.25,-881.6,-164.28
TXN_8661,2024-06-29 10:00:00,CUST_145,Electronics,2,375.97,228.11,2024,6,June,Saturday,751.94,456.22,295.72,39.33
TXN_8662,2024-06-29 10:30:00,CUST_165,Electronics,3,365.29,23.8,2024,6,June,Saturday,1095.87,71.4,1024.47,93.48
TXN_8663,2024-06-29 11:00:00,CUST_190,Home Goods,3,357.91,116.47,2024,6,June,Saturday,1073.73,349.41,724.32,67.46
TXN_8664,2024-06-29 11:30:00,CUST_263,Electronics,1,390.51,183.62,2024,6,June,Saturday,390.51,183.62,206.89,52.98
TXN_8666,2024-06-29 12:30:00,CUST_437,Apparel,3,549.43,62.78,2024,6,June,Saturday,1648.29,188.34,1459.95,88.57
TXN_8668,2024-06-29 13:30:00,CUST_292,Electronics,1,358.85,319.93,2024,6,June,Saturday,358.85,319.93,38.92,10.85
TXN_8669,2024-06-29 14:00:00,CUST_198,Apparel,5,60.83,29.08,2024,6,June,Saturday,304.15,145.4,158.75,52.19
TXN_8672,2024-06-29 15:30:00,CUST_202,Electronics,5,299.65,261.95,2024,6,June,Saturday,1498.25,1309.75,188.5,12.58
TXN_8673,2024-06-29 16:00:00,CUST_484,Electronics,2,458.62,250.44,2024,6,June,Saturday,917.24,500.88,416.36,45.39
TXN_8674,2024-06-29 16:30:00,CUST_380,Home Goods,1,264.02,284.12,2024,6,June,Saturday,264.02,284.12,-20.1,-7.61
TXN_8675,2024-06-29 17:00:00,CUST_142,Electronics,3,89.65,219.71,2024,6,June,Saturday,268.95,659.13,-390.18,-145.08
TXN_8676,2024-06-29 17:30:00,CUST_183,Electronics,1,525.15,211.16,2024,6,June,Saturday,525.15,211.16,313.99,59.79
TXN_8677,2024-06-29 18:00:00,CUST_290,Electronics,5,63.49,148.42,2024,6,June,Saturday,317.45,742.1,-424.65,-133.77
TXN_8678,2024-06-29 18:30:00,CUST_150,Apparel,5,125.54,226.36,2024,6,June,Saturday,627.7,1131.8,-504.1,-80.31
TXN_8680,2024-06-29 19:30:00,CUST_309,Apparel,2,597.24,242.73,2024,6,June,Saturday,1194.48,485.46,709.02,59.36
TXN_8683,2024-06-29 21:00:00,CUST_364,Home Goods,5,465.27,181.93,2024,6,June,Saturday,2326.35,909.65,1416.7,60.9
TXN_8684,2024-06-29 21:30:00,CUST_357,Apparel,1,387.3,190.32,2024,6,June,Saturday,387.3,190.32,196.98,50.86
TXN_8688,2024-06-29 23:30:00,CUST_109,Electronics,3,481.14,155.38,2024,6,June,Saturday,1443.42,466.14,977.28,67.71
TXN_8689,2024-06-30 00:00:00,CUST_213,Apparel,3,249.8,108.03,2024,6,June,Sunday,749.4,324.09,425.31,56.75
TXN_8690,2024-06-30 00:30:00,CUST_175,Apparel,1,238.04,53.53,2024,6,June,Sunday,238.04,53.53,184.51,77.51
TXN_8691,2024-06-30 01:00:00,CUST_263,Home Goods,2,558.75,74.72,2024,6,June,Sunday,1117.5,149.44,968.06,86.63
TXN_8692,2024-06-30 01:30:00,CUST_184,Electronics,3,415.38,10.18,2024,6,June,Sunday,1246.14,30.54,1215.6,97.55
TXN_8693,2024-06-30 02:00:00,CUST_148,Apparel,1,378.54,305.6,2024,6,June,Sunday,378.54,305.6,72.94,19.27
TXN_8694,2024-06-30 02:30:00,CUST_425,Apparel,1,458.33,270.09,2024,6,June,Sunday,458.33,270.09,188.24,41.07
TXN_8695,2024-06-30 03:00:00,CUST_276,Apparel,5,343.09,84.35,2024,6,June,Sunday,1715.45,421.75,1293.7,75.41
TXN_8697,2024-06-30 04:00:00,CUST_488,Electronics,5,201.74,177.32,2024,6,June,Sunday,1008.7,886.6,122.1,12.1
TXN_8699,2024-06-30 05:00:00,CUST_288,Apparel,2,25.63,273.84,2024,6,June,Sunday,51.26,547.68,-496.42,-968.44
TXN_8700,2024-06-30 05:30:00,CUST_445,Electronics,2,270.85,146.98,2024,6,June,Sunday,541.7,293.96,247.74,45.73
TXN_8701,2024-06-30 06:00:00,CUST_329,Electronics,2,457.14,303.8,2024,6,June,Sunday,914.28,607.6,306.68,33.54
TXN_8702,2024-06-30 06:30:00,CUST_354,Electronics,1,111.08,42.58,2024,6,June,Sunday,111.08,42.58,68.5,61.67
TXN_8703,2024-06-30 07:00:00,CUST_335,Electronics,1,52.77,134.39,2024,6,June,Sunday,52.77,134.39,-81.62,-154.67
TXN_8704,2024-06-30 07:30:00,CUST_125,Apparel,5,504.08,327.54,2024,6,June,Sunday,2520.4,1637.7,882.7,35.02
TXN_8705,2024-06-30 08:00:00,CUST_171,Electronics,3,376.11,13.99,2024,6,June,Sunday,1128.33,41.97,1086.36,96.28
TXN_8709,2024-06-30 10:00:00,CUST_222,Unknown,2,210.46,104.78,2024,6,June,Sunday,420.92,209.56,211.36,50.21
TXN_8711,2024-06-30 11:00:00,CUST_356,Unknown,4,106.19,328.63,2024,6,June,Sunday,424.76,1314.52,-889.76,-209.47
TXN_8712,2024-06-30 11:30:00,CUST_243,Apparel,2,503.62,298.71,2024,6,June,Sunday,1007.24,597.42,409.82,40.69
TXN_8715,2024-06-30 13:00:00,CUST_450,Apparel,5,531.84,259.91,2024,6,June,Sunday,2659.2,1299.55,1359.65,51.13
TXN_8717,2024-06-30 14:00:00,CUST_475,Home Goods,1,54.15,41.86,2024,6,June,Sunday,54.15,41.86,12.29,22.7
TXN_8718,2024-06-30 14:30:00,CUST_307,Electronics,5,109.52,236.8,2024,6,June,Sunday,547.6,1184.0,-636.4,-116.22
TXN_8719,2024-06-30 15:00:00,CUST_410,Electronics,5,32.57,257.71,2024,6,June,Sunday,162.85,1288.55,-1125.7,-691.25
TXN_8720,2024-06-30 15:30:00,CUST_334,Apparel,5,400.02,51.64,2024,6,June,Sunday,2000.1,258.2,1741.9,87.09
TXN_8721,2024-06-30 16:00:00,CUST_248,Home Goods,4,385.82,196.91,2024,6,June,Sunday,1543.28,787.64,755.64,48.96
TXN_8722,2024-06-30 16:30:00,CUST_421,Electronics,4,138.32,345.61,2024,6,June,Sunday,553.28,1382.44,-829.16,-149.86
TXN_8724,2024-06-30 17:30:00,CUST_265,Apparel,2,100.23,112.64,2024,6,June,Sunday,200.46,225.28,-24.82,-12.38
TXN_8729,2024-06-30 20:00:00,CUST_273,Apparel,1,268.33,142.89,2024,6,June,Sunday,268.33,142.89,125.44,46.75
TXN_8730,2024-06-30 20:30:00,CUST_316,Apparel,5,67.3,38.41,2024,6,June,Sunday,336.5,192.05,144.45,42.93
TXN_8731,2024-06-30 21:00:00,CUST_494,Electronics,3,598.92,16.52,2024,6,June,Sunday,1796.76,49.56,1747.2,97.24
TXN_8733,2024-06-30 22:00:00,CUST_196,Electronics,2,378.55,249.82,2024,6,June,Sunday,757.1,499.64,257.46,34.01
TXN_8734,2024-06-30 22:30:00,CUST_216,Electronics,2,358.84,175.76,2024,6,June,Sunday,717.68,351.52,366.16,51.02
TXN_8735,2024-06-30 23:00:00,CUST_298,Apparel,5,310.02,261.14,2024,6,June,Sunday,1550.1,1305.7,244.4,15.77
TXN_8736,2024-06-30 23:30:00,CUST_419,Apparel,2,165.6,237.99,2024,6,June,Sunday,331.2,475.98,-144.78,-43.71
TXN_8737,2024-07-01 00:00:00,CUST_120,Apparel,5,147.44,204.79,2024,7,July,Monday,737.2,1023.95,-286.75,-38.9
TXN_8738,2024-07-01 00:30:00,CUST_299,Electronics,2,336.48,338.95,2024,7,July,Monday,672.96,677.9,-4.94,-0.73
TXN_8740,2024-07-01 01:30:00,CUST_440,Apparel,1,58.57,320.97,2024,7,July,Monday,58.57,320.97,-262.4,-448.01
TXN_8743,2024-07-01 03:00:00,CUST_363,Apparel,2,549.85,213.25,2024,7,July,Monday,1099.7,426.5,673.2,61.22
TXN_8745,2024-07-01 04:00:00,CUST_401,Electronics,2,77.83,183.55,2024,7,July,Monday,155.66,367.1,-211.44,-135.83
TXN_8746,2024-07-01 04:30:00,CUST_130,Electronics,3,356.1,105.08,2024,7,July,Monday,1068.3,315.24,753.06,70.49
TXN_8748,2024-07-01 05:30:00,CUST_192,Apparel,1,573.35,84.4,2024,7,July,Monday,573.35,84.4,488.95,85.28
TXN_8751,2024-07-01 07:00:00,CUST_193,Electronics,1,132.31,313.47,2024,7,July,Monday,132.31,313.47,-181.16,-136.92
TXN_8753,2024-07-01 08:00:00,CUST_493,Electronics,1,42.8,107.88,2024,7,July,Monday,42.8,107.88,-65.08,-152.06
TXN_8755,2024-07-01 09:00:00,CUST_179,Apparel,2,36.17,125.35,2024,7,July,Monday,72.34,250.7,-178.36,-246.56
TXN_8756,2024-07-01 09:30:00,CUST_391,Electronics,4,447.46,337.22,2024,7,July,Monday,1789.84,1348.88,440.96,24.64
TXN_8757,2024-07-01 10:00:00,CUST_183,Home Goods,2,431.8,101.43,2024,7,July,Monday,863.6,202.86,660.74,76.51
TXN_8758,2024-07-01 10:30:00,CUST_464,Home Goods,5,61.57,160.33,2024,7,July,Monday,307.85,801.65,-493.8,-160.4
TXN_8760,2024-07-01 11:30:00,CUST_136,Home Goods,3,320.33,347.34,2024,7,July,Monday,960.99,1042.02,-81.03,-8.43
TXN_8761,2024-07-01 12:00:00,CUST_441,Apparel,1,544.1,312.65,2024,7,July,Monday,544.1,312.65,231.45,42.54
TXN_8762,2024-07-01 12:30:00,CUST_426,Home Goods,5,542.44,287.97,2024,7,July,Monday,2712.2,1439.85,1272.35,46.91
TXN_8764,2024-07-01 13:30:00,CUST_192,Electronics,5,237.64,339.58,2024,7,July,Monday,1188.2,1697.9,-509.7,-42.9
TXN_8765,2024-07-01 14:00:00,CUST_435,Home Goods,4,93.76,325.91,2024,7,July,Monday,375.04,1303.64,-928.6,-247.6
TXN_8767,2024-07-01 15:00:00,CUST_265,Unknown,1,309.91,241.76,2024,7,July,Monday,309.91,241.76,68.15,21.99
TXN_8768,2024-07-01 15:30:00,CUST_258,Apparel,2,558.35,347.44,2024,7,July,Monday,1116.7,694.88,421.82,37.77
TXN_8769,2024-07-01 16:00:00,CUST_113,Home Goods,1,136.81,149.31,2024,7,July,Monday,136.81,149.31,-12.5,-9.14
TXN_8770,2024-07-01 16:30:00,CUST_472,Electronics,3,417.7,48.44,2024,7,July,Monday,1253.1,145.32,1107.78,88.4
TXN_8771,2024-07-01 17:00:00,CUST_324,Apparel,1,593.7,305.04,2024,7,July,Monday,593.7,305.04,288.66,48.62
TXN_8772,2024-07-01 17:30:00,CUST_172,Electronics,5,404.25,172.0,2024,7,July,Monday,2021.25,860.0,1161.25,57.45
TXN_8773,2024-07-01 18:00:00,CUST_348,Home Goods,5,55.23,345.57,2024,7,July,Monday,276.15,1727.85,-1451.7,-525.69
TXN_8774,2024-07-01 18:30:00,CUST_190,Electronics,2,359.23,197.3,2024,7,July,Monday,718.46,394.6,323.86,45.08
TXN_8775,2024-07-01 19:00:00,CUST_315,Apparel,2,120.21,20.02,2024,7,July,Monday,240.42,40.04,200.38,83.35
TXN_8776,2024-07-01 19:30:00,CUST_189,Electronics,2,32.84,177.19,2024,7,July,Monday,65.68,354.38,-288.7,-439.56
TXN_8779,2024-07-01 21:00:00,CUST_319,Electronics,3,476.43,150.57,2024,7,July,Monday,1429.29,451.71,977.58,68.4
TXN_8783,2024-07-01 23:00:00,CUST_488,Apparel,1,23.67,222.36,2024,7,July,Monday,23.67,222.36,-198.69,-839.42
TXN_8784,2024-07-01 23:30:00,CUST_141,Electronics,4,32.15,246.26,2024,7,July,Monday,128.6,985.04,-856.44,-665.97
TXN_8786,2024-07-02 00:30:00,CUST_141,Home Goods,1,233.78,201.47,2024,7,July,Tuesday,233.78,201.47,32.31,13.82
TXN_8787,2024-07-02 01:00:00,CUST_263,Electronics,2,370.59,194.91,2024,7,July,Tuesday,741.18,389.82,351.36,47.41
TXN_8788,2024-07-02 01:30:00,CUST_460,Electronics,3,591.76,268.27,2024,7,July,Tuesday,1775.28,804.81,970.47,54.67
TXN_8790,2024-07-02 02:30:00,CUST_157,Apparel,1,47.56,235.38,2024,7,July,Tuesday,47.56,235.38,-187.82,-394.91
TXN_8792,2024-07-02 03:30:00,CUST_421,Electronics,5,540.24,291.62,2024,7,July,Tuesday,2701.2,1458.1,1243.1,46.02
TXN_8796,2024-07-02 05:30:00,CUST_228,Electronics,1,93.97,330.94,2024,7,July,Tuesday,93.97,330.94,-236.97,-252.18
TXN_8797,2024-07-02 06:00:00,CUST_186,Apparel,5,80.66,139.27,2024,7,July,Tuesday,403.3,696.35,-293.05,-72.66
TXN_8798,2024-07-02 06:30:00,CUST_429,Unknown,1,516.44,256.74,2024,7,July,Tuesday,516.44,256.74,259.7,50.29
TXN_8799,2024-07-02 07:00:00,CUST_252,Apparel,1,137.83,149.59,2024,7,July,Tuesday,137.83,149.59,-11.76,-8.53
TXN_8801,2024-07-02 08:00:00,CUST_224,Electronics,1,316.96,310.77,2024,7,July,Tuesday,316.96,310.77,6.19,1.95
TXN_8802,2024-07-02 08:30:00,CUST_166,Electronics,2,333.47,326.86,2024,7,July,Tuesday,666.94,653.72,13.22,1.98
TXN_8804,2024-07-02 09:30:00,CUST_224,Electronics,5,386.62,16.22,2024,7,July,Tuesday,1933.1,81.1,1852.0,95.8
TXN_8805,2024-07-02 10:00:00,CUST_413,Electronics,3,40.21,287.45,2024,7,July,Tuesday,120.63,862.35,-741.72,-614.87
TXN_8806,2024-07-02 10:30:00,CUST_425,Electronics,4,596.18,172.17,2024,7,July,Tuesday,2384.72,688.68,1696.04,71.12
TXN_8809,2024-07-02 12:00:00,CUST_413,Electronics,5,204.92,61.72,2024,7,July,Tuesday,1024.6,308.6,716.0,69.88
TXN_8810,2024-07-02 12:30:00,CUST_181,Electronics,2,501.5,243.33,2024,7,July,Tuesday,1003.0,486.66,516.34,51.48
TXN_8811,2024-07-02 13:00:00,CUST_186,Home Goods,5,165.46,111.8,2024,7,July,Tuesday,827.3,559.0,268.3,32.43
TXN_8812,2024-07-02 13:30:00,CUST_101,Electronics,3,291.08,53.41,2024,7,July,Tuesday,873.24,160.23,713.01,81.65
TXN_8814,2024-07-02 14:30:00,CUST_249,Apparel,5,61.14,335.22,2024,7,July,Tuesday,305.7,1676.1,-1370.4,-448.28
TXN_8816,2024-07-02 15:30:00,CUST_202,Electronics,2,128.7,88.28,2024,7,July,Tuesday,257.4,176.56,80.84,31.41
TXN_8818,2024-07-02 16:30:00,CUST_467,Apparel,2,474.45,61.17,2024,7,July,Tuesday,948.9,122.34,826.56,87.11
TXN_8820,2024-07-02 17:30:00,CUST_164,Electronics,4,93.27,124.44,2024,7,July,Tuesday,373.08,497.76,-124.68,-33.42
TXN_8821,2024-07-02 18:00:00,CUST_308,Electronics,3,281.47,332.72,2024,7,July,Tuesday,844.41,998.16,-153.75,-18.21
TXN_8822,2024-07-02 18:30:00,CUST_350,Home Goods,4,569.04,337.23,2024,7,July,Tuesday,2276.16,1348.92,927.24,40.74
TXN_8826,2024-07-02 20:30:00,CUST_336,Home Goods,1,554.59,169.65,2024,7,July,Tuesday,554.59,169.65,384.94,69.41
TXN_8828,2024-07-02 21:30:00,CUST_358,Apparel,2,504.89,225.71,2024,7,July,Tuesday,1009.78,451.42,558.36,55.3
TXN_8829,2024-07-02 22:00:00,CUST_145,Home Goods,4,305.07,258.64,2024,7,July,Tuesday,1220.28,1034.56,185.72,15.22
TXN_8830,2024-07-02 22:30:00,CUST_410,Apparel,2,77.48,42.93,2024,7,July,Tuesday,154.96,85.86,69.1,44.59
TXN_8832,2024-07-02 23:30:00,CUST_315,Electronics,2,42.31,337.4,2024,7,July,Tuesday,84.62,674.8,-590.18,-697.45
TXN_8833,2024-07-03 00:00:00,CUST_400,Home Goods,1,129.26,123.95,2024,7,July,Wednesday,129.26,123.95,5.31,4.11
TXN_8834,2024-07-03 00:30:00,CUST_432,Home Goods,2,537.76,101.28,2024,7,July,Wednesday,1075.52,202.56,872.96,81.17
TXN_8837,2024-07-03 02:00:00,CUST_123,Apparel,4,378.67,41.0,2024,7,July,Wednesday,1514.68,164.0,1350.68,89.17
TXN_8839,2024-07-03 03:00:00,CUST_115,Apparel,3,141.86,227.65,2024,7,July,Wednesday,425.58,682.95,-257.37,-60.48
TXN_8840,2024-07-03 03:30:00,CUST_158,Electronics,5,556.48,85.88,2024,7,July,Wednesday,2782.4,429.4,2353.0,84.57
TXN_8841,2024-07-03 04:00:00,CUST_342,Unknown,4,316.18,230.21,2024,7,July,Wednesday,1264.72,920.84,343.88,27.19
TXN_8842,2024-07-03 04:30:00,CUST_306,Home Goods,1,296.44,44.03,2024,7,July,Wednesday,296.44,44.03,252.41,85.15
TXN_8843,2024-07-03 05:00:00,CUST_499,Apparel,5,597.72,24.24,2024,7,July,Wednesday,2988.6,121.2,2867.4,95.94
TXN_8844,2024-07-03 05:30:00,CUST_370,Electronics,2,239.6,302.93,2024,7,July,Wednesday,479.2,605.86,-126.66,-26.43
TXN_8845,2024-07-03 06:00:00,CUST_348,Electronics,4,514.66,268.41,2024,7,July,Wednesday,2058.64,1073.64,985.0,47.85
TXN_8846,2024-07-03 06:30:00,CUST_366,Apparel,5,519.47,236.45,2024,7,July,Wednesday,2597.35,1182.25,1415.1,54.48
TXN_8849,2024-07-03 08:00:00,CUST_317,Electronics,4,585.74,286.19,2024,7,July,Wednesday,2342.96,1144.76,1198.2,51.14
TXN_8851,2024-07-03 09:00:00,CUST_167,Home Goods,2,16.3,286.37,2024,7,July,Wednesday,32.6,572.74,-540.14,-1656.87
TXN_8853,2024-07-03 10:00:00,CUST_424,Apparel,4,377.29,261.73,2024,7,July,Wednesday,1509.16,1046.92,462.24,30.63
TXN_8854,2024-07-03 10:30:00,CUST_496,Home Goods,1,469.01,229.13,2024,7,July,Wednesday,469.01,229.13,239.88,51.15
TXN_8855,2024-07-03 11:00:00,CUST_493,Apparel,5,566.62,151.78,2024,7,July,Wednesday,2833.1,758.9,2074.2,73.21
TXN_8856,2024-07-03 11:30:00,CUST_174,Apparel,5,550.37,109.27,2024,7,July,Wednesday,2751.85,546.35,2205.5,80.15
TXN_8857,2024-07-03 12:00:00,CUST_202,Apparel,5,564.98,238.73,2024,7,July,Wednesday,2824.9,1193.65,1631.25,57.75
TXN_8858,2024-07-03 12:30:00,CUST_396,Unknown,4,33.79,284.35,2024,7,July,Wednesday,135.16,1137.4,-1002.24,-741.52
TXN_8859,2024-07-03 13:00:00,CUST_277,Electronics,2,431.39,25.21,2024,7,July,Wednesday,862.78,50.42,812.36,94.16
TXN_8860,2024-07-03 13:30:00,CUST_314,Apparel,4,147.13,139.17,2024,7,July,Wednesday,588.52,556.68,31.84,5.41
TXN_8861,2024-07-03 14:00:00,CUST_414,Electronics,4,124.72,129.25,2024,7,July,Wednesday,498.88,517.0,-18.12,-3.63
TXN_8864,2024-07-03 15:30:00,CUST_303,Electronics,5,551.21,327.36,2024,7,July,Wednesday,2756.05,1636.8,1119.25,40.61
TXN_8865,2024-07-03 16:00:00,CUST_106,Unknown,2,39.82,196.49,2024,7,July,Wednesday,79.64,392.98,-313.34,-393.45
TXN_8866,2024-07-03 16:30:00,CUST_148,Home Goods,3,484.28,324.08,2024,7,July,Wednesday,1452.84,972.24,480.6,33.08
TXN_8867,2024-07-03 17:00:00,CUST_125,Electronics,2,95.05,287.76,2024,7,July,Wednesday,190.1,575.52,-385.42,-202.75
TXN_8869,2024-07-03 18:00:00,CUST_456,Apparel,4,294.25,55.0,2024,7,July,Wednesday,1177.0,220.0,957.0,81.31
TXN_8870,2024-07-03 18:30:00,CUST_275,Home Goods,1,246.42,302.83,2024,7,July,Wednesday,246.42,302.83,-56.41,-22.89
TXN_8871,2024-07-03 19:00:00,CUST_178,Apparel,2,299.41,192.27,2024,7,July,Wednesday,598.82,384.54,214.28,35.78
TXN_8872,2024-07-03 19:30:00,CUST_101,Electronics,5,564.92,16.71,2024,7,July,Wednesday,2824.6,83.55,2741.05,97.04
TXN_8873,2024-07-03 20:00:00,CUST_482,Home Goods,1,399.57,327.64,2024,7,July,Wednesday,399.57,327.64,71.93,18.0
TXN_8874,2024-07-03 20:30:00,CUST_231,Apparel,3,184.83,170.83,2024,7,July,Wednesday,554.49,512.49,42.0,7.57
TXN_8875,2024-07-03 21:00:00,CUST_375,Apparel,3,116.15,112.32,2024,7,July,Wednesday,348.45,336.96,11.49,3.3
TXN_8876,2024-07-03 21:30:00,CUST_216,Home Goods,1,260.73,185.64,2024,7,July,Wednesday,260.73,185.64,75.09,28.8
TXN_8878,2024-07-03 22:30:00,CUST_387,Apparel,3,366.76,47.5,2024,7,July,Wednesday,1100.28,142.5,957.78,87.05
TXN_8879,2024-07-03 23:00:00,CUST_127,Apparel,1,170.61,132.04,2024,7,July,Wednesday,170.61,132.04,38.57,22.61
TXN_8880,2024-07-03 23:30:00,CUST_432,Unknown,4,463.99,118.41,2024,7,July,Wednesday,1855.96,473.64,1382.32,74.48
TXN_8881,2024-07-04 00:00:00,CUST_100,Electronics,1,72.6,295.48,2024,7,July,Thursday,72.6,295.48,-222.88,-307.0
TXN_8882,2024-07-04 00:30:00,CUST_287,Electronics,4,342.87,274.68,2024,7,July,Thursday,1371.48,1098.72,272.76,19.89
TXN_8884,2024-07-04 01:30:00,CUST_134,Home Goods,5,136.0,235.93,2024,7,July,Thursday,680.0,1179.65,-499.65,-73.48
TXN_8885,2024-07-04 02:00:00,CUST_211,Apparel,5,498.22,144.11,2024,7,July,Thursday,2491.1,720.55,1770.55,71.08
TXN_8886,2024-07-04 02:30:00,CUST_385,Electronics,3,375.03,204.25,2024,7,July,Thursday,1125.09,612.75,512.34,45.54
TXN_8889,2024-07-04 04:00:00,CUST_316,Home Goods,1,547.11,346.12,2024,7,July,Thursday,547.11,346.12,200.99,36.74
TXN_8891,2024-07-04 05:00:00,CUST_413,Apparel,4,238.37,51.05,2024,7,July,Thursday,953.48,204.2,749.28,78.58
TXN_8892,2024-07-04 05:30:00,CUST_182,Apparel,5,154.58,280.63,2024,7,July,Thursday,772.9,1403.15,-630.25,-81.54
TXN_8894,2024-07-04 06:30:00,CUST_424,Apparel,5,111.74,190.99,2024,7,July,Thursday,558.7,954.95,-396.25,-70.92
TXN_8895,2024-07-04 07:00:00,CUST_227,Home Goods,5,595.72,218.5,2024,7,July,Thursday,2978.6,1092.5,1886.1,63.32
TXN_8896,2024-07-04 07:30:00,CUST_406,Electronics,3,252.96,313.36,2024,7,July,Thursday,758.88,940.08,-181.2,-23.88
TXN_8897,2024-07-04 08:00:00,CUST_121,Home Goods,5,540.73,81.54,2024,7,July,Thursday,2703.65,407.7,2295.95,84.92
TXN_8899,2024-07-04 09:00:00,CUST_206,Electronics,2,263.84,327.73,2024,7,July,Thursday,527.68,655.46,-127.78,-24.22
TXN_8900,2024-07-04 09:30:00,CUST_208,Electronics,3,576.9,40.43,2024,7,July,Thursday,1730.7,121.29,1609.41,92.99
TXN_8901,2024-07-04 10:00:00,CUST_471,Electronics,1,68.31,311.0,2024,7,July,Thursday,68.31,311.0,-242.69,-355.28
TXN_8902,2024-07-04 10:30:00,CUST_456,Electronics,2,362.48,98.12,2024,7,July,Thursday,724.96,196.24,528.72,72.93
TXN_8903,2024-07-04 11:00:00,CUST_280,Home Goods,3,552.72,37.54,2024,7,July,Thursday,1658.16,112.62,1545.54,93.21
TXN_8905,2024-07-04 12:00:00,CUST_263,Apparel,3,509.91,143.35,2024,7,July,Thursday,1529.73,430.05,1099.68,71.89
TXN_8906,2024-07-04 12:30:00,CUST_167,Apparel,4,515.72,221.81,2024,7,July,Thursday,2062.88,887.24,1175.64,56.99
TXN_8907,2024-07-04 13:00:00,CUST_391,Electronics,2,396.53,197.98,2024,7,July,Thursday,793.06,395.96,397.1,50.07
TXN_8908,2024-07-04 13:30:00,CUST_279,Electronics,2,143.95,82.48,2024,7,July,Thursday,287.9,164.96,122.94,42.7
TXN_8910,2024-07-04 14:30:00,CUST_268,Apparel,2,587.35,25.68,2024,7,July,Thursday,1174.7,51.36,1123.34,95.63
TXN_8911,2024-07-04 15:00:00,CUST_121,Home Goods,5,322.67,79.05,2024,7,July,Thursday,1613.35,395.25,1218.1,75.5
TXN_8914,2024-07-04 16:30:00,CUST_199,Apparel,5,419.01,174.1,2024,7,July,Thursday,2095.05,870.5,1224.55,58.45
TXN_8916,2024-07-04 17:30:00,CUST_399,Electronics,1,435.73,153.35,2024,7,July,Thursday,435.73,153.35,282.38,64.81
TXN_8919,2024-07-04 19:00:00,CUST_138,Unknown,1,194.0,53.48,2024,7,July,Thursday,194.0,53.48,140.52,72.43
TXN_8921,2024-07-04 20:00:00,CUST_409,Apparel,1,379.72,151.23,2024,7,July,Thursday,379.72,151.23,228.49,60.17
TXN_8922,2024-07-04 20:30:00,CUST_189,Electronics,5,357.95,38.38,2024,7,July,Thursday,1789.75,191.9,1597.85,89.28
TXN_8926,2024-07-04 22:30:00,CUST_287,Apparel,4,301.58,65.42,2024,7,July,Thursday,1206.32,261.68,944.64,78.31
TXN_8928,2024-07-04 23:30:00,CUST_342,Electronics,1,461.69,297.39,2024,7,July,Thursday,461.69,297.39,164.3,35.59
TXN_8930,2024-07-05 00:30:00,CUST_148,Electronics,3,310.8,207.54,2024,7,July,Friday,932.4,622.62,309.78,33.22
TXN_8931,2024-07-05 01:00:00,CUST_200,Unknown,5,322.78,93.07,2024,7,July,Friday,1613.9,465.35,1148.55,71.17
TXN_8932,2024-07-05 01:30:00,CUST_101,Apparel,4,134.53,191.27,2024,7,July,Friday,538.12,765.08,-226.96,-42.18
TXN_8933,2024-07-05 02:00:00,CUST_343,Home Goods,3,436.81,104.95,2024,7,July,Friday,1310.43,314.85,995.58,75.97
TXN_8934,2024-07-05 02:30:00,CUST_275,Apparel,3,261.63,117.4,2024,7,July,Friday,784.89,352.2,432.69,55.13
TXN_8935,2024-07-05 03:00:00,CUST_337,Home Goods,5,449.33,214.63,2024,7,July,Friday,2246.65,1073.15,1173.5,52.23
TXN_8937,2024-07-05 04:00:00,CUST_158,Apparel,2,78.48,144.37,2024,7,July,Friday,156.96,288.74,-131.78,-83.96
TXN_8938,2024-07-05 04:30:00,CUST_452,Apparel,4,116.24,46.57,2024,7,July,Friday,464.96,186.28,278.68,59.94
TXN_8940,2024-07-05 05:30:00,CUST_458,Apparel,5,166.29,69.37,2024,7,July,Friday,831.45,346.85,484.6,58.28
TXN_8941,2024-07-05 06:00:00,CUST_101,Electronics,2,169.65,225.26,2024,7,July,Friday,339.3,450.52,-111.22,-32.78
TXN_8942,2024-07-05 06:30:00,CUST_342,Electronics,5,558.68,38.13,2024,7,July,Friday,2793.4,190.65,2602.75,93.17
TXN_8943,2024-07-05 07:00:00,CUST_396,Apparel,5,399.72,244.03,2024,7,July,Friday,1998.6,1220.15,778.45,38.95
TXN_8944,2024-07-05 07:30:00,CUST_310,Apparel,3,81.87,42.25,2024,7,July,Friday,245.61,126.75,118.86,48.39
TXN_8947,2024-07-05 09:00:00,CUST_181,Apparel,5,362.49,106.2,2024,7,July,Friday,1812.45,531.0,1281.45,70.7
TXN_8949,2024-07-05 10:00:00,CUST_487,Electronics,2,175.58,52.33,2024,7,July,Friday,351.16,104.66,246.5,70.2
TXN_8950,2024-07-05 10:30:00,CUST_239,Electronics,3,524.33,78.82,2024,7,July,Friday,1572.99,236.46,1336.53,84.97
TXN_8951,2024-07-05 11:00:00,CUST_128,Home Goods,2,78.87,259.48,2024,7,July,Friday,157.74,518.96,-361.22,-229.0
TXN_8952,2024-07-05 11:30:00,CUST_490,Apparel,2,136.45,21.95,2024,7,July,Friday,272.9,43.9,229.0,83.91
TXN_8953,2024-07-05 12:00:00,CUST_369,Electronics,3,582.72,48.01,2024,7,July,Friday,1748.16,144.03,1604.13,91.76
TXN_8955,2024-07-05 13:00:00,CUST_111,Apparel,2,534.55,16.86,2024,7,July,Friday,1069.1,33.72,1035.38,96.85
TXN_8956,2024-07-05 13:30:00,CUST_454,Apparel,1,426.8,42.43,2024,7,July,Friday,426.8,42.43,384.37,90.06
TXN_8960,2024-07-05 15:30:00,CUST_131,Electronics,5,560.3,32.47,2024,7,July,Friday,2801.5,162.35,2639.15,94.2
TXN_8961,2024-07-05 16:00:00,CUST_173,Electronics,3,261.35,302.73,2024,7,July,Friday,784.05,908.19,-124.14,-15.83
TXN_8963,2024-07-05 17:00:00,CUST_436,Electronics,3,80.8,44.26,2024,7,July,Friday,242.4,132.78,109.62,45.22
TXN_8965,2024-07-05 18:00:00,CUST_400,Home Goods,1,138.37,27.0,2024,7,July,Friday,138.37,27.0,111.37,80.49
TXN_8966,2024-07-05 18:30:00,CUST_461,Home Goods,1,60.36,210.73,2024,7,July,Friday,60.36,210.73,-150.37,-249.12
TXN_8967,2024-07-05 19:00:00,CUST_236,Apparel,1,598.2,237.92,2024,7,July,Friday,598.2,237.92,360.28,60.23
TXN_8968,2024-07-05 19:30:00,CUST_199,Apparel,1,172.73,221.02,2024,7,July,Friday,172.73,221.02,-48.29,-27.96
TXN_8969,2024-07-05 20:00:00,CUST_245,Electronics,4,97.52,194.1,2024,7,July,Friday,390.08,776.4,-386.32,-99.04
TXN_8970,2024-07-05 20:30:00,CUST_108,Electronics,3,424.2,69.39,2024,7,July,Friday,1272.6,208.17,1064.43,83.64
TXN_8971,2024-07-05 21:00:00,CUST_161,Electronics,2,495.68,295.92,2024,7,July,Friday,991.36,591.84,399.52,40.3
TXN_8972,2024-07-05 21:30:00,CUST_284,Home Goods,3,52.49,121.37,2024,7,July,Friday,157.47,364.11,-206.64,-131.22
TXN_8974,2024-07-05 22:30:00,CUST_480,Home Goods,3,67.75,140.85,2024,7,July,Friday,203.25,422.55,-219.3,-107.9
TXN_8975,2024-07-05 23:00:00,CUST_213,Apparel,3,42.47,99.42,2024,7,July,Friday,127.41,298.26,-170.85,-134.09
TXN_8976,2024-07-05 23:30:00,CUST_242,Electronics,1,400.78,314.05,2024,7,July,Friday,400.78,314.05,86.73,21.64
TXN_8977,2024-07-06 00:00:00,CUST_489,Electronics,1,359.16,202.92,2024,7,July,Saturday,359.16,202.92,156.24,43.5
TXN_8978,2024-07-06 00:30:00,CUST_219,Apparel,4,402.74,255.43,2024,7,July,Saturday,1610.96,1021.72,589.24,36.58
TXN_8980,2024-07-06 01:30:00,CUST_256,Apparel,3,493.24,311.55,2024,7,July,Saturday,1479.72,934.65,545.07,36.84
TXN_8981,2024-07-06 02:00:00,CUST_434,Electronics,5,334.8,322.03,2024,7,July,Saturday,1674.0,1610.15,63.85,3.81
TXN_8984,2024-07-06 03:30:00,CUST_181,Unknown,4,477.54,230.21,2024,7,July,Saturday,1910.16,920.84,989.32,51.79
TXN_8986,2024-07-06 04:30:00,CUST_271,Apparel,1,269.61,221.63,2024,7,July,Saturday,269.61,221.63,47.98,17.8
TXN_8988,2024-07-06 05:30:00,CUST_307,Apparel,3,77.98,126.89,2024,7,July,Saturday,233.94,380.67,-146.73,-62.72
TXN_8989,2024-07-06 06:00:00,CUST_174,Electronics,1,345.48,321.13,2024,7,July,Saturday,345.48,321.13,24.35,7.05
TXN_8991,2024-07-06 07:00:00,CUST_486,Electronics,2,454.0,132.0,2024,7,July,Saturday,908.0,264.0,644.0,70.93
TXN_8992,2024-07-06 07:30:00,CUST_213,Home Goods,1,361.02,178.12,2024,7,July,Saturday,361.02,178.12,182.9,50.66
TXN_8993,2024-07-06 08:00:00,CUST_161,Apparel,1,277.12,232.06,2024,7,July,Saturday,277.12,232.06,45.06,16.26
TXN_8994,2024-07-06 08:30:00,CUST_461,Electronics,4,167.56,110.01,2024,7,July,Saturday,670.24,440.04,230.2,34.35
TXN_8995,2024-07-06 09:00:00,CUST_419,Home Goods,2,547.01,324.24,2024,7,July,Saturday,1094.02,648.48,445.54,40.73
TXN_8997,2024-07-06 10:00:00,CUST_461,Electronics,5,482.41,281.77,2024,7,July,Saturday,2412.05,1408.85,1003.2,41.59
TXN_8998,2024-07-06 10:30:00,CUST_309,Electronics,5,33.52,48.88,2024,7,July,Saturday,167.6,244.4,-76.8,-45.82
TXN_8999,2024-07-06 11:00:00,CUST_354,Apparel,5,150.82,36.62,2024,7,July,Saturday,754.1,183.1,571.0,75.72
TXN_9000,2024-07-06 11:30:00,CUST_119,Apparel,3,217.17,179.36,2024,7,July,Saturday,651.51,538.08,113.43,17.41
TXN_9001,2024-07-06 12:00:00,CUST_157,Apparel,5,407.87,270.22,2024,7,July,Saturday,2039.35,1351.1,688.25,33.75
TXN_9002,2024-07-06 12:30:00,CUST_211,Apparel,3,201.81,51.9,2024,7,July,Saturday,605.43,155.7,449.73,74.28
TXN_9005,2024-07-06 14:00:00,CUST_474,Electronics,1,166.61,256.84,2024,7,July,Saturday,166.61,256.84,-90.23,-54.16
TXN_9006,2024-07-06 14:30:00,CUST_452,Home Goods,5,117.99,158.03,2024,7,July,Saturday,589.95,790.15,-200.2,-33.94
TXN_9007,2024-07-06 15:00:00,CUST_191,Apparel,4,134.18,245.72,2024,7,July,Saturday,536.72,982.88,-446.16,-83.13
TXN_9009,2024-07-06 16:00:00,CUST_392,Apparel,2,256.04,82.96,2024,7,July,Saturday,512.08,165.92,346.16,67.6
TXN_9010,2024-07-06 16:30:00,CUST_107,Apparel,2,252.03,317.13,2024,7,July,Saturday,504.06,634.26,-130.2,-25.83
TXN_9012,2024-07-06 17:30:00,CUST_197,Home Goods,1,276.32,345.07,2024,7,July,Saturday,276.32,345.07,-68.75,-24.88
TXN_9014,2024-07-06 18:30:00,CUST_488,Electronics,2,189.95,178.6,2024,7,July,Saturday,379.9,357.2,22.7,5.98
TXN_9015,2024-07-06 19:00:00,CUST_473,Apparel,2,249.37,120.5,2024,7,July,Saturday,498.74,241.0,257.74,51.68
TXN_9017,2024-07-06 20:00:00,CUST_144,Electronics,1,334.46,346.61,2024,7,July,Saturday,334.46,346.61,-12.15,-3.63
TXN_9019,2024-07-06 21:00:00,CUST_333,Unknown,1,160.15,100.87,2024,7,July,Saturday,160.15,100.87,59.28,37.02
TXN_9020,2024-07-06 21:30:00,CUST_131,Apparel,1,479.25,264.89,2024,7,July,Saturday,479.25,264.89,214.36,44.73
TXN_9021,2024-07-06 22:00:00,CUST_388,Apparel,4,305.47,312.49,2024,7,July,Saturday,1221.88,1249.96,-28.08,-2.3
TXN_9022,2024-07-06 22:30:00,CUST_225,Apparel,1,19.12,235.66,2024,7,July,Saturday,19.12,235.66,-216.54,-1132.53
TXN_9023,2024-07-06 23:00:00,CUST_166,Electronics,1,360.93,304.0,2024,7,July,Saturday,360.93,304.0,56.93,15.77
TXN_9024,2024-07-06 23:30:00,CUST_129,Apparel,1,481.86,31.52,2024,7,July,Saturday,481.86,31.52,450.34,93.46
TXN_9026,2024-07-07 00:30:00,CUST_303,Unknown,5,37.15,248.06,2024,7,July,Sunday,185.75,1240.3,-1054.55,-567.73
TXN_9028,2024-07-07 01:30:00,CUST_230,Electronics,5,586.12,274.51,2024,7,July,Sunday,2930.6,1372.55,1558.05,53.16
TXN_9029,2024-07-07 02:00:00,CUST_284,Electronics,4,59.79,331.05,2024,7,July,Sunday,239.16,1324.2,-1085.04,-453.69
TXN_9030,2024-07-07 02:30:00,CUST_352,Electronics,4,563.75,315.31,2024,7,July,Sunday,2255.0,1261.24,993.76,44.07
TXN_9031,2024-07-07 03:00:00,CUST_385,Apparel,2,225.18,93.29,2024,7,July,Sunday,450.36,186.58,263.78,58.57
TXN_9035,2024-07-07 05:00:00,CUST_102,Home Goods,5,474.71,334.34,2024,7,July,Sunday,2373.55,1671.7,701.85,29.57
TXN_9036,2024-07-07 05:30:00,CUST_167,Apparel,4,31.38,64.94,2024,7,July,Sunday,125.52,259.76,-134.24,-106.95
TXN_9037,2024-07-07 06:00:00,CUST_124,Home Goods,4,53.28,268.88,2024,7,July,Sunday,213.12,1075.52,-862.4,-404.65
TXN_9039,2024-07-07 07:00:00,CUST_240,Electronics,2,90.83,205.07,2024,7,July,Sunday,181.66,410.14,-228.48,-125.77
TXN_9040,2024-07-07 07:30:00,CUST_330,Home Goods,1,284.71,26.04,2024,7,July,Sunday,284.71,26.04,258.67,90.85
TXN_9041,2024-07-07 08:00:00,CUST_399,Apparel,3,573.46,79.7,2024,7,July,Sunday,1720.38,239.1,1481.28,86.1
TXN_9042,2024-07-07 08:30:00,CUST_262,Apparel,2,187.43,161.09,2024,7,July,Sunday,374.86,322.18,52.68,14.05
TXN_9045,2024-07-07 10:00:00,CUST_229,Apparel,3,383.45,20.25,2024,7,July,Sunday,1150.35,60.75,1089.6,94.72
TXN_9046,2024-07-07 10:30:00,CUST_345,Home Goods,2,128.4,61.85,2024,7,July,Sunday,256.8,123.7,133.1,51.83
TXN_9047,2024-07-07 11:00:00,CUST_396,Home Goods,2,167.06,258.13,2024,7,July,Sunday,334.12,516.26,-182.14,-54.51
TXN_9048,2024-07-07 11:30:00,CUST_271,Apparel,1,517.38,286.44,2024,7,July,Sunday,517.38,286.44,230.94,44.64
TXN_9049,2024-07-07 12:00:00,CUST_163,Apparel,4,489.63,90.43,2024,7,July,Sunday,1958.52,361.72,1596.8,81.53
TXN_9050,2024-07-07 12:30:00,CUST_130,Home Goods,5,476.68,88.08,2024,7,July,Sunday,2383.4,440.4,1943.0,81.52
TXN_9051,2024-07-07 13:00:00,CUST_146,Apparel,2,465.99,39.93,2024,7,July,Sunday,931.98,79.86,852.12,91.43
TXN_9052,2024-07-07 13:30:00,CUST_229,Apparel,1,283.77,61.1,2024,7,July,Sunday,283.77,61.1,222.67,78.47
TXN_9054,2024-07-07 14:30:00,CUST_432,Home Goods,3,241.51,210.54,2024,7,July,Sunday,724.53,631.62,92.91,12.82
TXN_9058,2024-07-07 16:30:00,CUST_205,Home Goods,4,243.65,205.04,2024,7,July,Sunday,974.6,820.16,154.44,15.85
TXN_9060,2024-07-07 17:30:00,CUST_429,Home Goods,2,365.51,281.36,2024,7,July,Sunday,731.02,562.72,168.3,23.02
TXN_9061,2024-07-07 18:00:00,CUST_355,Electronics,3,226.5,299.93,2024,7,July,Sunday,679.5,899.79,-220.29,-32.42
TXN_9062,2024-07-07 18:30:00,CUST_411,Home Goods,2,427.77,227.31,2024,7,July,Sunday,855.54,454.62,400.92,46.86
TXN_9064,2024-07-07 19:30:00,CUST_482,Electronics,5,552.9,129.3,2024,7,July,Sunday,2764.5,646.5,2118.0,76.61
TXN_9067,2024-07-07 21:00:00,CUST_170,Apparel,5,408.35,259.67,2024,7,July,Sunday,2041.75,1298.35,743.4,36.41
TXN_9069,2024-07-07 22:00:00,CUST_473,Home Goods,4,232.36,304.75,2024,7,July,Sunday,929.44,1219.0,-289.56,-31.15
TXN_9070,2024-07-07 22:30:00,CUST_154,Apparel,3,193.68,128.63,2024,7,July,Sunday,581.04,385.89,195.15,33.59
TXN_9071,2024-07-07 23:00:00,CUST_422,Apparel,5,115.85,111.41,2024,7,July,Sunday,579.25,557.05,22.2,3.83
TXN_9072,2024-07-07 23:30:00,CUST_496,Electronics,1,170.19,221.93,2024,7,July,Sunday,170.19,221.93,-51.74,-30.4
TXN_9073,2024-07-08 00:00:00,CUST_102,Home Goods,4,308.61,203.32,2024,7,July,Monday,1234.44,813.28,421.16,34.12
TXN_9074,2024-07-08 00:30:00,CUST_125,Electronics,2,505.06,193.01,2024,7,July,Monday,1010.12,386.02,624.1,61.78
TXN_9076,2024-07-08 01:30:00,CUST_225,Home Goods,3,107.28,336.32,2024,7,July,Monday,321.84,1008.96,-687.12,-213.5
TXN_9077,2024-07-08 02:00:00,CUST_152,Electronics,3,174.2,333.04,2024,7,July,Monday,522.6,999.12,-476.52,-91.18
TXN_9079,2024-07-08 03:00:00,CUST_398,Electronics,1,557.12,124.86,2024,7,July,Monday,557.12,124.86,432.26,77.59
TXN_9082,2024-07-08 04:30:00,CUST_404,Home Goods,5,159.49,311.42,2024,7,July,Monday,797.45,1557.1,-759.65,-95.26
TXN_9084,2024-07-08 05:30:00,CUST_303,Apparel,3,16.04,295.49,2024,7,July,Monday,48.12,886.47,-838.35,-1742.21
TXN_9085,2024-07-08 06:00:00,CUST_110,Apparel,1,366.34,249.14,2024,7,July,Monday,366.34,249.14,117.2,31.99
TXN_9087,2024-07-08 07:00:00,CUST_453,Electronics,1,312.51,133.7,2024,7,July,Monday,312.51,133.7,178.81,57.22
TXN_9089,2024-07-08 08:00:00,CUST_184,Home Goods,2,143.04,98.21,2024,7,July,Monday,286.08,196.42,89.66,31.34
TXN_9090,2024-07-08 08:30:00,CUST_199,Apparel,1,554.63,201.1,2024,7,July,Monday,554.63,201.1,353.53,63.74
TXN_9091,2024-07-08 09:00:00,CUST_203,Electronics,4,24.96,66.72,2024,7,July,Monday,99.84,266.88,-167.04,-167.31
TXN_9092,2024-07-08 09:30:00,CUST_145,Electronics,3,245.95,69.43,2024,7,July,Monday,737.85,208.29,529.56,71.77
TXN_9093,2024-07-08 10:00:00,CUST_143,Apparel,4,477.0,13.53,2024,7,July,Monday,1908.0,54.12,1853.88,97.16
TXN_9095,2024-07-08 11:00:00,CUST_280,Apparel,1,294.4,348.08,2024,7,July,Monday,294.4,348.08,-53.68,-18.23
TXN_9096,2024-07-08 11:30:00,CUST_286,Apparel,1,151.0,312.33,2024,7,July,Monday,151.0,312.33,-161.33,-106.84
TXN_9097,2024-07-08 12:00:00,CUST_213,Apparel,4,365.83,249.93,2024,7,July,Monday,1463.32,999.72,463.6,31.68
TXN_9098,2024-07-08 12:30:00,CUST_354,Electronics,2,169.31,277.08,2024,7,July,Monday,338.62,554.16,-215.54,-63.65
TXN_9099,2024-07-08 13:00:00,CUST_480,Apparel,1,164.33,151.73,2024,7,July,Monday,164.33,151.73,12.6,7.67
TXN_9100,2024-07-08 13:30:00,CUST_479,Home Goods,4,487.45,111.35,2024,7,July,Monday,1949.8,445.4,1504.4,77.16
TXN_9101,2024-07-08 14:00:00,CUST_129,Unknown,4,105.25,135.33,2024,7,July,Monday,421.0,541.32,-120.32,-28.58
TXN_9102,2024-07-08 14:30:00,CUST_363,Apparel,3,18.23,37.68,2024,7,July,Monday,54.69,113.04,-58.35,-106.69
TXN_9103,2024-07-08 15:00:00,CUST_197,Electronics,2,212.01,225.49,2024,7,July,Monday,424.02,450.98,-26.96,-6.36
TXN_9104,2024-07-08 15:30:00,CUST_412,Unknown,5,302.22,69.45,2024,7,July,Monday,1511.1,347.25,1163.85,77.02
TXN_9105,2024-07-08 16:00:00,CUST_466,Apparel,4,427.47,269.38,2024,7,July,Monday,1709.88,1077.52,632.36,36.98
TXN_9106,2024-07-08 16:30:00,CUST_428,Electronics,3,471.95,74.59,2024,7,July,Monday,1415.85,223.77,1192.08,84.2
TXN_9107,2024-07-08 17:00:00,CUST_214,Electronics,5,403.16,87.56,2024,7,July,Monday,2015.8,437.8,1578.0,78.28
TXN_9108,2024-07-08 17:30:00,CUST_375,Electronics,3,381.51,335.48,2024,7,July,Monday,1144.53,1006.44,138.09,12.07
TXN_9109,2024-07-08 18:00:00,CUST_380,Electronics,3,404.46,45.83,2024,7,July,Monday,1213.38,137.49,1075.89,88.67
TXN_9111,2024-07-08 19:00:00,CUST_360,Home Goods,2,238.68,31.31,2024,7,July,Monday,477.36,62.62,414.74,86.88
TXN_9112,2024-07-08 19:30:00,CUST_430,Apparel,1,375.62,40.73,2024,7,July,Monday,375.62,40.73,334.89,89.16
TXN_9113,2024-07-08 20:00:00,CUST_306,Apparel,2,53.36,225.39,2024,7,July,Monday,106.72,450.78,-344.06,-322.4
TXN_9114,2024-07-08 20:30:00,CUST_483,Home Goods,5,187.77,224.45,2024,7,July,Monday,938.85,1122.25,-183.4,-19.53
TXN_9116,2024-07-08 21:30:00,CUST_310,Home Goods,2,327.06,306.65,2024,7,July,Monday,654.12,613.3,40.82,6.24
TXN_9117,2024-07-08 22:00:00,CUST_314,Unknown,1,299.59,248.74,2024,7,July,Monday,299.59,248.74,50.85,16.97
TXN_9118,2024-07-08 22:30:00,CUST_139,Apparel,2,435.11,112.21,2024,7,July,Monday,870.22,224.42,645.8,74.21
TXN_9119,2024-07-08 23:00:00,CUST_125,Unknown,2,291.95,94.45,2024,7,July,Monday,583.9,188.9,395.0,67.65
TXN_9120,2024-07-08 23:30:00,CUST_126,Apparel,2,543.92,266.46,2024,7,July,Monday,1087.84,532.92,554.92,51.01
TXN_9121,2024-07-09 00:00:00,CUST_289,Electronics,4,237.49,259.43,2024,7,July,Tuesday,949.96,1037.72,-87.76,-9.24
TXN_9122,2024-07-09 00:30:00,CUST_182,Apparel,4,322.34,60.6,2024,7,July,Tuesday,1289.36,242.4,1046.96,81.2
TXN_9123,2024-07-09 01:00:00,CUST_483,Apparel,2,16.88,128.72,2024,7,July,Tuesday,33.76,257.44,-223.68,-662.56
TXN_9124,2024-07-09 01:30:00,CUST_269,Home Goods,1,196.63,83.67,2024,7,July,Tuesday,196.63,83.67,112.96,57.45
TXN_9126,2024-07-09 02:30:00,CUST_287,Apparel,1,210.14,107.77,2024,7,July,Tuesday,210.14,107.77,102.37,48.72
TXN_9127,2024-07-09 03:00:00,CUST_268,Electronics,1,163.11,341.85,2024,7,July,Tuesday,163.11,341.85,-178.74,-109.58
TXN_9128,2024-07-09 03:30:00,CUST_388,Electronics,1,332.97,265.07,2024,7,July,Tuesday,332.97,265.07,67.9,20.39
TXN_9131,2024-07-09 05:00:00,CUST_466,Home Goods,3,192.64,10.18,2024,7,July,Tuesday,577.92,30.54,547.38,94.72
TXN_9132,2024-07-09 05:30:00,CUST_115,Electronics,2,239.12,29.77,2024,7,July,Tuesday,478.24,59.54,418.7,87.55
TXN_9135,2024-07-09 07:00:00,CUST_125,Electronics,2,275.97,75.6,2024,7,July,Tuesday,551.94,151.2,400.74,72.61
TXN_9136,2024-07-09 07:30:00,CUST_451,Apparel,3,352.85,26.88,2024,7,July,Tuesday,1058.55,80.64,977.91,92.38
TXN_9137,2024-07-09 08:00:00,CUST_111,Electronics,1,463.61,307.8,2024,7,July,Tuesday,463.61,307.8,155.81,33.61
TXN_9138,2024-07-09 08:30:00,CUST_171,Apparel,5,451.28,214.04,2024,7,July,Tuesday,2256.4,1070.2,1186.2,52.57
TXN_9139,2024-07-09 09:00:00,CUST_232,Electronics,5,123.41,46.51,2024,7,July,Tuesday,617.05,232.55,384.5,62.31
TXN_9140,2024-07-09 09:30:00,CUST_205,Electronics,3,191.04,270.58,2024,7,July,Tuesday,573.12,811.74,-238.62,-41.64
TXN_9142,2024-07-09 10:30:00,CUST_472,Apparel,5,124.71,108.4,2024,7,July,Tuesday,623.55,542.0,81.55,13.08
TXN_9143,2024-07-09 11:00:00,CUST_276,Electronics,4,22.11,74.07,2024,7,July,Tuesday,88.44,296.28,-207.84,-235.01
TXN_9144,2024-07-09 11:30:00,CUST_381,Apparel,2,116.77,286.75,2024,7,July,Tuesday,233.54,573.5,-339.96,-145.57
TXN_9145,2024-07-09 12:00:00,CUST_232,Home Goods,5,487.82,122.05,2024,7,July,Tuesday,2439.1,610.25,1828.85,74.98
TXN_9150,2024-07-09 14:30:00,CUST_378,Electronics,4,222.34,238.5,2024,7,July,Tuesday,889.36,954.0,-64.64,-7.27
TXN_9151,2024-07-09 15:00:00,CUST_452,Home Goods,2,287.65,349.05,2024,7,July,Tuesday,575.3,698.1,-122.8,-21.35
TXN_9152,2024-07-09 15:30:00,CUST_334,Home Goods,4,52.56,150.25,2024,7,July,Tuesday,210.24,601.0,-390.76,-185.86
TXN_9153,2024-07-09 16:00:00,CUST_117,Home Goods,2,364.3,44.11,2024,7,July,Tuesday,728.6,88.22,640.38,87.89
TXN_9154,2024-07-09 16:30:00,CUST_341,Home Goods,2,223.5,118.01,2024,7,July,Tuesday,447.0,236.02,210.98,47.2
TXN_9156,2024-07-09 17:30:00,CUST_385,Apparel,5,262.22,270.36,2024,7,July,Tuesday,1311.1,1351.8,-40.7,-3.1
TXN_9158,2024-07-09 18:30:00,CUST_243,Home Goods,3,349.89,334.22,2024,7,July,Tuesday,1049.67,1002.66,47.01,4.48
TXN_9159,2024-07-09 19:00:00,CUST_304,Apparel,5,261.93,221.54,2024,7,July,Tuesday,1309.65,1107.7,201.95,15.42
TXN_9161,2024-07-09 20:00:00,CUST_253,Electronics,1,378.26,204.59,2024,7,July,Tuesday,378.26,204.59,173.67,45.91
TXN_9162,2024-07-09 20:30:00,CUST_275,Home Goods,4,529.55,163.43,2024,7,July,Tuesday,2118.2,653.72,1464.48,69.14
TXN_9164,2024-07-09 21:30:00,CUST_485,Apparel,1,589.25,127.01,2024,7,July,Tuesday,589.25,127.01,462.24,78.45
TXN_9165,2024-07-09 22:00:00,CUST_468,Unknown,2,96.36,307.49,2024,7,July,Tuesday,192.72,614.98,-422.26,-219.11
TXN_9167,2024-07-09 23:00:00,CUST_145,Unknown,5,330.47,239.37,2024,7,July,Tuesday,1652.35,1196.85,455.5,27.57
TXN_9168,2024-07-09 23:30:00,CUST_149,Apparel,1,152.99,97.93,2024,7,July,Tuesday,152.99,97.93,55.06,35.99
TXN_9169,2024-07-10 00:00:00,CUST_265,Electronics,1,35.21,339.91,2024,7,July,Wednesday,35.21,339.91,-304.7,-865.38
TXN_9172,2024-07-10 01:30:00,CUST_245,Apparel,1,169.3,83.35,2024,7,July,Wednesday,169.3,83.35,85.95,50.77
TXN_9175,2024-07-10 03:00:00,CUST_372,Apparel,2,90.72,332.74,2024,7,July,Wednesday,181.44,665.48,-484.04,-266.78
TXN_9177,2024-07-10 04:00:00,CUST_285,Apparel,2,486.7,156.42,2024,7,July,Wednesday,973.4,312.84,660.56,67.86
TXN_9182,2024-07-10 06:30:00,CUST_125,Apparel,2,175.65,236.85,2024,7,July,Wednesday,351.3,473.7,-122.4,-34.84
TXN_9183,2024-07-10 07:00:00,CUST_239,Home Goods,1,589.2,116.97,2024,7,July,Wednesday,589.2,116.97,472.23,80.15
TXN_9184,2024-07-10 07:30:00,CUST_198,Electronics,4,331.23,334.55,2024,7,July,Wednesday,1324.92,1338.2,-13.28,-1.0
TXN_9185,2024-07-10 08:00:00,CUST_497,Home Goods,5,127.32,261.51,2024,7,July,Wednesday,636.6,1307.55,-670.95,-105.4
TXN_9186,2024-07-10 08:30:00,CUST_377,Apparel,5,517.4,318.37,2024,7,July,Wednesday,2587.0,1591.85,995.15,38.47
TXN_9187,2024-07-10 09:00:00,CUST_150,Apparel,2,201.89,325.26,2024,7,July,Wednesday,403.78,650.52,-246.74,-61.11
TXN_9188,2024-07-10 09:30:00,CUST_250,Electronics,1,183.95,265.26,2024,7,July,Wednesday,183.95,265.26,-81.31,-44.2
TXN_9191,2024-07-10 11:00:00,CUST_240,Electronics,4,116.33,120.53,2024,7,July,Wednesday,465.32,482.12,-16.8,-3.61
TXN_9192,2024-07-10 11:30:00,CUST_312,Apparel,3,238.34,238.38,2024,7,July,Wednesday,715.02,715.14,-0.12,-0.02
TXN_9194,2024-07-10 12:30:00,CUST_493,Apparel,2,498.58,69.55,2024,7,July,Wednesday,997.16,139.1,858.06,86.05
TXN_9195,2024-07-10 13:00:00,CUST_282,Apparel,3,214.32,217.07,2024,7,July,Wednesday,642.96,651.21,-8.25,-1.28
TXN_9196,2024-07-10 13:30:00,CUST_350,Apparel,5,160.18,137.56,2024,7,July,Wednesday,800.9,687.8,113.1,14.12
TXN_9197,2024-07-10 14:00:00,CUST_108,Apparel,5,354.24,93.06,2024,7,July,Wednesday,1771.2,465.3,1305.9,73.73
TXN_9199,2024-07-10 15:00:00,CUST_151,Apparel,4,490.54,306.47,2024,7,July,Wednesday,1962.16,1225.88,736.28,37.52
TXN_9200,2024-07-10 15:30:00,CUST_485,Electronics,4,218.45,56.2,2024,7,July,Wednesday,873.8,224.8,649.0,74.27
TXN_9201,2024-07-10 16:00:00,CUST_368,Electronics,3,490.2,308.56,2024,7,July,Wednesday,1470.6,925.68,544.92,37.05
TXN_9203,2024-07-10 17:00:00,CUST_150,Apparel,5,74.17,221.16,2024,7,July,Wednesday,370.85,1105.8,-734.95,-198.18
TXN_9204,2024-07-10 17:30:00,CUST_285,Electronics,4,510.09,291.74,2024,7,July,Wednesday,2040.36,1166.96,873.4,42.81
TXN_9205,2024-07-10 18:00:00,CUST_133,Home Goods,4,335.37,183.21,2024,7,July,Wednesday,1341.48,732.84,608.64,45.37
TXN_9206,2024-07-10 18:30:00,CUST_390,Apparel,5,367.44,131.48,2024,7,July,Wednesday,1837.2,657.4,1179.8,64.22
TXN_9208,2024-07-10 19:30:00,CUST_230,Electronics,5,342.1,203.94,2024,7,July,Wednesday,1710.5,1019.7,690.8,40.39
TXN_9209,2024-07-10 20:00:00,CUST_219,Electronics,1,18.27,198.08,2024,7,July,Wednesday,18.27,198.08,-179.81,-984.18
TXN_9211,2024-07-10 21:00:00,CUST_346,Home Goods,4,181.58,214.02,2024,7,July,Wednesday,726.32,856.08,-129.76,-17.87
TXN_9212,2024-07-10 21:30:00,CUST_291,Electronics,3,308.53,159.38,2024,7,July,Wednesday,925.59,478.14,447.45,48.34
TXN_9214,2024-07-10 22:30:00,CUST_309,Apparel,2,188.74,200.23,2024,7,July,Wednesday,377.48,400.46,-22.98,-6.09
TXN_9215,2024-07-10 23:00:00,CUST_202,Electronics,2,416.69,327.45,2024,7,July,Wednesday,833.38,654.9,178.48,21.42
TXN_9216,2024-07-10 23:30:00,CUST_428,Apparel,5,266.3,186.11,2024,7,July,Wednesday,1331.5,930.55,400.95,30.11
TXN_9220,2024-07-11 01:30:00,CUST_238,Home Goods,3,347.48,134.71,2024,7,July,Thursday,1042.44,404.13,638.31,61.23
TXN_9221,2024-07-11 02:00:00,CUST_220,Electronics,1,469.89,146.06,2024,7,July,Thursday,469.89,146.06,323.83,68.92
TXN_9222,2024-07-11 02:30:00,CUST_193,Unknown,4,433.35,327.25,2024,7,July,Thursday,1733.4,1309.0,424.4,24.48
TXN_9223,2024-07-11 03:00:00,CUST_228,Apparel,1,330.81,85.92,2024,7,July,Thursday,330.81,85.92,244.89,74.03
TXN_9225,2024-07-11 04:00:00,CUST_191,Electronics,3,253.39,292.27,2024,7,July,Thursday,760.17,876.81,-116.64,-15.34
TXN_9226,2024-07-11 04:30:00,CUST_162,Electronics,1,268.38,206.15,2024,7,July,Thursday,268.38,206.15,62.23,23.19
TXN_9227,2024-07-11 05:00:00,CUST_128,Apparel,5,219.07,106.78,2024,7,July,Thursday,1095.35,533.9,561.45,51.26
TXN_9228,2024-07-11 05:30:00,CUST_309,Apparel,2,423.96,157.02,2024,7,July,Thursday,847.92,314.04,533.88,62.96
TXN_9229,2024-07-11 06:00:00,CUST_111,Electronics,5,88.37,188.47,2024,7,July,Thursday,441.85,942.35,-500.5,-113.27
TXN_9230,2024-07-11 06:30:00,CUST_432,Unknown,4,580.96,211.33,2024,7,July,Thursday,2323.84,845.32,1478.52,63.62
TXN_9231,2024-07-11 07:00:00,CUST_396,Home Goods,5,470.71,289.16,2024,7,July,Thursday,2353.55,1445.8,907.75,38.57
TXN_9232,2024-07-11 07:30:00,CUST_229,Apparel,3,189.43,144.08,2024,7,July,Thursday,568.29,432.24,136.05,23.94
TXN_9234,2024-07-11 08:30:00,CUST_272,Apparel,3,431.11,293.82,2024,7,July,Thursday,1293.33,881.46,411.87,31.85
TXN_9235,2024-07-11 09:00:00,CUST_307,Apparel,4,444.6,296.88,2024,7,July,Thursday,1778.4,1187.52,590.88,33.23
TXN_9236,2024-07-11 09:30:00,CUST_123,Apparel,4,578.72,96.44,2024,7,July,Thursday,2314.88,385.76,1929.12,83.34
TXN_9237,2024-07-11 10:00:00,CUST_198,Home Goods,2,163.42,129.06,2024,7,July,Thursday,326.84,258.12,68.72,21.03
TXN_9238,2024-07-11 10:30:00,CUST_455,Electronics,1,63.39,212.27,2024,7,July,Thursday,63.39,212.27,-148.88,-234.86
TXN_9239,2024-07-11 11:00:00,CUST_238,Electronics,2,550.35,311.16,2024,7,July,Thursday,1100.7,622.32,478.38,43.46
TXN_9240,2024-07-11 11:30:00,CUST_413,Electronics,5,166.31,278.75,2024,7,July,Thursday,831.55,1393.75,-562.2,-67.61
TXN_9241,2024-07-11 12:00:00,CUST_273,Home Goods,1,437.1,208.55,2024,7,July,Thursday,437.1,208.55,228.55,52.29
TXN_9242,2024-07-11 12:30:00,CUST_128,Apparel,4,50.49,344.47,2024,7,July,Thursday,201.96,1377.88,-1175.92,-582.25
TXN_9243,2024-07-11 13:00:00,CUST_242,Electronics,3,459.94,159.26,2024,7,July,Thursday,1379.82,477.78,902.04,65.37
TXN_9244,2024-07-11 13:30:00,CUST_415,Electronics,5,89.31,296.43,2024,7,July,Thursday,446.55,1482.15,-1035.6,-231.91
TXN_9245,2024-07-11 14:00:00,CUST_450,Electronics,2,421.92,288.26,2024,7,July,Thursday,843.84,576.52,267.32,31.68
TXN_9249,2024-07-11 16:00:00,CUST_429,Electronics,4,185.85,76.51,2024,7,July,Thursday,743.4,306.04,437.36,58.83
TXN_9251,2024-07-11 17:00:00,CUST_259,Apparel,1,529.33,300.32,2024,7,July,Thursday,529.33,300.32,229.01,43.26
TXN_9253,2024-07-11 18:00:00,CUST_342,Electronics,1,327.96,124.23,2024,7,July,Thursday,327.96,124.23,203.73,62.12
TXN_9254,2024-07-11 18:30:00,CUST_357,Electronics,3,91.9,26.08,2024,7,July,Thursday,275.7,78.24,197.46,71.62
TXN_9255,2024-07-11 19:00:00,CUST_251,Apparel,4,301.08,183.35,2024,7,July,Thursday,1204.32,733.4,470.92,39.1
TXN_9256,2024-07-11 19:30:00,CUST_314,Electronics,4,248.24,171.19,2024,7,July,Thursday,992.96,684.76,308.2,31.04
TXN_9257,2024-07-11 20:00:00,CUST_421,Electronics,5,199.71,39.16,2024,7,July,Thursday,998.55,195.8,802.75,80.39
TXN_9258,2024-07-11 20:30:00,CUST_265,Home Goods,5,466.73,280.26,2024,7,July,Thursday,2333.65,1401.3,932.35,39.95
TXN_9260,2024-07-11 21:30:00,CUST_470,Electronics,1,393.31,229.56,2024,7,July,Thursday,393.31,229.56,163.75,41.63
TXN_9263,2024-07-11 23:00:00,CUST_128,Electronics,2,451.36,261.35,2024,7,July,Thursday,902.72,522.7,380.02,42.1
TXN_9264,2024-07-11 23:30:00,CUST_294,Apparel,1,180.24,142.06,2024,7,July,Thursday,180.24,142.06,38.18,21.18
TXN_9266,2024-07-12 00:30:00,CUST_355,Unknown,5,97.72,73.73,2024,7,July,Friday,488.6,368.65,119.95,24.55
TXN_9267,2024-07-12 01:00:00,CUST_380,Apparel,5,83.48,345.04,2024,7,July,Friday,417.4,1725.2,-1307.8,-313.32
TXN_9268,2024-07-12 01:30:00,CUST_403,Electronics,5,388.6,280.68,2024,7,July,Friday,1943.0,1403.4,539.6,27.77
TXN_9269,2024-07-12 02:00:00,CUST_420,Electronics,1,512.9,278.24,2024,7,July,Friday,512.9,278.24,234.66,45.75
TXN_9270,2024-07-12 02:30:00,CUST_422,Home Goods,4,54.34,62.15,2024,7,July,Friday,217.36,248.6,-31.24,-14.37
TXN_9272,2024-07-12 03:30:00,CUST_492,Apparel,2,345.88,209.03,2024,7,July,Friday,691.76,418.06,273.7,39.57
TXN_9273,2024-07-12 04:00:00,CUST_393,Home Goods,2,142.65,59.0,2024,7,July,Friday,285.3,118.0,167.3,58.64
TXN_9274,2024-07-12 04:30:00,CUST_186,Apparel,5,372.91,275.35,2024,7,July,Friday,1864.55,1376.75,487.8,26.16
TXN_9275,2024-07-12 05:00:00,CUST_248,Apparel,3,140.51,151.47,2024,7,July,Friday,421.53,454.41,-32.88,-7.8
TXN_9276,2024-07-12 05:30:00,CUST_348,Home Goods,1,83.14,125.12,2024,7,July,Friday,83.14,125.12,-41.98,-50.49
TXN_9280,2024-07-12 07:30:00,CUST_478,Apparel,4,493.95,54.74,2024,7,July,Friday,1975.8,218.96,1756.84,88.92
TXN_9281,2024-07-12 08:00:00,CUST_297,Apparel,5,170.81,123.16,2024,7,July,Friday,854.05,615.8,238.25,27.9
TXN_9282,2024-07-12 08:30:00,CUST_143,Electronics,3,533.3,142.87,2024,7,July,Friday,1599.9,428.61,1171.29,73.21
TXN_9283,2024-07-12 09:00:00,CUST_455,Home Goods,5,235.57,110.91,2024,7,July,Friday,1177.85,554.55,623.3,52.92
TXN_9284,2024-07-12 09:30:00,CUST_127,Apparel,3,513.68,327.72,2024,7,July,Friday,1541.04,983.16,557.88,36.2
TXN_9285,2024-07-12 10:00:00,CUST_116,Home Goods,2,290.64,255.26,2024,7,July,Friday,581.28,510.52,70.76,12.17
TXN_9286,2024-07-12 10:30:00,CUST_226,Electronics,3,171.7,335.01,2024,7,July,Friday,515.1,1005.03,-489.93,-95.11
TXN_9287,2024-07-12 11:00:00,CUST_478,Apparel,2,167.25,307.33,2024,7,July,Friday,334.5,614.66,-280.16,-83.75
TXN_9288,2024-07-12 11:30:00,CUST_267,Electronics,2,347.09,266.54,2024,7,July,Friday,694.18,533.08,161.1,23.21
TXN_9289,2024-07-12 12:00:00,CUST_343,Home Goods,1,61.22,246.97,2024,7,July,Friday,61.22,246.97,-185.75,-303.41
TXN_9291,2024-07-12 13:00:00,CUST_175,Apparel,3,173.81,242.61,2024,7,July,Friday,521.43,727.83,-206.4,-39.58
TXN_9292,2024-07-12 13:30:00,CUST_330,Home Goods,4,211.34,74.16,2024,7,July,Friday,845.36,296.64,548.72,64.91
TXN_9293,2024-07-12 14:00:00,CUST_303,Electronics,4,151.48,230.36,2024,7,July,Friday,605.92,921.44,-315.52,-52.07
TXN_9294,2024-07-12 14:30:00,CUST_347,Unknown,3,16.76,185.1,2024,7,July,Friday,50.28,555.3,-505.02,-1004.42
TXN_9296,2024-07-12 15:30:00,CUST_313,Electronics,1,360.47,183.39,2024,7,July,Friday,360.47,183.39,177.08,49.12
TXN_9297,2024-07-12 16:00:00,CUST_314,Electronics,4,488.64,23.07,2024,7,July,Friday,1954.56,92.28,1862.28,95.28
TXN_9298,2024-07-12 16:30:00,CUST_257,Electronics,5,38.99,99.82,2024,7,July,Friday,194.95,499.1,-304.15,-156.01
TXN_9299,2024-07-12 17:00:00,CUST_168,Electronics,4,558.26,321.91,2024,7,July,Friday,2233.04,1287.64,945.4,42.34
TXN_9300,2024-07-12 17:30:00,CUST_492,Home Goods,1,208.57,337.2,2024,7,July,Friday,208.57,337.2,-128.63,-61.67
TXN_9301,2024-07-12 18:00:00,CUST_184,Unknown,2,549.15,257.69,2024,7,July,Friday,1098.3,515.38,582.92,53.07
TXN_9302,2024-07-12 18:30:00,CUST_366,Electronics,2,77.67,29.33,2024,7,July,Friday,155.34,58.66,96.68,62.24
TXN_9303,2024-07-12 19:00:00,CUST_168,Apparel,2,450.19,18.0,2024,7,July,Friday,900.38,36.0,864.38,96.0
TXN_9304,2024-07-12 19:30:00,CUST_198,Apparel,1,353.92,173.06,2024,7,July,Friday,353.92,173.06,180.86,51.1
TXN_9305,2024-07-12 20:00:00,CUST_446,Electronics,2,224.54,349.89,2024,7,July,Friday,449.08,699.78,-250.7,-55.83
TXN_9307,2024-07-12 21:00:00,CUST_260,Electronics,2,368.77,327.26,2024,7,July,Friday,737.54,654.52,83.02,11.26
TXN_9308,2024-07-12 21:30:00,CUST_193,Apparel,1,30.47,222.0,2024,7,July,Friday,30.47,222.0,-191.53,-628.59
TXN_9309,2024-07-12 22:00:00,CUST_273,Apparel,5,308.25,302.1,2024,7,July,Friday,1541.25,1510.5,30.75,2.0
TXN_9310,2024-07-12 22:30:00,CUST_264,Apparel,4,368.46,118.7,2024,7,July,Friday,1473.84,474.8,999.04,67.78
TXN_9311,2024-07-12 23:00:00,CUST_214,Electronics,1,443.53,19.3,2024,7,July,Friday,443.53,19.3,424.23,95.65
TXN_9312,2024-07-12 23:30:00,CUST_319,Home Goods,1,594.93,322.21,2024,7,July,Friday,594.93,322.21,272.72,45.84
TXN_9313,2024-07-13 00:00:00,CUST_130,Apparel,3,167.15,84.27,2024,7,July,Saturday,501.45,252.81,248.64,49.58
TXN_9314,2024-07-13 00:30:00,CUST_110,Home Goods,2,203.6,257.69,2024,7,July,Saturday,407.2,515.38,-108.18,-26.57
TXN_9316,2024-07-13 01:30:00,CUST_476,Home Goods,5,442.98,63.78,2024,7,July,Saturday,2214.9,318.9,1896.0,85.6
TXN_9318,2024-07-13 02:30:00,CUST_204,Apparel,3,584.98,121.88,2024,7,July,Saturday,1754.94,365.64,1389.3,79.17
TXN_9319,2024-07-13 03:00:00,CUST_126,Electronics,5,568.3,267.36,2024,7,July,Saturday,2841.5,1336.8,1504.7,52.95
TXN_9320,2024-07-13 03:30:00,CUST_326,Home Goods,2,529.44,23.34,2024,7,July,Saturday,1058.88,46.68,1012.2,95.59
TXN_9322,2024-07-13 04:30:00,CUST_458,Home Goods,2,234.93,236.14,2024,7,July,Saturday,469.86,472.28,-2.42,-0.52
TXN_9323,2024-07-13 05:00:00,CUST_200,Home Goods,2,569.77,68.3,2024,7,July,Saturday,1139.54,136.6,1002.94,88.01
TXN_9324,2024-07-13 05:30:00,CUST_120,Apparel,4,460.2,50.6,2024,7,July,Saturday,1840.8,202.4,1638.4,89.0
TXN_9325,2024-07-13 06:00:00,CUST_157,Electronics,5,113.55,142.67,2024,7,July,Saturday,567.75,713.35,-145.6,-25.65
TXN_9326,2024-07-13 06:30:00,CUST_488,Electronics,5,41.6,107.43,2024,7,July,Saturday,208.0,537.15,-329.15,-158.25
TXN_9327,2024-07-13 07:00:00,CUST_279,Unknown,3,140.47,230.69,2024,7,July,Saturday,421.41,692.07,-270.66,-64.23
TXN_9328,2024-07-13 07:30:00,CUST_440,Electronics,1,470.57,339.65,2024,7,July,Saturday,470.57,339.65,130.92,27.82
TXN_9329,2024-07-13 08:00:00,CUST_448,Electronics,2,384.54,11.52,2024,7,July,Saturday,769.08,23.04,746.04,97.0
TXN_9330,2024-07-13 08:30:00,CUST_119,Apparel,2,146.25,316.81,2024,7,July,Saturday,292.5,633.62,-341.12,-116.62
TXN_9332,2024-07-13 09:30:00,CUST_416,Electronics,3,97.67,235.76,2024,7,July,Saturday,293.01,707.28,-414.27,-141.38
TXN_9333,2024-07-13 10:00:00,CUST_137,Electronics,5,495.78,299.35,2024,7,July,Saturday,2478.9,1496.75,982.15,39.62
TXN_9334,2024-07-13 10:30:00,CUST_247,Apparel,4,479.58,204.98,2024,7,July,Saturday,1918.32,819.92,1098.4,57.26
TXN_9335,2024-07-13 11:00:00,CUST_124,Electronics,5,583.96,43.09,2024,7,July,Saturday,2919.8,215.45,2704.35,92.62
TXN_9336,2024-07-13 11:30:00,CUST_485,Home Goods,4,102.91,57.8,2024,7,July,Saturday,411.64,231.2,180.44,43.83
TXN_9337,2024-07-13 12:00:00,CUST_220,Electronics,4,545.37,278.36,2024,7,July,Saturday,2181.48,1113.44,1068.04,48.96
TXN_9338,2024-07-13 12:30:00,CUST_125,Home Goods,5,214.55,87.89,2024,7,July,Saturday,1072.75,439.45,633.3,59.04
TXN_9340,2024-07-13 13:30:00,CUST_422,Apparel,2,289.04,155.55,2024,7,July,Saturday,578.08,311.1,266.98,46.18
TXN_9341,2024-07-13 14:00:00,CUST_324,Electronics,4,381.74,113.24,2024,7,July,Saturday,1526.96,452.96,1074.0,70.34
TXN_9343,2024-07-13 15:00:00,CUST_406,Apparel,3,365.98,258.61,2024,7,July,Saturday,1097.94,775.83,322.11,29.34
TXN_9344,2024-07-13 15:30:00,CUST_360,Electronics,3,557.13,229.68,2024,7,July,Saturday,1671.39,689.04,982.35,58.77
TXN_9345,2024-07-13 16:00:00,CUST_112,Home Goods,4,164.19,136.71,2024,7,July,Saturday,656.76,546.84,109.92,16.74
TXN_9346,2024-07-13 16:30:00,CUST_495,Apparel,2,248.07,87.0,2024,7,July,Saturday,496.14,174.0,322.14,64.93
TXN_9347,2024-07-13 17:00:00,CUST_147,Home Goods,4,310.13,185.4,2024,7,July,Saturday,1240.52,741.6,498.92,40.22
TXN_9348,2024-07-13 17:30:00,CUST_412,Electronics,3,203.9,287.82,2024,7,July,Saturday,611.7,863.46,-251.76,-41.16
TXN_9350,2024-07-13 18:30:00,CUST_390,Unknown,3,439.52,339.85,2024,7,July,Saturday,1318.56,1019.55,299.01,22.68
TXN_9351,2024-07-13 19:00:00,CUST_431,Apparel,5,295.15,15.25,2024,7,July,Saturday,1475.75,76.25,1399.5,94.83
TXN_9353,2024-07-13 20:00:00,CUST_360,Apparel,2,288.45,245.08,2024,7,July,Saturday,576.9,490.16,86.74,15.04
TXN_9354,2024-07-13 20:30:00,CUST_377,Electronics,5,25.08,293.11,2024,7,July,Saturday,125.4,1465.55,-1340.15,-1068.7
TXN_9362,2024-07-14 00:30:00,CUST_168,Apparel,1,372.12,327.44,2024,7,July,Sunday,372.12,327.44,44.68,12.01
TXN_9365,2024-07-14 02:00:00,CUST_260,Electronics,4,315.81,314.19,2024,7,July,Sunday,1263.24,1256.76,6.48,0.51
TXN_9366,2024-07-14 02:30:00,CUST_299,Apparel,5,142.65,242.24,2024,7,July,Sunday,713.25,1211.2,-497.95,-69.81
TXN_9368,2024-07-14 03:30:00,CUST_311,Apparel,2,15.52,29.47,2024,7,July,Sunday,31.04,58.94,-27.9,-89.88
TXN_9371,2024-07-14 05:00:00,CUST_431,Electronics,4,19.1,33.99,2024,7,July,Sunday,76.4,135.96,-59.56,-77.96
TXN_9373,2024-07-14 06:00:00,CUST_464,Apparel,4,584.51,119.82,2024,7,July,Sunday,2338.04,479.28,1858.76,79.5
TXN_9374,2024-07-14 06:30:00,CUST_138,Home Goods,4,515.72,125.08,2024,7,July,Sunday,2062.88,500.32,1562.56,75.75
TXN_9375,2024-07-14 07:00:00,CUST_188,Electronics,4,162.43,172.92,2024,7,July,Sunday,649.72,691.68,-41.96,-6.46
TXN_9376,2024-07-14 07:30:00,CUST_355,Home Goods,4,130.05,253.94,2024,7,July,Sunday,520.2,1015.76,-495.56,-95.26
TXN_9377,2024-07-14 08:00:00,CUST_353,Apparel,2,381.28,103.95,2024,7,July,Sunday,762.56,207.9,554.66,72.74
TXN_9378,2024-07-14 08:30:00,CUST_315,Apparel,1,496.24,37.52,2024,7,July,Sunday,496.24,37.52,458.72,92.44
TXN_9379,2024-07-14 09:00:00,CUST_467,Unknown,3,226.82,154.3,2024,7,July,Sunday,680.46,462.9,217.56,31.97
TXN_9380,2024-07-14 09:30:00,CUST_402,Apparel,1,267.93,28.67,2024,7,July,Sunday,267.93,28.67,239.26,89.3
TXN_9381,2024-07-14 10:00:00,CUST_271,Home Goods,3,82.56,247.07,2024,7,July,Sunday,247.68,741.21,-493.53,-199.26
TXN_9382,2024-07-14 10:30:00,CUST_236,Electronics,5,104.4,336.14,2024,7,July,Sunday,522.0,1680.7,-1158.7,-221.97
TXN_9384,2024-07-14 11:30:00,CUST_277,Apparel,4,75.05,103.63,2024,7,July,Sunday,300.2,414.52,-114.32,-38.08
TXN_9385,2024-07-14 12:00:00,CUST_176,Electronics,5,133.2,71.78,2024,7,July,Sunday,666.0,358.9,307.1,46.11
TXN_9386,2024-07-14 12:30:00,CUST_287,Apparel,5,152.29,89.15,2024,7,July,Sunday,761.45,445.75,315.7,41.46
TXN_9388,2024-07-14 13:30:00,CUST_391,Electronics,3,41.68,116.7,2024,7,July,Sunday,125.04,350.1,-225.06,-179.99
TXN_9389,2024-07-14 14:00:00,CUST_418,Electronics,2,307.37,43.1,2024,7,July,Sunday,614.74,86.2,528.54,85.98
TXN_9390,2024-07-14 14:30:00,CUST_424,Apparel,4,558.27,314.54,2024,7,July,Sunday,2233.08,1258.16,974.92,43.66
TXN_9394,2024-07-14 16:30:00,CUST_429,Electronics,5,197.79,283.36,2024,7,July,Sunday,988.95,1416.8,-427.85,-43.26
TXN_9395,2024-07-14 17:00:00,CUST_379,Home Goods,1,91.94,31.01,2024,7,July,Sunday,91.94,31.01,60.93,66.27
TXN_9396,2024-07-14 17:30:00,CUST_404,Apparel,4,40.35,46.18,2024,7,July,Sunday,161.4,184.72,-23.32,-14.45
TXN_9397,2024-07-14 18:00:00,CUST_245,Home Goods,2,391.68,120.6,2024,7,July,Sunday,783.36,241.2,542.16,69.21
TXN_9398,2024-07-14 18:30:00,CUST_362,Home Goods,4,338.06,156.7,2024,7,July,Sunday,1352.24,626.8,725.44,53.65
TXN_9401,2024-07-14 20:00:00,CUST_159,Unknown,5,445.27,48.12,2024,7,July,Sunday,2226.35,240.6,1985.75,89.19
TXN_9402,2024-07-14 20:30:00,CUST_410,Electronics,1,176.71,302.2,2024,7,July,Sunday,176.71,302.2,-125.49,-71.01
TXN_9403,2024-07-14 21:00:00,CUST_115,Apparel,5,455.72,133.48,2024,7,July,Sunday,2278.6,667.4,1611.2,70.71
TXN_9404,2024-07-14 21:30:00,CUST_326,Unknown,2,158.32,84.32,2024,7,July,Sunday,316.64,168.64,148.0,46.74
TXN_9405,2024-07-14 22:00:00,CUST_128,Electronics,3,410.03,175.58,2024,7,July,Sunday,1230.09,526.74,703.35,57.18
TXN_9407,2024-07-14 23:00:00,CUST_344,Home Goods,1,419.96,214.1,2024,7,July,Sunday,419.96,214.1,205.86,49.02
TXN_9409,2024-07-15 00:00:00,CUST_178,Electronics,2,349.89,213.39,2024,7,July,Monday,699.78,426.78,273.0,39.01
TXN_9410,2024-07-15 00:30:00,CUST_388,Electronics,2,115.89,218.8,2024,7,July,Monday,231.78,437.6,-205.82,-88.8
TXN_9412,2024-07-15 01:30:00,CUST_376,Home Goods,5,50.61,88.17,2024,7,July,Monday,253.05,440.85,-187.8,-74.21
TXN_9414,2024-07-15 02:30:00,CUST_156,Apparel,5,122.72,337.04,2024,7,July,Monday,613.6,1685.2,-1071.6,-174.64
TXN_9416,2024-07-15 03:30:00,CUST_497,Electronics,5,450.83,341.62,2024,7,July,Monday,2254.15,1708.1,546.05,24.22
TXN_9417,2024-07-15 04:00:00,CUST_192,Home Goods,3,588.86,325.3,2024,7,July,Monday,1766.58,975.9,790.68,44.76
TXN_9418,2024-07-15 04:30:00,CUST_375,Apparel,4,470.36,217.65,2024,7,July,Monday,1881.44,870.6,1010.84,53.73
TXN_9419,2024-07-15 05:00:00,CUST_257,Home Goods,4,518.47,99.74,2024,7,July,Monday,2073.88,398.96,1674.92,80.76
TXN_9420,2024-07-15 05:30:00,CUST_374,Apparel,5,18.51,267.35,2024,7,July,Monday,92.55,1336.75,-1244.2,-1344.35
TXN_9421,2024-07-15 06:00:00,CUST_280,Home Goods,5,83.95,247.36,2024,7,July,Monday,419.75,1236.8,-817.05,-194.65
TXN_9424,2024-07-15 07:30:00,CUST_250,Apparel,3,401.52,218.62,2024,7,July,Monday,1204.56,655.86,548.7,45.55
TXN_9425,2024-07-15 08:00:00,CUST_337,Home Goods,4,233.87,186.59,2024,7,July,Monday,935.48,746.36,189.12,20.22
TXN_9426,2024-07-15 08:30:00,CUST_388,Apparel,3,100.5,151.42,2024,7,July,Monday,301.5,454.26,-152.76,-50.67
TXN_9429,2024-07-15 10:00:00,CUST_172,Electronics,2,432.58,304.28,2024,7,July,Monday,865.16,608.56,256.6,29.66
TXN_9432,2024-07-15 11:30:00,CUST_118,Electronics,4,565.81,19.56,2024,7,July,Monday,2263.24,78.24,2185.0,96.54
TXN_9433,2024-07-15 12:00:00,CUST_318,Apparel,5,534.96,10.49,2024,7,July,Monday,2674.8,52.45,2622.35,98.04
TXN_9434,2024-07-15 12:30:00,CUST_425,Electronics,1,549.12,34.79,2024,7,July,Monday,549.12,34.79,514.33,93.66
TXN_9436,2024-07-15 13:30:00,CUST_200,Apparel,2,587.01,74.05,2024,7,July,Monday,1174.02,148.1,1025.92,87.39
TXN_9438,2024-07-15 14:30:00,CUST_183,Electronics,1,523.53,247.88,2024,7,July,Monday,523.53,247.88,275.65,52.65
TXN_9439,2024-07-15 15:00:00,CUST_295,Electronics,3,124.28,336.11,2024,7,July,Monday,372.84,1008.33,-635.49,-170.45
TXN_9441,2024-07-15 16:00:00,CUST_301,Home Goods,3,40.84,168.32,2024,7,July,Monday,122.52,504.96,-382.44,-312.14
TXN_9442,2024-07-15 16:30:00,CUST_443,Home Goods,3,38.44,347.1,2024,7,July,Monday,115.32,1041.3,-925.98,-802.97
TXN_9443,2024-07-15 17:00:00,CUST_440,Electronics,5,566.82,326.77,2024,7,July,Monday,2834.1,1633.85,1200.25,42.35
TXN_9444,2024-07-15 17:30:00,CUST_110,Apparel,3,489.2,129.79,2024,7,July,Monday,1467.6,389.37,1078.23,73.47
TXN_9446,2024-07-15 18:30:00,CUST_499,Unknown,1,322.39,92.34,2024,7,July,Monday,322.39,92.34,230.05,71.36
TXN_9447,2024-07-15 19:00:00,CUST_317,Unknown,2,453.02,62.84,2024,7,July,Monday,906.04,125.68,780.36,86.13
TXN_9449,2024-07-15 20:00:00,CUST_321,Apparel,5,460.69,125.98,2024,7,July,Monday,2303.45,629.9,1673.55,72.65
TXN_9450,2024-07-15 20:30:00,CUST_482,Home Goods,2,298.73,263.24,2024,7,July,Monday,597.46,526.48,70.98,11.88
TXN_9451,2024-07-15 21:00:00,CUST_468,Apparel,3,388.18,90.53,2024,7,July,Monday,1164.54,271.59,892.95,76.68
TXN_9452,2024-07-15 21:30:00,CUST_179,Apparel,4,579.43,260.35,2024,7,July,Monday,2317.72,1041.4,1276.32,55.07
TXN_9454,2024-07-15 22:30:00,CUST_371,Apparel,5,259.77,211.53,2024,7,July,Monday,1298.85,1057.65,241.2,18.57
TXN_9455,2024-07-15 23:00:00,CUST_326,Apparel,3,544.86,227.07,2024,7,July,Monday,1634.58,681.21,953.37,58.33
TXN_9456,2024-07-15 23:30:00,CUST_115,Home Goods,5,543.01,238.41,2024,7,July,Monday,2715.05,1192.05,1523.0,56.09
TXN_9457,2024-07-16 00:00:00,CUST_111,Apparel,4,595.56,69.62,2024,7,July,Tuesday,2382.24,278.48,2103.76,88.31
TXN_9458,2024-07-16 00:30:00,CUST_390,Apparel,1,337.25,106.12,2024,7,July,Tuesday,337.25,106.12,231.13,68.53
TXN_9460,2024-07-16 01:30:00,CUST_120,Electronics,1,155.63,205.89,2024,7,July,Tuesday,155.63,205.89,-50.26,-32.29
TXN_9462,2024-07-16 02:30:00,CUST_327,Apparel,1,440.14,186.21,2024,7,July,Tuesday,440.14,186.21,253.93,57.69
TXN_9465,2024-07-16 04:00:00,CUST_396,Apparel,4,551.21,243.48,2024,7,July,Tuesday,2204.84,973.92,1230.92,55.83
TXN_9466,2024-07-16 04:30:00,CUST_233,Home Goods,2,570.87,150.27,2024,7,July,Tuesday,1141.74,300.54,841.2,73.68
TXN_9467,2024-07-16 05:00:00,CUST_382,Electronics,4,17.58,105.32,2024,7,July,Tuesday,70.32,421.28,-350.96,-499.09
TXN_9468,2024-07-16 05:30:00,CUST_252,Home Goods,4,200.49,219.39,2024,7,July,Tuesday,801.96,877.56,-75.6,-9.43
TXN_9469,2024-07-16 06:00:00,CUST_165,Apparel,3,504.87,261.69,2024,7,July,Tuesday,1514.61,785.07,729.54,48.17
TXN_9470,2024-07-16 06:30:00,CUST_236,Apparel,1,328.82,96.56,2024,7,July,Tuesday,328.82,96.56,232.26,70.63
TXN_9471,2024-07-16 07:00:00,CUST_191,Electronics,5,487.39,111.8,2024,7,July,Tuesday,2436.95,559.0,1877.95,77.06
TXN_9474,2024-07-16 08:30:00,CUST_202,Apparel,2,225.01,82.72,2024,7,July,Tuesday,450.02,165.44,284.58,63.24
TXN_9476,2024-07-16 09:30:00,CUST_356,Home Goods,5,396.89,318.24,2024,7,July,Tuesday,1984.45,1591.2,393.25,19.82
TXN_9477,2024-07-16 10:00:00,CUST_200,Unknown,3,229.79,167.07,2024,7,July,Tuesday,689.37,501.21,188.16,27.29
TXN_9478,2024-07-16 10:30:00,CUST_297,Apparel,3,468.37,117.73,2024,7,July,Tuesday,1405.11,353.19,1051.92,74.86
TXN_9479,2024-07-16 11:00:00,CUST_400,Unknown,2,543.84,236.74,2024,7,July,Tuesday,1087.68,473.48,614.2,56.47
TXN_9480,2024-07-16 11:30:00,CUST_325,Home Goods,5,180.15,20.69,2024,7,July,Tuesday,900.75,103.45,797.3,88.52
TXN_9481,2024-07-16 12:00:00,CUST_336,Electronics,2,579.52,132.45,2024,7,July,Tuesday,1159.04,264.9,894.14,77.14
TXN_9482,2024-07-16 12:30:00,CUST_125,Apparel,2,379.29,97.71,2024,7,July,Tuesday,758.58,195.42,563.16,74.24
TXN_9483,2024-07-16 13:00:00,CUST_220,Electronics,1,528.73,86.37,2024,7,July,Tuesday,528.73,86.37,442.36,83.66
TXN_9484,2024-07-16 13:30:00,CUST_497,Electronics,5,75.79,71.12,2024,7,July,Tuesday,378.95,355.6,23.35,6.16
TXN_9485,2024-07-16 14:00:00,CUST_281,Electronics,1,162.13,260.6,2024,7,July,Tuesday,162.13,260.6,-98.47,-60.74
TXN_9487,2024-07-16 15:00:00,CUST_401,Apparel,1,192.15,140.82,2024,7,July,Tuesday,192.15,140.82,51.33,26.71
TXN_9490,2024-07-16 16:30:00,CUST_130,Home Goods,1,259.89,192.99,2024,7,July,Tuesday,259.89,192.99,66.9,25.74
TXN_9491,2024-07-16 17:00:00,CUST_414,Home Goods,4,578.43,256.04,2024,7,July,Tuesday,2313.72,1024.16,1289.56,55.74
TXN_9492,2024-07-16 17:30:00,CUST_384,Unknown,3,356.33,230.29,2024,7,July,Tuesday,1068.99,690.87,378.12,35.37
TXN_9493,2024-07-16 18:00:00,CUST_205,Apparel,3,95.96,317.85,2024,7,July,Tuesday,287.88,953.55,-665.67,-231.23
TXN_9494,2024-07-16 18:30:00,CUST_323,Apparel,4,334.35,57.75,2024,7,July,Tuesday,1337.4,231.0,1106.4,82.73
TXN_9497,2024-07-16 20:00:00,CUST_331,Electronics,2,16.09,177.07,2024,7,July,Tuesday,32.18,354.14,-321.96,-1000.5
TXN_9498,2024-07-16 20:30:00,CUST_355,Apparel,5,560.85,324.74,2024,7,July,Tuesday,2804.25,1623.7,1180.55,42.1
TXN_9499,2024-07-16 21:00:00,CUST_123,Unknown,5,152.41,318.37,2024,7,July,Tuesday,762.05,1591.85,-829.8,-108.89
TXN_9500,2024-07-16 21:30:00,CUST_208,Electronics,5,417.79,306.44,2024,7,July,Tuesday,2088.95,1532.2,556.75,26.65
TXN_9501,2024-07-16 22:00:00,CUST_290,Electronics,1,316.32,85.66,2024,7,July,Tuesday,316.32,85.66,230.66,72.92
TXN_9502,2024-07-16 22:30:00,CUST_446,Electronics,5,205.38,258.09,2024,7,July,Tuesday,1026.9,1290.45,-263.55,-25.66
TXN_9503,2024-07-16 23:00:00,CUST_124,Apparel,5,180.34,140.39,2024,7,July,Tuesday,901.7,701.95,199.75,22.15
TXN_9505,2024-07-17 00:00:00,CUST_387,Apparel,5,548.48,82.94,2024,7,July,Wednesday,2742.4,414.7,2327.7,84.88
TXN_9506,2024-07-17 00:30:00,CUST_215,Electronics,3,315.18,58.03,2024,7,July,Wednesday,945.54,174.09,771.45,81.59
TXN_9507,2024-07-17 01:00:00,CUST_437,Apparel,4,166.22,296.41,2024,7,July,Wednesday,664.88,1185.64,-520.76,-78.32
TXN_9510,2024-07-17 02:30:00,CUST_381,Electronics,2,320.52,63.7,2024,7,July,Wednesday,641.04,127.4,513.64,80.13
TXN_9511,2024-07-17 03:00:00,CUST_236,Home Goods,4,195.08,310.83,2024,7,July,Wednesday,780.32,1243.32,-463.0,-59.33
TXN_9512,2024-07-17 03:30:00,CUST_326,Apparel,5,39.61,240.39,2024,7,July,Wednesday,198.05,1201.95,-1003.9,-506.89
TXN_9513,2024-07-17 04:00:00,CUST_419,Apparel,2,281.27,231.53,2024,7,July,Wednesday,562.54,463.06,99.48,17.68
TXN_9514,2024-07-17 04:30:00,CUST_427,Apparel,2,451.52,208.08,2024,7,July,Wednesday,903.04,416.16,486.88,53.92
TXN_9515,2024-07-17 05:00:00,CUST_281,Electronics,4,536.64,270.06,2024,7,July,Wednesday,2146.56,1080.24,1066.32,49.68
TXN_9516,2024-07-17 05:30:00,CUST_461,Electronics,4,357.39,151.31,2024,7,July,Wednesday,1429.56,605.24,824.32,57.66
TXN_9517,2024-07-17 06:00:00,CUST_185,Apparel,4,438.13,55.16,2024,7,July,Wednesday,1752.52,220.64,1531.88,87.41
TXN_9521,2024-07-17 08:00:00,CUST_334,Home Goods,4,440.68,86.17,2024,7,July,Wednesday,1762.72,344.68,1418.04,80.45
TXN_9523,2024-07-17 09:00:00,CUST_386,Electronics,1,333.05,101.68,2024,7,July,Wednesday,333.05,101.68,231.37,69.47
TXN_9524,2024-07-17 09:30:00,CUST_199,Apparel,3,555.46,67.78,2024,7,July,Wednesday,1666.38,203.34,1463.04,87.8
TXN_9526,2024-07-17 10:30:00,CUST_495,Apparel,3,390.91,64.7,2024,7,July,Wednesday,1172.73,194.1,978.63,83.45
TXN_9527,2024-07-17 11:00:00,CUST_114,Electronics,5,474.0,127.01,2024,7,July,Wednesday,2370.0,635.05,1734.95,73.2
TXN_9528,2024-07-17 11:30:00,CUST_200,Electronics,1,82.41,155.67,2024,7,July,Wednesday,82.41,155.67,-73.26,-88.9
TXN_9529,2024-07-17 12:00:00,CUST_264,Home Goods,2,320.89,171.89,2024,7,July,Wednesday,641.78,343.78,298.0,46.43
TXN_9530,2024-07-17 12:30:00,CUST_128,Apparel,4,576.27,132.85,2024,7,July,Wednesday,2305.08,531.4,1773.68,76.95
TXN_9531,2024-07-17 13:00:00,CUST_213,Electronics,5,226.57,320.26,2024,7,July,Wednesday,1132.85,1601.3,-468.45,-41.35
TXN_9532,2024-07-17 13:30:00,CUST_206,Electronics,2,187.53,233.93,2024,7,July,Wednesday,375.06,467.86,-92.8,-24.74
TXN_9534,2024-07-17 14:30:00,CUST_229,Home Goods,3,144.35,131.62,2024,7,July,Wednesday,433.05,394.86,38.19,8.82
TXN_9535,2024-07-17 15:00:00,CUST_183,Apparel,2,340.23,181.0,2024,7,July,Wednesday,680.46,362.0,318.46,46.8
TXN_9536,2024-07-17 15:30:00,CUST_370,Unknown,4,106.06,21.45,2024,7,July,Wednesday,424.24,85.8,338.44,79.78
TXN_9537,2024-07-17 16:00:00,CUST_343,Electronics,4,354.18,325.06,2024,7,July,Wednesday,1416.72,1300.24,116.48,8.22
TXN_9541,2024-07-17 18:00:00,CUST_265,Electronics,3,158.59,291.31,2024,7,July,Wednesday,475.77,873.93,-398.16,-83.69
TXN_9542,2024-07-17 18:30:00,CUST_378,Apparel,4,208.59,66.32,2024,7,July,Wednesday,834.36,265.28,569.08,68.21
TXN_9543,2024-07-17 19:00:00,CUST_158,Apparel,1,306.53,192.48,2024,7,July,Wednesday,306.53,192.48,114.05,37.21
TXN_9544,2024-07-17 19:30:00,CUST_189,Apparel,5,159.88,38.45,2024,7,July,Wednesday,799.4,192.25,607.15,75.95
TXN_9545,2024-07-17 20:00:00,CUST_470,Home Goods,3,472.96,283.63,2024,7,July,Wednesday,1418.88,850.89,567.99,40.03
TXN_9546,2024-07-17 20:30:00,CUST_430,Home Goods,3,429.79,175.39,2024,7,July,Wednesday,1289.37,526.17,763.2,59.19
TXN_9547,2024-07-17 21:00:00,CUST_293,Apparel,2,172.54,63.89,2024,7,July,Wednesday,345.08,127.78,217.3,62.97
TXN_9548,2024-07-17 21:30:00,CUST_222,Electronics,3,72.0,254.35,2024,7,July,Wednesday,216.0,763.05,-547.05,-253.26
TXN_9550,2024-07-17 22:30:00,CUST_238,Home Goods,5,364.08,48.93,2024,7,July,Wednesday,1820.4,244.65,1575.75,86.56
TXN_9551,2024-07-17 23:00:00,CUST_328,Unknown,1,138.65,166.77,2024,7,July,Wednesday,138.65,166.77,-28.12,-20.28
TXN_9552,2024-07-17 23:30:00,CUST_373,Electronics,2,22.36,89.98,2024,7,July,Wednesday,44.72,179.96,-135.24,-302.42
TXN_9553,2024-07-18 00:00:00,CUST_149,Apparel,5,225.06,333.08,2024,7,July,Thursday,1125.3,1665.4,-540.1,-48.0
TXN_9555,2024-07-18 01:00:00,CUST_217,Electronics,3,418.62,204.63,2024,7,July,Thursday,1255.86,613.89,641.97,51.12
TXN_9557,2024-07-18 02:00:00,CUST_492,Apparel,4,99.67,143.87,2024,7,July,Thursday,398.68,575.48,-176.8,-44.35
TXN_9559,2024-07-18 03:00:00,CUST_290,Home Goods,4,21.74,65.22,2024,7,July,Thursday,86.96,260.88,-173.92,-200.0
TXN_9560,2024-07-18 03:30:00,CUST_463,Home Goods,5,574.06,329.02,2024,7,July,Thursday,2870.3,1645.1,1225.2,42.69
TXN_9561,2024-07-18 04:00:00,CUST_422,Unknown,1,190.62,282.25,2024,7,July,Thursday,190.62,282.25,-91.63,-48.07
TXN_9562,2024-07-18 04:30:00,CUST_280,Electronics,4,283.81,85.14,2024,7,July,Thursday,1135.24,340.56,794.68,70.0
TXN_9564,2024-07-18 05:30:00,CUST_174,Apparel,5,442.32,321.07,2024,7,July,Thursday,2211.6,1605.35,606.25,27.41
TXN_9565,2024-07-18 06:00:00,CUST_394,Electronics,2,196.33,192.68,2024,7,July,Thursday,392.66,385.36,7.3,1.86
TXN_9566,2024-07-18 06:30:00,CUST_380,Apparel,3,328.24,199.15,2024,7,July,Thursday,984.72,597.45,387.27,39.33
TXN_9567,2024-07-18 07:00:00,CUST_120,Home Goods,1,597.42,230.37,2024,7,July,Thursday,597.42,230.37,367.05,61.44
TXN_9570,2024-07-18 08:30:00,CUST_114,Home Goods,1,308.98,282.76,2024,7,July,Thursday,308.98,282.76,26.22,8.49
TXN_9571,2024-07-18 09:00:00,CUST_310,Home Goods,2,484.86,327.75,2024,7,July,Thursday,969.72,655.5,314.22,32.4
TXN_9572,2024-07-18 09:30:00,CUST_147,Home Goods,1,171.1,289.01,2024,7,July,Thursday,171.1,289.01,-117.91,-68.91
TXN_9573,2024-07-18 10:00:00,CUST_185,Electronics,5,114.71,25.79,2024,7,July,Thursday,573.55,128.95,444.6,77.52
TXN_9574,2024-07-18 10:30:00,CUST_248,Home Goods,1,456.14,49.96,2024,7,July,Thursday,456.14,49.96,406.18,89.05
TXN_9575,2024-07-18 11:00:00,CUST_287,Electronics,1,258.14,310.86,2024,7,July,Thursday,258.14,310.86,-52.72,-20.42
TXN_9576,2024-07-18 11:30:00,CUST_471,Home Goods,1,549.53,19.42,2024,7,July,Thursday,549.53,19.42,530.11,96.47
TXN_9577,2024-07-18 12:00:00,CUST_405,Electronics,5,391.83,280.02,2024,7,July,Thursday,1959.15,1400.1,559.05,28.54
TXN_9579,2024-07-18 13:00:00,CUST_240,Apparel,3,56.22,151.26,2024,7,July,Thursday,168.66,453.78,-285.12,-169.05
TXN_9580,2024-07-18 13:30:00,CUST_168,Electronics,4,442.29,130.65,2024,7,July,Thursday,1769.16,522.6,1246.56,70.46
TXN_9582,2024-07-18 14:30:00,CUST_433,Apparel,1,389.44,26.63,2024,7,July,Thursday,389.44,26.63,362.81,93.16
TXN_9583,2024-07-18 15:00:00,CUST_108,Home Goods,2,171.73,263.43,2024,7,July,Thursday,343.46,526.86,-183.4,-53.4
TXN_9585,2024-07-18 16:00:00,CUST_470,Electronics,2,203.17,331.19,2024,7,July,Thursday,406.34,662.38,-256.04,-63.01
TXN_9586,2024-07-18 16:30:00,CUST_200,Electronics,5,104.06,110.89,2024,7,July,Thursday,520.3,554.45,-34.15,-6.56
TXN_9587,2024-07-18 17:00:00,CUST_248,Apparel,3,592.51,280.04,2024,7,July,Thursday,1777.53,840.12,937.41,52.74
TXN_9588,2024-07-18 17:30:00,CUST_245,Apparel,1,451.55,30.29,2024,7,July,Thursday,451.55,30.29,421.26,93.29
TXN_9589,2024-07-18 18:00:00,CUST_452,Apparel,5,257.65,192.33,2024,7,July,Thursday,1288.25,961.65,326.6,25.35
TXN_9590,2024-07-18 18:30:00,CUST_342,Electronics,4,562.51,128.69,2024,7,July,Thursday,2250.04,514.76,1735.28,77.12
TXN_9591,2024-07-18 19:00:00,CUST_340,Electronics,3,68.3,20.2,2024,7,July,Thursday,204.9,60.6,144.3,70.42
TXN_9592,2024-07-18 19:30:00,CUST_436,Electronics,3,66.28,232.97,2024,7,July,Thursday,198.84,698.91,-500.07,-251.49
TXN_9593,2024-07-18 20:00:00,CUST_142,Electronics,5,414.23,330.68,2024,7,July,Thursday,2071.15,1653.4,417.75,20.17
TXN_9596,2024-07-18 21:30:00,CUST_105,Electronics,2,506.61,249.23,2024,7,July,Thursday,1013.22,498.46,514.76,50.8
TXN_9598,2024-07-18 22:30:00,CUST_305,Apparel,3,534.97,74.86,2024,7,July,Thursday,1604.91,224.58,1380.33,86.01
TXN_9599,2024-07-18 23:00:00,CUST_166,Electronics,2,40.09,34.04,2024,7,July,Thursday,80.18,68.08,12.1,15.09
TXN_9600,2024-07-18 23:30:00,CUST_495,Apparel,3,335.95,12.94,2024,7,July,Thursday,1007.85,38.82,969.03,96.15
TXN_9602,2024-07-19 00:30:00,CUST_111,Apparel,3,515.4,34.25,2024,7,July,Friday,1546.2,102.75,1443.45,93.35
TXN_9603,2024-07-19 01:00:00,CUST_336,Home Goods,3,223.3,132.19,2024,7,July,Friday,669.9,396.57,273.33,40.8
TXN_9604,2024-07-19 01:30:00,CUST_421,Electronics,4,121.98,159.64,2024,7,July,Friday,487.92,638.56,-150.64,-30.87
TXN_9605,2024-07-19 02:00:00,CUST_357,Home Goods,2,138.17,173.17,2024,7,July,Friday,276.34,346.34,-70.0,-25.33
TXN_9606,2024-07-19 02:30:00,CUST_498,Apparel,4,315.99,58.39,2024,7,July,Friday,1263.96,233.56,1030.4,81.52
TXN_9607,2024-07-19 03:00:00,CUST_436,Apparel,2,364.11,167.76,2024,7,July,Friday,728.22,335.52,392.7,53.93
TXN_9610,2024-07-19 04:30:00,CUST_255,Apparel,4,500.78,135.49,2024,7,July,Friday,2003.12,541.96,1461.16,72.94
TXN_9611,2024-07-19 05:00:00,CUST_241,Home Goods,4,274.93,50.24,2024,7,July,Friday,1099.72,200.96,898.76,81.73
TXN_9612,2024-07-19 05:30:00,CUST_257,Apparel,4,113.97,286.76,2024,7,July,Friday,455.88,1147.04,-691.16,-151.61
TXN_9615,2024-07-19 07:00:00,CUST_443,Electronics,5,482.08,171.12,2024,7,July,Friday,2410.4,855.6,1554.8,64.5
TXN_9616,2024-07-19 07:30:00,CUST_361,Home Goods,4,128.37,173.11,2024,7,July,Friday,513.48,692.44,-178.96,-34.85
TXN_9619,2024-07-19 09:00:00,CUST_443,Home Goods,3,307.87,36.78,2024,7,July,Friday,923.61,110.34,813.27,88.05
TXN_9620,2024-07-19 09:30:00,CUST_328,Electronics,1,317.14,121.13,2024,7,July,Friday,317.14,121.13,196.01,61.81
TXN_9621,2024-07-19 10:00:00,CUST_475,Electronics,4,146.59,151.72,2024,7,July,Friday,586.36,606.88,-20.52,-3.5
TXN_9622,2024-07-19 10:30:00,CUST_379,Apparel,1,316.81,156.18,2024,7,July,Friday,316.81,156.18,160.63,50.7
TXN_9623,2024-07-19 11:00:00,CUST_457,Apparel,1,296.8,240.14,2024,7,July,Friday,296.8,240.14,56.66,19.09
TXN_9624,2024-07-19 11:30:00,CUST_389,Home Goods,3,137.1,10.24,2024,7,July,Friday,411.3,30.72,380.58,92.53
TXN_9625,2024-07-19 12:00:00,CUST_267,Apparel,1,593.09,336.1,2024,7,July,Friday,593.09,336.1,256.99,43.33
TXN_9627,2024-07-19 13:00:00,CUST_302,Apparel,1,534.23,94.53,2024,7,July,Friday,534.23,94.53,439.7,82.31
TXN_9632,2024-07-19 15:30:00,CUST_373,Electronics,1,37.66,50.99,2024,7,July,Friday,37.66,50.99,-13.33,-35.4
TXN_9633,2024-07-19 16:00:00,CUST_143,Electronics,2,305.07,91.64,2024,7,July,Friday,610.14,183.28,426.86,69.96
TXN_9634,2024-07-19 16:30:00,CUST_431,Apparel,4,246.73,159.17,2024,7,July,Friday,986.92,636.68,350.24,35.49
TXN_9635,2024-07-19 17:00:00,CUST_412,Electronics,4,139.09,186.27,2024,7,July,Friday,556.36,745.08,-188.72,-33.92
TXN_9636,2024-07-19 17:30:00,CUST_462,Apparel,1,236.28,45.6,2024,7,July,Friday,236.28,45.6,190.68,80.7
TXN_9637,2024-07-19 18:00:00,CUST_255,Home Goods,3,590.35,35.05,2024,7,July,Friday,1771.05,105.15,1665.9,94.06
TXN_9638,2024-07-19 18:30:00,CUST_479,Apparel,2,438.1,20.83,2024,7,July,Friday,876.2,41.66,834.54,95.25
TXN_9639,2024-07-19 19:00:00,CUST_298,Electronics,3,190.23,97.3,2024,7,July,Friday,570.69,291.9,278.79,48.85
TXN_9640,2024-07-19 19:30:00,CUST_261,Home Goods,3,369.13,323.32,2024,7,July,Friday,1107.39,969.96,137.43,12.41
TXN_9641,2024-07-19 20:00:00,CUST_494,Electronics,1,159.29,142.55,2024,7,July,Friday,159.29,142.55,16.74,10.51
TXN_9642,2024-07-19 20:30:00,CUST_333,Apparel,5,372.34,269.76,2024,7,July,Friday,1861.7,1348.8,512.9,27.55
TXN_9643,2024-07-19 21:00:00,CUST_262,Apparel,1,539.26,74.66,2024,7,July,Friday,539.26,74.66,464.6,86.16
TXN_9645,2024-07-19 22:00:00,CUST_192,Home Goods,5,444.0,198.46,2024,7,July,Friday,2220.0,992.3,1227.7,55.3
TXN_9647,2024-07-19 23:00:00,CUST_383,Unknown,2,321.61,315.48,2024,7,July,Friday,643.22,630.96,12.26,1.91
TXN_9648,2024-07-19 23:30:00,CUST_478,Electronics,5,421.62,195.71,2024,7,July,Friday,2108.1,978.55,1129.55,53.58
TXN_9649,2024-07-20 00:00:00,CUST_309,Electronics,1,490.26,109.97,2024,7,July,Saturday,490.26,109.97,380.29,77.57
TXN_9650,2024-07-20 00:30:00,CUST_305,Electronics,1,400.78,47.23,2024,7,July,Saturday,400.78,47.23,353.55,88.22
TXN_9651,2024-07-20 01:00:00,CUST_319,Electronics,3,586.83,237.06,2024,7,July,Saturday,1760.49,711.18,1049.31,59.6
TXN_9652,2024-07-20 01:30:00,CUST_379,Apparel,1,494.6,105.35,2024,7,July,Saturday,494.6,105.35,389.25,78.7
TXN_9655,2024-07-20 03:00:00,CUST_217,Electronics,1,179.51,302.02,2024,7,July,Saturday,179.51,302.02,-122.51,-68.25
TXN_9656,2024-07-20 03:30:00,CUST_336,Apparel,4,267.75,202.66,2024,7,July,Saturday,1071.0,810.64,260.36,24.31
TXN_9657,2024-07-20 04:00:00,CUST_408,Apparel,4,345.21,272.39,2024,7,July,Saturday,1380.84,1089.56,291.28,21.09
TXN_9658,2024-07-20 04:30:00,CUST_487,Apparel,3,285.5,110.06,2024,7,July,Saturday,856.5,330.18,526.32,61.45
TXN_9659,2024-07-20 05:00:00,CUST_199,Apparel,5,510.76,181.04,2024,7,July,Saturday,2553.8,905.2,1648.6,64.55
TXN_9660,2024-07-20 05:30:00,CUST_360,Apparel,5,30.84,16.6,2024,7,July,Saturday,154.2,83.0,71.2,46.17
TXN_9661,2024-07-20 06:00:00,CUST_404,Electronics,4,137.37,216.66,2024,7,July,Saturday,549.48,866.64,-317.16,-57.72
TXN_9663,2024-07-20 07:00:00,CUST_385,Apparel,2,49.57,266.8,2024,7,July,Saturday,99.14,533.6,-434.46,-438.23
TXN_9668,2024-07-20 09:30:00,CUST_381,Electronics,4,573.44,16.13,2024,7,July,Saturday,2293.76,64.52,2229.24,97.19
TXN_9671,2024-07-20 11:00:00,CUST_106,Apparel,2,180.5,288.12,2024,7,July,Saturday,361.0,576.24,-215.24,-59.62
TXN_9672,2024-07-20 11:30:00,CUST_226,Apparel,5,158.62,168.12,2024,7,July,Saturday,793.1,840.6,-47.5,-5.99
TXN_9673,2024-07-20 12:00:00,CUST_191,Electronics,4,306.55,229.96,2024,7,July,Saturday,1226.2,919.84,306.36,24.98
TXN_9674,2024-07-20 12:30:00,CUST_289,Home Goods,1,56.65,133.51,2024,7,July,Saturday,56.65,133.51,-76.86,-135.68
TXN_9676,2024-07-20 13:30:00,CUST_152,Home Goods,2,223.07,96.42,2024,7,July,Saturday,446.14,192.84,253.3,56.78
TXN_9677,2024-07-20 14:00:00,CUST_341,Unknown,2,108.66,254.58,2024,7,July,Saturday,217.32,509.16,-291.84,-134.29
TXN_9678,2024-07-20 14:30:00,CUST_231,Apparel,2,518.56,75.75,2024,7,July,Saturday,1037.12,151.5,885.62,85.39
TXN_9679,2024-07-20 15:00:00,CUST_463,Unknown,5,240.75,255.54,2024,7,July,Saturday,1203.75,1277.7,-73.95,-6.14
TXN_9681,2024-07-20 16:00:00,CUST_106,Electronics,3,541.33,104.73,2024,7,July,Saturday,1623.99,314.19,1309.8,80.65
TXN_9683,2024-07-20 17:00:00,CUST_255,Electronics,1,310.5,286.66,2024,7,July,Saturday,310.5,286.66,23.84,7.68
TXN_9685,2024-07-20 18:00:00,CUST_422,Apparel,4,494.09,324.13,2024,7,July,Saturday,1976.36,1296.52,679.84,34.4
TXN_9687,2024-07-20 19:00:00,CUST_322,Home Goods,2,380.05,101.57,2024,7,July,Saturday,760.1,203.14,556.96,73.27
TXN_9689,2024-07-20 20:00:00,CUST_349,Apparel,5,296.55,113.8,2024,7,July,Saturday,1482.75,569.0,913.75,61.63
TXN_9690,2024-07-20 20:30:00,CUST_182,Unknown,2,532.61,121.53,2024,7,July,Saturday,1065.22,243.06,822.16,77.18
TXN_9692,2024-07-20 21:30:00,CUST_479,Apparel,4,524.03,102.06,2024,7,July,Saturday,2096.12,408.24,1687.88,80.52
TXN_9693,2024-07-20 22:00:00,CUST_494,Home Goods,1,409.34,107.21,2024,7,July,Saturday,409.34,107.21,302.13,73.81
TXN_9694,2024-07-20 22:30:00,CUST_459,Electronics,2,40.76,203.94,2024,7,July,Saturday,81.52,407.88,-326.36,-400.34
TXN_9697,2024-07-21 00:00:00,CUST_288,Home Goods,5,89.05,29.7,2024,7,July,Sunday,445.25,148.5,296.75,66.65
TXN_9698,2024-07-21 00:30:00,CUST_465,Apparel,5,80.92,333.87,2024,7,July,Sunday,404.6,1669.35,-1264.75,-312.59
TXN_9699,2024-07-21 01:00:00,CUST_389,Apparel,3,330.36,117.88,2024,7,July,Sunday,991.08,353.64,637.44,64.32
TXN_9700,2024-07-21 01:30:00,CUST_461,Home Goods,5,457.87,299.01,2024,7,July,Sunday,2289.35,1495.05,794.3,34.7
TXN_9701,2024-07-21 02:00:00,CUST_157,Electronics,3,238.57,190.18,2024,7,July,Sunday,715.71,570.54,145.17,20.28
TXN_9702,2024-07-21 02:30:00,CUST_108,Home Goods,1,94.78,87.59,2024,7,July,Sunday,94.78,87.59,7.19,7.59
TXN_9703,2024-07-21 03:00:00,CUST_403,Home Goods,4,313.68,75.77,2024,7,July,Sunday,1254.72,303.08,951.64,75.84
TXN_9704,2024-07-21 03:30:00,CUST_214,Home Goods,3,212.48,246.29,2024,7,July,Sunday,637.44,738.87,-101.43,-15.91
TXN_9705,2024-07-21 04:00:00,CUST_309,Home Goods,2,220.79,338.06,2024,7,July,Sunday,441.58,676.12,-234.54,-53.11
TXN_9708,2024-07-21 05:30:00,CUST_272,Electronics,2,341.78,141.61,2024,7,July,Sunday,683.56,283.22,400.34,58.57
TXN_9710,2024-07-21 06:30:00,CUST_380,Electronics,4,401.07,284.13,2024,7,July,Sunday,1604.28,1136.52,467.76,29.16
TXN_9711,2024-07-21 07:00:00,CUST_471,Unknown,5,337.42,169.42,2024,7,July,Sunday,1687.1,847.1,840.0,49.79
TXN_9713,2024-07-21 08:00:00,CUST_207,Home Goods,2,236.01,323.03,2024,7,July,Sunday,472.02,646.06,-174.04,-36.87
TXN_9715,2024-07-21 09:00:00,CUST_138,Home Goods,3,551.74,237.3,2024,7,July,Sunday,1655.22,711.9,943.32,56.99
TXN_9716,2024-07-21 09:30:00,CUST_218,Home Goods,4,498.57,236.95,2024,7,July,Sunday,1994.28,947.8,1046.48,52.47
TXN_9717,2024-07-21 10:00:00,CUST_434,Apparel,2,353.92,29.16,2024,7,July,Sunday,707.84,58.32,649.52,91.76
TXN_9718,2024-07-21 10:30:00,CUST_435,Electronics,5,548.66,11.23,2024,7,July,Sunday,2743.3,56.15,2687.15,97.95
TXN_9720,2024-07-21 11:30:00,CUST_203,Electronics,5,557.7,335.22,2024,7,July,Sunday,2788.5,1676.1,1112.4,39.89
TXN_9722,2024-07-21 12:30:00,CUST_290,Electronics,2,434.74,54.88,2024,7,July,Sunday,869.48,109.76,759.72,87.38
TXN_9723,2024-07-21 13:00:00,CUST_423,Electronics,4,371.4,219.06,2024,7,July,Sunday,1485.6,876.24,609.36,41.02
TXN_9724,2024-07-21 13:30:00,CUST_246,Electronics,1,444.29,218.07,2024,7,July,Sunday,444.29,218.07,226.22,50.92
TXN_9725,2024-07-21 14:00:00,CUST_354,Electronics,2,169.08,10.19,2024,7,July,Sunday,338.16,20.38,317.78,93.97
TXN_9726,2024-07-21 14:30:00,CUST_383,Electronics,5,421.46,155.88,2024,7,July,Sunday,2107.3,779.4,1327.9,63.01
TXN_9727,2024-07-21 15:00:00,CUST_312,Home Goods,1,254.75,252.0,2024,7,July,Sunday,254.75,252.0,2.75,1.08
TXN_9728,2024-07-21 15:30:00,CUST_222,Apparel,4,502.94,73.51,2024,7,July,Sunday,2011.76,294.04,1717.72,85.38
TXN_9729,2024-07-21 16:00:00,CUST_305,Electronics,5,480.29,299.31,2024,7,July,Sunday,2401.45,1496.55,904.9,37.68
TXN_9730,2024-07-21 16:30:00,CUST_339,Apparel,4,138.64,234.5,2024,7,July,Sunday,554.56,938.0,-383.44,-69.14
TXN_9732,2024-07-21 17:30:00,CUST_438,Home Goods,2,434.87,300.67,2024,7,July,Sunday,869.74,601.34,268.4,30.86
TXN_9733,2024-07-21 18:00:00,CUST_385,Electronics,4,337.03,16.6,2024,7,July,Sunday,1348.12,66.4,1281.72,95.07
TXN_9734,2024-07-21 18:30:00,CUST_121,Electronics,5,340.97,311.9,2024,7,July,Sunday,1704.85,1559.5,145.35,8.53
TXN_9735,2024-07-21 19:00:00,CUST_358,Unknown,2,455.22,123.46,2024,7,July,Sunday,910.44,246.92,663.52,72.88
TXN_9737,2024-07-21 20:00:00,CUST_204,Electronics,5,154.79,277.73,2024,7,July,Sunday,773.95,1388.65,-614.7,-79.42
TXN_9738,2024-07-21 20:30:00,CUST_357,Electronics,5,339.99,105.63,2024,7,July,Sunday,1699.95,528.15,1171.8,68.93
TXN_9741,2024-07-21 22:00:00,CUST_361,Electronics,1,183.13,208.12,2024,7,July,Sunday,183.13,208.12,-24.99,-13.65
TXN_9742,2024-07-21 22:30:00,CUST_206,Home Goods,3,75.93,109.29,2024,7,July,Sunday,227.79,327.87,-100.08,-43.94
TXN_9743,2024-07-21 23:00:00,CUST_350,Unknown,4,151.2,347.41,2024,7,July,Sunday,604.8,1389.64,-784.84,-129.77
TXN_9744,2024-07-21 23:30:00,CUST_320,Apparel,4,568.12,260.58,2024,7,July,Sunday,2272.48,1042.32,1230.16,54.13
TXN_9745,2024-07-22 00:00:00,CUST_478,Electronics,1,285.55,103.21,2024,7,July,Monday,285.55,103.21,182.34,63.86
TXN_9747,2024-07-22 01:00:00,CUST_357,Apparel,4,22.65,158.03,2024,7,July,Monday,90.6,632.12,-541.52,-597.7
TXN_9749,2024-07-22 02:00:00,CUST_466,Apparel,1,406.19,121.84,2024,7,July,Monday,406.19,121.84,284.35,70.0
TXN_9750,2024-07-22 02:30:00,CUST_357,Apparel,4,360.05,73.87,2024,7,July,Monday,1440.2,295.48,1144.72,79.48
TXN_9751,2024-07-22 03:00:00,CUST_448,Home Goods,4,351.68,25.69,2024,7,July,Monday,1406.72,102.76,1303.96,92.7
TXN_9752,2024-07-22 03:30:00,CUST_324,Apparel,5,79.54,344.67,2024,7,July,Monday,397.7,1723.35,-1325.65,-333.33
TXN_9753,2024-07-22 04:00:00,CUST_301,Apparel,1,220.96,132.14,2024,7,July,Monday,220.96,132.14,88.82,40.2
TXN_9756,2024-07-22 05:30:00,CUST_282,Electronics,4,531.37,109.16,2024,7,July,Monday,2125.48,436.64,1688.84,79.46
TXN_9758,2024-07-22 06:30:00,CUST_456,Electronics,3,113.95,219.57,2024,7,July,Monday,341.85,658.71,-316.86,-92.69
TXN_9759,2024-07-22 07:00:00,CUST_345,Apparel,1,294.48,35.45,2024,7,July,Monday,294.48,35.45,259.03,87.96
TXN_9760,2024-07-22 07:30:00,CUST_452,Electronics,1,568.0,183.06,2024,7,July,Monday,568.0,183.06,384.94,67.77
TXN_9761,2024-07-22 08:00:00,CUST_210,Apparel,1,207.79,141.73,2024,7,July,Monday,207.79,141.73,66.06,31.79
TXN_9764,2024-07-22 09:30:00,CUST_226,Apparel,5,102.53,203.91,2024,7,July,Monday,512.65,1019.55,-506.9,-98.88
TXN_9765,2024-07-22 10:00:00,CUST_203,Electronics,1,160.18,37.82,2024,7,July,Monday,160.18,37.82,122.36,76.39
TXN_9766,2024-07-22 10:30:00,CUST_336,Electronics,5,559.14,137.89,2024,7,July,Monday,2795.7,689.45,2106.25,75.34
TXN_9768,2024-07-22 11:30:00,CUST_356,Home Goods,3,421.58,158.95,2024,7,July,Monday,1264.74,476.85,787.89,62.3
TXN_9769,2024-07-22 12:00:00,CUST_334,Electronics,2,579.35,145.43,2024,7,July,Monday,1158.7,290.86,867.84,74.9
TXN_9770,2024-07-22 12:30:00,CUST_388,Electronics,5,84.91,224.6,2024,7,July,Monday,424.55,1123.0,-698.45,-164.52
TXN_9771,2024-07-22 13:00:00,CUST_139,Electronics,4,248.52,223.78,2024,7,July,Monday,994.08,895.12,98.96,9.95
TXN_9772,2024-07-22 13:30:00,CUST_387,Electronics,1,146.0,150.54,2024,7,July,Monday,146.0,150.54,-4.54,-3.11
TXN_9773,2024-07-22 14:00:00,CUST_296,Electronics,2,144.61,71.75,2024,7,July,Monday,289.22,143.5,145.72,50.38
TXN_9774,2024-07-22 14:30:00,CUST_372,Apparel,5,84.61,207.85,2024,7,July,Monday,423.05,1039.25,-616.2,-145.66
TXN_9778,2024-07-22 16:30:00,CUST_397,Apparel,4,555.92,99.95,2024,7,July,Monday,2223.68,399.8,1823.88,82.02
TXN_9779,2024-07-22 17:00:00,CUST_197,Electronics,2,100.22,150.39,2024,7,July,Monday,200.44,300.78,-100.34,-50.06
TXN_9780,2024-07-22 17:30:00,CUST_236,Unknown,3,202.11,114.1,2024,7,July,Monday,606.33,342.3,264.03,43.55
TXN_9781,2024-07-22 18:00:00,CUST_475,Electronics,5,216.58,293.8,2024,7,July,Monday,1082.9,1469.0,-386.1,-35.65
TXN_9784,2024-07-22 19:30:00,CUST_298,Apparel,5,299.72,333.07,2024,7,July,Monday,1498.6,1665.35,-166.75,-11.13
TXN_9786,2024-07-22 20:30:00,CUST_183,Electronics,3,573.41,51.79,2024,7,July,Monday,1720.23,155.37,1564.86,90.97
TXN_9788,2024-07-22 21:30:00,CUST_380,Electronics,5,496.55,36.1,2024,7,July,Monday,2482.75,180.5,2302.25,92.73
TXN_9789,2024-07-22 22:00:00,CUST_422,Home Goods,1,497.38,265.56,2024,7,July,Monday,497.38,265.56,231.82,46.61
TXN_9791,2024-07-22 23:00:00,CUST_289,Electronics,5,79.37,258.14,2024,7,July,Monday,396.85,1290.7,-893.85,-225.24
TXN_9792,2024-07-22 23:30:00,CUST_251,Apparel,1,594.15,269.33,2024,7,July,Monday,594.15,269.33,324.82,54.67
TXN_9795,2024-07-23 01:00:00,CUST_238,Electronics,5,297.94,186.66,2024,7,July,Tuesday,1489.7,933.3,556.4,37.35
TXN_9796,2024-07-23 01:30:00,CUST_275,Home Goods,4,246.19,306.26,2024,7,July,Tuesday,984.76,1225.04,-240.28,-24.4
TXN_9797,2024-07-23 02:00:00,CUST_107,Electronics,4,159.6,18.71,2024,7,July,Tuesday,638.4,74.84,563.56,88.28
TXN_9798,2024-07-23 02:30:00,CUST_394,Apparel,2,590.39,117.71,2024,7,July,Tuesday,1180.78,235.42,945.36,80.06
TXN_9799,2024-07-23 03:00:00,CUST_334,Apparel,4,163.16,310.05,2024,7,July,Tuesday,652.64,1240.2,-587.56,-90.03
TXN_9800,2024-07-23 03:30:00,CUST_262,Home Goods,3,28.9,90.51,2024,7,July,Tuesday,86.7,271.53,-184.83,-213.18
TXN_9801,2024-07-23 04:00:00,CUST_148,Home Goods,2,314.79,56.54,2024,7,July,Tuesday,629.58,113.08,516.5,82.04
TXN_9802,2024-07-23 04:30:00,CUST_401,Home Goods,4,235.57,205.89,2024,7,July,Tuesday,942.28,823.56,118.72,12.6
TXN_9803,2024-07-23 05:00:00,CUST_137,Electronics,1,167.91,114.0,2024,7,July,Tuesday,167.91,114.0,53.91,32.11
TXN_9805,2024-07-23 06:00:00,CUST_409,Electronics,5,228.1,288.8,2024,7,July,Tuesday,1140.5,1444.0,-303.5,-26.61
TXN_9806,2024-07-23 06:30:00,CUST_318,Electronics,4,250.32,187.04,2024,7,July,Tuesday,1001.28,748.16,253.12,25.28
TXN_9807,2024-07-23 07:00:00,CUST_447,Apparel,1,28.48,185.4,2024,7,July,Tuesday,28.48,185.4,-156.92,-550.98
TXN_9809,2024-07-23 08:00:00,CUST_133,Apparel,2,86.41,279.57,2024,7,July,Tuesday,172.82,559.14,-386.32,-223.54
TXN_9810,2024-07-23 08:30:00,CUST_451,Apparel,5,140.08,261.54,2024,7,July,Tuesday,700.4,1307.7,-607.3,-86.71
TXN_9811,2024-07-23 09:00:00,CUST_178,Home Goods,4,434.51,89.6,2024,7,July,Tuesday,1738.04,358.4,1379.64,79.38
TXN_9812,2024-07-23 09:30:00,CUST_335,Electronics,2,198.25,118.8,2024,7,July,Tuesday,396.5,237.6,158.9,40.08
TXN_9813,2024-07-23 10:00:00,CUST_482,Electronics,4,110.48,278.13,2024,7,July,Tuesday,441.92,1112.52,-670.6,-151.75
TXN_9814,2024-07-23 10:30:00,CUST_372,Home Goods,2,352.79,131.62,2024,7,July,Tuesday,705.58,263.24,442.34,62.69
TXN_9815,2024-07-23 11:00:00,CUST_260,Electronics,4,140.72,147.21,2024,7,July,Tuesday,562.88,588.84,-25.96,-4.61
TXN_9817,2024-07-23 12:00:00,CUST_465,Apparel,1,378.48,64.96,2024,7,July,Tuesday,378.48,64.96,313.52,82.84
TXN_9818,2024-07-23 12:30:00,CUST_407,Apparel,3,447.82,125.9,2024,7,July,Tuesday,1343.46,377.7,965.76,71.89
TXN_9820,2024-07-23 13:30:00,CUST_320,Electronics,1,297.11,176.97,2024,7,July,Tuesday,297.11,176.97,120.14,40.44
TXN_9821,2024-07-23 14:00:00,CUST_108,Home Goods,5,280.76,165.79,2024,7,July,Tuesday,1403.8,828.95,574.85,40.95
TXN_9822,2024-07-23 14:30:00,CUST_388,Electronics,4,475.77,63.16,2024,7,July,Tuesday,1903.08,252.64,1650.44,86.72
TXN_9823,2024-07-23 15:00:00,CUST_212,Apparel,3,127.93,70.37,2024,7,July,Tuesday,383.79,211.11,172.68,44.99
TXN_9825,2024-07-23 16:00:00,CUST_285,Apparel,3,403.85,14.74,2024,7,July,Tuesday,1211.55,44.22,1167.33,96.35
TXN_9826,2024-07-23 16:30:00,CUST_440,Apparel,5,254.56,175.92,2024,7,July,Tuesday,1272.8,879.6,393.2,30.89
TXN_9827,2024-07-23 17:00:00,CUST_296,Home Goods,5,430.35,149.14,2024,7,July,Tuesday,2151.75,745.7,1406.05,65.34
TXN_9828,2024-07-23 17:30:00,CUST_365,Apparel,3,165.11,103.63,2024,7,July,Tuesday,495.33,310.89,184.44,37.24
TXN_9829,2024-07-23 18:00:00,CUST_361,Apparel,5,205.05,346.62,2024,7,July,Tuesday,1025.25,1733.1,-707.85,-69.04
TXN_9830,2024-07-23 18:30:00,CUST_347,Home Goods,5,539.56,145.32,2024,7,July,Tuesday,2697.8,726.6,1971.2,73.07
TXN_9831,2024-07-23 19:00:00,CUST_214,Apparel,4,261.67,278.21,2024,7,July,Tuesday,1046.68,1112.84,-66.16,-6.32
TXN_9832,2024-07-23 19:30:00,CUST_220,Apparel,1,360.71,81.59,2024,7,July,Tuesday,360.71,81.59,279.12,77.38
TXN_9834,2024-07-23 20:30:00,CUST_164,Apparel,2,119.62,203.25,2024,7,July,Tuesday,239.24,406.5,-167.26,-69.91
TXN_9835,2024-07-23 21:00:00,CUST_375,Home Goods,3,35.99,11.37,2024,7,July,Tuesday,107.97,34.11,73.86,68.41
TXN_9836,2024-07-23 21:30:00,CUST_412,Electronics,2,263.26,15.92,2024,7,July,Tuesday,526.52,31.84,494.68,93.95
TXN_9837,2024-07-23 22:00:00,CUST_338,Apparel,3,593.52,58.35,2024,7,July,Tuesday,1780.56,175.05,1605.51,90.17
TXN_9838,2024-07-23 22:30:00,CUST_401,Apparel,3,526.22,85.86,2024,7,July,Tuesday,1578.66,257.58,1321.08,83.68
TXN_9839,2024-07-23 23:00:00,CUST_491,Home Goods,1,385.25,189.47,2024,7,July,Tuesday,385.25,189.47,195.78,50.82
TXN_9842,2024-07-24 00:30:00,CUST_332,Apparel,3,230.73,91.28,2024,7,July,Wednesday,692.19,273.84,418.35,60.44
TXN_9843,2024-07-24 01:00:00,CUST_294,Electronics,3,116.52,289.76,2024,7,July,Wednesday,349.56,869.28,-519.72,-148.68
TXN_9844,2024-07-24 01:30:00,CUST_494,Apparel,1,397.03,65.34,2024,7,July,Wednesday,397.03,65.34,331.69,83.54
TXN_9845,2024-07-24 02:00:00,CUST_111,Home Goods,5,127.93,240.63,2024,7,July,Wednesday,639.65,1203.15,-563.5,-88.1
TXN_9848,2024-07-24 03:30:00,CUST_276,Electronics,2,90.6,39.57,2024,7,July,Wednesday,181.2,79.14,102.06,56.32
TXN_9849,2024-07-24 04:00:00,CUST_316,Home Goods,3,90.48,343.12,2024,7,July,Wednesday,271.44,1029.36,-757.92,-279.22
TXN_9850,2024-07-24 04:30:00,CUST_110,Home Goods,1,146.28,102.06,2024,7,July,Wednesday,146.28,102.06,44.22,30.23
TXN_9851,2024-07-24 05:00:00,CUST_217,Electronics,3,337.87,103.73,2024,7,July,Wednesday,1013.61,311.19,702.42,69.3
TXN_9853,2024-07-24 06:00:00,CUST_138,Home Goods,1,309.37,88.56,2024,7,July,Wednesday,309.37,88.56,220.81,71.37
TXN_9854,2024-07-24 06:30:00,CUST_152,Apparel,2,191.66,347.58,2024,7,July,Wednesday,383.32,695.16,-311.84,-81.35
TXN_9855,2024-07-24 07:00:00,CUST_317,Unknown,4,311.15,24.61,2024,7,July,Wednesday,1244.6,98.44,1146.16,92.09
TXN_9857,2024-07-24 08:00:00,CUST_411,Apparel,5,588.31,196.44,2024,7,July,Wednesday,2941.55,982.2,1959.35,66.61
TXN_9858,2024-07-24 08:30:00,CUST_459,Home Goods,4,303.24,168.76,2024,7,July,Wednesday,1212.96,675.04,537.92,44.35
TXN_9859,2024-07-24 09:00:00,CUST_484,Apparel,1,450.03,186.98,2024,7,July,Wednesday,450.03,186.98,263.05,58.45
TXN_9860,2024-07-24 09:30:00,CUST_155,Home Goods,3,424.82,345.78,2024,7,July,Wednesday,1274.46,1037.34,237.12,18.61
TXN_9861,2024-07-24 10:00:00,CUST_217,Apparel,5,301.98,308.15,2024,7,July,Wednesday,1509.9,1540.75,-30.85,-2.04
TXN_9863,2024-07-24 11:00:00,CUST_352,Electronics,2,313.77,197.5,2024,7,July,Wednesday,627.54,395.0,232.54,37.06
TXN_9866,2024-07-24 12:30:00,CUST_390,Home Goods,5,62.93,65.72,2024,7,July,Wednesday,314.65,328.6,-13.95,-4.43
TXN_9867,2024-07-24 13:00:00,CUST_432,Electronics,3,25.52,251.86,2024,7,July,Wednesday,76.56,755.58,-679.02,-886.91
TXN_9868,2024-07-24 13:30:00,CUST_279,Electronics,4,206.81,85.17,2024,7,July,Wednesday,827.24,340.68,486.56,58.82
TXN_9869,2024-07-24 14:00:00,CUST_457,Electronics,1,102.88,264.62,2024,7,July,Wednesday,102.88,264.62,-161.74,-157.21
TXN_9870,2024-07-24 14:30:00,CUST_334,Apparel,4,545.12,116.47,2024,7,July,Wednesday,2180.48,465.88,1714.6,78.63
TXN_9872,2024-07-24 15:30:00,CUST_295,Apparel,5,245.66,161.44,2024,7,July,Wednesday,1228.3,807.2,421.1,34.28
TXN_9874,2024-07-24 16:30:00,CUST_179,Apparel,3,492.02,223.58,2024,7,July,Wednesday,1476.06,670.74,805.32,54.56
TXN_9875,2024-07-24 17:00:00,CUST_234,Electronics,1,294.46,342.32,2024,7,July,Wednesday,294.46,342.32,-47.86,-16.25
TXN_9876,2024-07-24 17:30:00,CUST_121,Apparel,3,120.96,262.53,2024,7,July,Wednesday,362.88,787.59,-424.71,-117.04
TXN_9877,2024-07-24 18:00:00,CUST_430,Apparel,3,173.47,257.42,2024,7,July,Wednesday,520.41,772.26,-251.85,-48.39
TXN_9879,2024-07-24 19:00:00,CUST_157,Home Goods,5,228.29,181.65,2024,7,July,Wednesday,1141.45,908.25,233.2,20.43
TXN_9880,2024-07-24 19:30:00,CUST_192,Home Goods,4,218.97,108.64,2024,7,July,Wednesday,875.88,434.56,441.32,50.39
TXN_9881,2024-07-24 20:00:00,CUST_291,Home Goods,3,92.13,16.56,2024,7,July,Wednesday,276.39,49.68,226.71,82.03
TXN_9884,2024-07-24 21:30:00,CUST_106,Apparel,3,272.4,145.09,2024,7,July,Wednesday,817.2,435.27,381.93,46.74
TXN_9885,2024-07-24 22:00:00,CUST_227,Electronics,3,588.49,106.78,2024,7,July,Wednesday,1765.47,320.34,1445.13,81.86
TXN_9886,2024-07-24 22:30:00,CUST_154,Apparel,1,400.94,77.88,2024,7,July,Wednesday,400.94,77.88,323.06,80.58
TXN_9887,2024-07-24 23:00:00,CUST_330,Home Goods,3,222.92,32.82,2024,7,July,Wednesday,668.76,98.46,570.3,85.28
TXN_9889,2024-07-25 00:00:00,CUST_161,Electronics,3,578.87,37.79,2024,7,July,Thursday,1736.61,113.37,1623.24,93.47
TXN_9890,2024-07-25 00:30:00,CUST_339,Electronics,5,23.18,193.71,2024,7,July,Thursday,115.9,968.55,-852.65,-735.68
TXN_9892,2024-07-25 01:30:00,CUST_331,Apparel,3,529.88,329.61,2024,7,July,Thursday,1589.64,988.83,600.81,37.8
TXN_9896,2024-07-25 03:30:00,CUST_474,Electronics,3,389.19,45.5,2024,7,July,Thursday,1167.57,136.5,1031.07,88.31
TXN_9898,2024-07-25 04:30:00,CUST_444,Apparel,5,526.52,209.53,2024,7,July,Thursday,2632.6,1047.65,1584.95,60.2
TXN_9899,2024-07-25 05:00:00,CUST_251,Apparel,1,339.19,217.44,2024,7,July,Thursday,339.19,217.44,121.75,35.89
TXN_9903,2024-07-25 07:00:00,CUST_192,Home Goods,4,139.69,272.97,2024,7,July,Thursday,558.76,1091.88,-533.12,-95.41
TXN_9904,2024-07-25 07:30:00,CUST_213,Electronics,5,61.08,308.26,2024,7,July,Thursday,305.4,1541.3,-1235.9,-404.68
TXN_9906,2024-07-25 08:30:00,CUST_242,Home Goods,1,24.01,135.34,2024,7,July,Thursday,24.01,135.34,-111.33,-463.68
TXN_9907,2024-07-25 09:00:00,CUST_322,Apparel,4,261.38,340.95,2024,7,July,Thursday,1045.52,1363.8,-318.28,-30.44
TXN_9910,2024-07-25 10:30:00,CUST_375,Home Goods,3,453.77,160.3,2024,7,July,Thursday,1361.31,480.9,880.41,64.67
TXN_9911,2024-07-25 11:00:00,CUST_269,Home Goods,5,350.31,243.62,2024,7,July,Thursday,1751.55,1218.1,533.45,30.46
TXN_9913,2024-07-25 12:00:00,CUST_456,Apparel,3,164.68,291.03,2024,7,July,Thursday,494.04,873.09,-379.05,-76.72
TXN_9914,2024-07-25 12:30:00,CUST_300,Electronics,5,292.85,60.34,2024,7,July,Thursday,1464.25,301.7,1162.55,79.4
TXN_9916,2024-07-25 13:30:00,CUST_323,Electronics,4,472.6,112.41,2024,7,July,Thursday,1890.4,449.64,1440.76,76.21
TXN_9919,2024-07-25 15:00:00,CUST_446,Apparel,1,449.5,91.42,2024,7,July,Thursday,449.5,91.42,358.08,79.66
TXN_9920,2024-07-25 15:30:00,CUST_252,Apparel,5,342.0,296.75,2024,7,July,Thursday,1710.0,1483.75,226.25,13.23
TXN_9923,2024-07-25 17:00:00,CUST_208,Electronics,1,309.08,84.49,2024,7,July,Thursday,309.08,84.49,224.59,72.66
TXN_9924,2024-07-25 17:30:00,CUST_130,Home Goods,3,293.29,33.68,2024,7,July,Thursday,879.87,101.04,778.83,88.52
TXN_9926,2024-07-25 18:30:00,CUST_339,Apparel,3,79.83,66.31,2024,7,July,Thursday,239.49,198.93,40.56,16.94
TXN_9927,2024-07-25 19:00:00,CUST_477,Electronics,4,121.99,331.01,2024,7,July,Thursday,487.96,1324.04,-836.08,-171.34
TXN_9928,2024-07-25 19:30:00,CUST_462,Apparel,4,71.94,290.15,2024,7,July,Thursday,287.76,1160.6,-872.84,-303.32
TXN_9929,2024-07-25 20:00:00,CUST_409,Apparel,2,156.85,37.85,2024,7,July,Thursday,313.7,75.7,238.0,75.87
TXN_9930,2024-07-25 20:30:00,CUST_488,Unknown,2,169.13,161.35,2024,7,July,Thursday,338.26,322.7,15.56,4.6
TXN_9931,2024-07-25 21:00:00,CUST_240,Electronics,4,158.37,34.96,2024,7,July,Thursday,633.48,139.84,493.64,77.93
TXN_9933,2024-07-25 22:00:00,CUST_398,Apparel,3,445.22,129.51,2024,7,July,Thursday,1335.66,388.53,947.13,70.91
TXN_9934,2024-07-25 22:30:00,CUST_444,Home Goods,1,493.86,213.88,2024,7,July,Thursday,493.86,213.88,279.98,56.69
TXN_9937,2024-07-26 00:00:00,CUST_146,Apparel,4,508.76,121.91,2024,7,July,Friday,2035.04,487.64,1547.4,76.04
TXN_9939,2024-07-26 01:00:00,CUST_166,Apparel,1,186.66,68.28,2024,7,July,Friday,186.66,68.28,118.38,63.42
TXN_9940,2024-07-26 01:30:00,CUST_161,Apparel,2,432.46,251.64,2024,7,July,Friday,864.92,503.28,361.64,41.81
TXN_9941,2024-07-26 02:00:00,CUST_208,Home Goods,1,216.59,147.24,2024,7,July,Friday,216.59,147.24,69.35,32.02
TXN_9942,2024-07-26 02:30:00,CUST_266,Apparel,4,358.14,332.85,2024,7,July,Friday,1432.56,1331.4,101.16,7.06
TXN_9943,2024-07-26 03:00:00,CUST_136,Apparel,3,595.69,224.16,2024,7,July,Friday,1787.07,672.48,1114.59,62.37
TXN_9944,2024-07-26 03:30:00,CUST_218,Apparel,4,191.43,133.45,2024,7,July,Friday,765.72,533.8,231.92,30.29
TXN_9947,2024-07-26 05:00:00,CUST_491,Apparel,5,331.07,282.16,2024,7,July,Friday,1655.35,1410.8,244.55,14.77
TXN_9951,2024-07-26 07:00:00,CUST_436,Home Goods,5,381.87,142.05,2024,7,July,Friday,1909.35,710.25,1199.1,62.8
TXN_9952,2024-07-26 07:30:00,CUST_397,Electronics,5,459.99,115.69,2024,7,July,Friday,2299.95,578.45,1721.5,74.85
TXN_9953,2024-07-26 08:00:00,CUST_303,Apparel,3,291.2,265.93,2024,7,July,Friday,873.6,797.79,75.81,8.68
TXN_9955,2024-07-26 09:00:00,CUST_337,Electronics,4,158.21,109.81,2024,7,July,Friday,632.84,439.24,193.6,30.59
TXN_9956,2024-07-26 09:30:00,CUST_481,Unknown,5,412.61,58.15,2024,7,July,Friday,2063.05,290.75,1772.3,85.91
TXN_9957,2024-07-26 10:00:00,CUST_254,Home Goods,4,538.83,53.78,2024,7,July,Friday,2155.32,215.12,1940.2,90.02
TXN_9958,2024-07-26 10:30:00,CUST_339,Electronics,2,261.64,104.17,2024,7,July,Friday,523.28,208.34,314.94,60.19
TXN_9960,2024-07-26 11:30:00,CUST_461,Electronics,5,148.61,339.6,2024,7,July,Friday,743.05,1698.0,-954.95,-128.52
TXN_9961,2024-07-26 12:00:00,CUST_480,Unknown,5,256.14,184.97,2024,7,July,Friday,1280.7,924.85,355.85,27.79
TXN_9962,2024-07-26 12:30:00,CUST_468,Electronics,3,212.02,125.25,2024,7,July,Friday,636.06,375.75,260.31,40.93
TXN_9963,2024-07-26 13:00:00,CUST_163,Electronics,4,398.48,291.92,2024,7,July,Friday,1593.92,1167.68,426.24,26.74
TXN_9964,2024-07-26 13:30:00,CUST_222,Apparel,3,591.05,32.82,2024,7,July,Friday,1773.15,98.46,1674.69,94.45
TXN_9965,2024-07-26 14:00:00,CUST_353,Home Goods,3,490.78,41.68,2024,7,July,Friday,1472.34,125.04,1347.3,91.51
TXN_9966,2024-07-26 14:30:00,CUST_213,Electronics,4,127.42,127.42,2024,7,July,Friday,509.68,509.68,0.0,0.0
TXN_9967,2024-07-26 15:00:00,CUST_119,Apparel,2,352.94,162.46,2024,7,July,Friday,705.88,324.92,380.96,53.97
TXN_9968,2024-07-26 15:30:00,CUST_115,Electronics,4,53.85,281.26,2024,7,July,Friday,215.4,1125.04,-909.64,-422.3
TXN_9969,2024-07-26 16:00:00,CUST_244,Home Goods,2,159.45,324.59,2024,7,July,Friday,318.9,649.18,-330.28,-103.57
TXN_9970,2024-07-26 16:30:00,CUST_307,Electronics,3,115.75,190.63,2024,7,July,Friday,347.25,571.89,-224.64,-64.69
TXN_9971,2024-07-26 17:00:00,CUST_118,Home Goods,2,211.29,178.52,2024,7,July,Friday,422.58,357.04,65.54,15.51
TXN_9973,2024-07-26 18:00:00,CUST_491,Apparel,2,307.15,163.4,2024,7,July,Friday,614.3,326.8,287.5,46.8
TXN_9974,2024-07-26 18:30:00,CUST_265,Unknown,2,560.75,324.04,2024,7,July,Friday,1121.5,648.08,473.42,42.21
TXN_9975,2024-07-26 19:00:00,CUST_137,Unknown,5,139.46,143.59,2024,7,July,Friday,697.3,717.95,-20.65,-2.96
TXN_9976,2024-07-26 19:30:00,CUST_280,Apparel,5,228.06,81.63,2024,7,July,Friday,1140.3,408.15,732.15,64.21
TXN_9978,2024-07-26 20:30:00,CUST_204,Apparel,3,153.04,184.96,2024,7,July,Friday,459.12,554.88,-95.76,-20.86
TXN_9979,2024-07-26 21:00:00,CUST_199,Apparel,4,596.0,213.52,2024,7,July,Friday,2384.0,854.08,1529.92,64.17
TXN_9980,2024-07-26 21:30:00,CUST_189,Apparel,2,241.53,157.03,2024,7,July,Friday,483.06,314.06,169.0,34.99
TXN_9982,2024-07-26 22:30:00,CUST_431,Electronics,5,243.43,208.71,2024,7,July,Friday,1217.15,1043.55,173.6,14.26
TXN_9983,2024-07-26 23:00:00,CUST_178,Apparel,4,134.39,236.12,2024,7,July,Friday,537.56,944.48,-406.92,-75.7
TXN_9985,2024-07-27 00:00:00,CUST_275,Electronics,2,515.5,304.33,2024,7,July,Saturday,1031.0,608.66,422.34,40.96
TXN_9986,2024-07-27 00:30:00,CUST_495,Apparel,4,33.78,79.19,2024,7,July,Saturday,135.12,316.76,-181.64,-134.43
TXN_9989,2024-07-27 02:00:00,CUST_202,Electronics,1,159.71,59.59,2024,7,July,Saturday,159.71,59.59,100.12,62.69
TXN_9992,2024-07-27 03:30:00,CUST_221,Apparel,2,57.21,281.76,2024,7,July,Saturday,114.42,563.52,-449.1,-392.5
TXN_9993,2024-07-27 04:00:00,CUST_335,Home Goods,4,499.25,64.9,2024,7,July,Saturday,1997.0,259.6,1737.4,87.0
TXN_9994,2024-07-27 04:30:00,CUST_215,Apparel,2,263.43,262.2,2024,7,July,Saturday,526.86,524.4,2.46,0.47
TXN_9995,2024-07-27 05:00:00,CUST_262,Electronics,2,318.18,60.37,2024,7,July,Saturday,636.36,120.74,515.62,81.03
TXN_9996,2024-07-27 05:30:00,CUST_325,Apparel,1,118.37,138.8,2024,7,July,Saturday,118.37,138.8,-20.43,-17.26
TXN_9999,2024-07-27 07:00:00,CUST_348,Home Goods,4,311.1,344.74,2024,7,July,Saturday,1244.4,1378.96,-134.56,-10.81
TXN_10001,2024-07-27 08:00:00,CUST_309,Home Goods,3,308.12,148.2,2024,7,July,Saturday,924.36,444.6,479.76,51.9
TXN_10002,2024-07-27 08:30:00,CUST_243,Electronics,5,472.77,240.15,2024,7,July,Saturday,2363.85,1200.75,1163.1,49.2
TXN_10004,2024-07-27 09:30:00,CUST_444,Home Goods,2,52.42,47.07,2024,7,July,Saturday,104.84,94.14,10.7,10.21
TXN_10005,2024-07-27 10:00:00,CUST_195,Electronics,2,107.93,58.71,2024,7,July,Saturday,215.86,117.42,98.44,45.6
TXN_10006,2024-07-27 10:30:00,CUST_481,Electronics,2,466.63,229.3,2024,7,July,Saturday,933.26,458.6,474.66,50.86
TXN_10007,2024-07-27 11:00:00,CUST_445,Apparel,2,459.21,319.17,2024,7,July,Saturday,918.42,638.34,280.08,30.5
TXN_10008,2024-07-27 11:30:00,CUST_343,Electronics,5,97.7,290.84,2024,7,July,Saturday,488.5,1454.2,-965.7,-197.69
TXN_10009,2024-07-27 12:00:00,CUST_185,Home Goods,3,33.13,344.24,2024,7,July,Saturday,99.39,1032.72,-933.33,-939.06
TXN_10010,2024-07-27 12:30:00,CUST_493,Apparel,1,415.89,206.57,2024,7,July,Saturday,415.89,206.57,209.32,50.33
TXN_10011,2024-07-27 13:00:00,CUST_283,Home Goods,3,515.34,336.9,2024,7,July,Saturday,1546.02,1010.7,535.32,34.63
TXN_10012,2024-07-27 13:30:00,CUST_220,Home Goods,5,456.15,113.68,2024,7,July,Saturday,2280.75,568.4,1712.35,75.08
TXN_10013,2024-07-27 14:00:00,CUST_431,Electronics,4,133.64,153.31,2024,7,July,Saturday,534.56,613.24,-78.68,-14.72
TXN_10014,2024-07-27 14:30:00,CUST_191,Electronics,1,356.5,144.65,2024,7,July,Saturday,356.5,144.65,211.85,59.42
TXN_10015,2024-07-27 15:00:00,CUST_169,Home Goods,1,458.06,26.1,2024,7,July,Saturday,458.06,26.1,431.96,94.3
TXN_10016,2024-07-27 15:30:00,CUST_232,Apparel,4,164.66,292.1,2024,7,July,Saturday,658.64,1168.4,-509.76,-77.4
TXN_10018,2024-07-27 16:30:00,CUST_236,Apparel,2,198.96,258.16,2024,7,July,Saturday,397.92,516.32,-118.4,-29.75
TXN_10019,2024-07-27 17:00:00,CUST_413,Electronics,5,146.96,148.4,2024,7,July,Saturday,734.8,742.0,-7.2,-0.98
TXN_10020,2024-07-27 17:30:00,CUST_286,Home Goods,4,582.21,12.12,2024,7,July,Saturday,2328.84,48.48,2280.36,97.92
TXN_10021,2024-07-27 18:00:00,CUST_320,Electronics,3,548.86,108.58,2024,7,July,Saturday,1646.58,325.74,1320.84,80.22
TXN_10022,2024-07-27 18:30:00,CUST_145,Electronics,3,275.72,127.68,2024,7,July,Saturday,827.16,383.04,444.12,53.69
TXN_10024,2024-07-27 19:30:00,CUST_291,Home Goods,4,440.83,234.77,2024,7,July,Saturday,1763.32,939.08,824.24,46.74
TXN_10025,2024-07-27 20:00:00,CUST_107,Apparel,5,164.59,194.81,2024,7,July,Saturday,822.95,974.05,-151.1,-18.36
TXN_10029,2024-07-27 22:00:00,CUST_433,Electronics,1,72.0,268.97,2024,7,July,Saturday,72.0,268.97,-196.97,-273.57
TXN_10030,2024-07-27 22:30:00,CUST_138,Electronics,1,349.47,65.34,2024,7,July,Saturday,349.47,65.34,284.13,81.3
TXN_10031,2024-07-27 23:00:00,CUST_392,Apparel,2,23.98,212.11,2024,7,July,Saturday,47.96,424.22,-376.26,-784.53
TXN_10032,2024-07-27 23:30:00,CUST_277,Home Goods,5,536.74,247.79,2024,7,July,Saturday,2683.7,1238.95,1444.75,53.83
TXN_10033,2024-07-28 00:00:00,CUST_261,Electronics,3,553.63,134.61,2024,7,July,Sunday,1660.89,403.83,1257.06,75.69
TXN_10034,2024-07-28 00:30:00,CUST_430,Electronics,3,443.85,225.08,2024,7,July,Sunday,1331.55,675.24,656.31,49.29
TXN_10035,2024-07-28 01:00:00,CUST_473,Home Goods,2,287.93,269.84,2024,7,July,Sunday,575.86,539.68,36.18,6.28
TXN_10036,2024-07-28 01:30:00,CUST_203,Apparel,3,164.11,72.6,2024,7,July,Sunday,492.33,217.8,274.53,55.76
TXN_10038,2024-07-28 02:30:00,CUST_386,Electronics,2,560.1,259.52,2024,7,July,Sunday,1120.2,519.04,601.16,53.67
TXN_10039,2024-07-28 03:00:00,CUST_222,Electronics,2,107.74,131.4,2024,7,July,Sunday,215.48,262.8,-47.32,-21.96
TXN_10040,2024-07-28 03:30:00,CUST_153,Apparel,4,287.51,65.25,2024,7,July,Sunday,1150.04,261.0,889.04,77.31
TXN_10041,2024-07-28 04:00:00,CUST_133,Apparel,1,199.43,107.28,2024,7,July,Sunday,199.43,107.28,92.15,46.21
TXN_10042,2024-07-28 04:30:00,CUST_341,Apparel,5,223.69,327.25,2024,7,July,Sunday,1118.45,1636.25,-517.8,-46.3
TXN_10043,2024-07-28 05:00:00,CUST_477,Apparel,5,252.37,131.53,2024,7,July,Sunday,1261.85,657.65,604.2,47.88
TXN_10044,2024-07-28 05:30:00,CUST_212,Electronics,1,571.8,46.62,2024,7,July,Sunday,571.8,46.62,525.18,91.85
TXN_10046,2024-07-28 06:30:00,CUST_122,Apparel,5,303.22,71.37,2024,7,July,Sunday,1516.1,356.85,1159.25,76.46
TXN_10047,2024-07-28 07:00:00,CUST_145,Apparel,3,571.62,53.35,2024,7,July,Sunday,1714.86,160.05,1554.81,90.67
TXN_10048,2024-07-28 07:30:00,CUST_411,Apparel,3,293.49,178.31,2024,7,July,Sunday,880.47,534.93,345.54,39.24
TXN_10049,2024-07-28 08:00:00,CUST_234,Apparel,5,520.21,128.17,2024,7,July,Sunday,2601.05,640.85,1960.2,75.36
TXN_10052,2024-07-28 09:30:00,CUST_230,Apparel,4,124.71,170.91,2024,7,July,Sunday,498.84,683.64,-184.8,-37.05
TXN_10053,2024-07-28 10:00:00,CUST_311,Electronics,5,588.26,312.1,2024,7,July,Sunday,2941.3,1560.5,1380.8,46.95
TXN_10054,2024-07-28 10:30:00,CUST_212,Apparel,2,117.71,163.16,2024,7,July,Sunday,235.42,326.32,-90.9,-38.61
TXN_10056,2024-07-28 11:30:00,CUST_227,Electronics,2,195.54,65.26,2024,7,July,Sunday,391.08,130.52,260.56,66.63
TXN_10057,2024-07-28 12:00:00,CUST_463,Electronics,1,268.44,27.88,2024,7,July,Sunday,268.44,27.88,240.56,89.61
TXN_10060,2024-07-28 13:30:00,CUST_414,Electronics,3,193.85,265.33,2024,7,July,Sunday,581.55,795.99,-214.44,-36.87
TXN_10062,2024-07-28 14:30:00,CUST_454,Apparel,4,95.41,54.42,2024,7,July,Sunday,381.64,217.68,163.96,42.96
TXN_10063,2024-07-28 15:00:00,CUST_439,Electronics,5,497.27,325.39,2024,7,July,Sunday,2486.35,1626.95,859.4,34.56
TXN_10064,2024-07-28 15:30:00,CUST_144,Apparel,2,332.37,244.19,2024,7,July,Sunday,664.74,488.38,176.36,26.53
TXN_10065,2024-07-28 16:00:00,CUST_207,Apparel,3,587.98,170.92,2024,7,July,Sunday,1763.94,512.76,1251.18,70.93
TXN_10067,2024-07-28 17:00:00,CUST_417,Electronics,3,129.34,299.61,2024,7,July,Sunday,388.02,898.83,-510.81,-131.65
TXN_10068,2024-07-28 17:30:00,CUST_414,Apparel,4,217.42,46.81,2024,7,July,Sunday,869.68,187.24,682.44,78.47
TXN_10069,2024-07-28 18:00:00,CUST_276,Apparel,4,446.12,217.76,2024,7,July,Sunday,1784.48,871.04,913.44,51.19
TXN_10070,2024-07-28 18:30:00,CUST_327,Electronics,4,400.58,237.01,2024,7,July,Sunday,1602.32,948.04,654.28,40.83
TXN_10071,2024-07-28 19:00:00,CUST_290,Electronics,4,470.33,146.05,2024,7,July,Sunday,1881.32,584.2,1297.12,68.95
TXN_10073,2024-07-28 20:00:00,CUST_493,Home Goods,2,354.52,27.24,2024,7,July,Sunday,709.04,54.48,654.56,92.32
TXN_10074,2024-07-28 20:30:00,CUST_366,Electronics,4,560.32,288.16,2024,7,July,Sunday,2241.28,1152.64,1088.64,48.57
TXN_10075,2024-07-28 21:00:00,CUST_457,Apparel,3,78.12,198.29,2024,7,July,Sunday,234.36,594.87,-360.51,-153.83
TXN_10076,2024-07-28 21:30:00,CUST_425,Electronics,3,70.19,217.81,2024,7,July,Sunday,210.57,653.43,-442.86,-210.31
TXN_10079,2024-07-28 23:00:00,CUST_274,Home Goods,5,400.27,280.99,2024,7,July,Sunday,2001.35,1404.95,596.4,29.8
TXN_10080,2024-07-28 23:30:00,CUST_389,Apparel,3,334.05,62.2,2024,7,July,Sunday,1002.15,186.6,815.55,81.38
TXN_10081,2024-07-29 00:00:00,CUST_456,Home Goods,3,591.85,285.16,2024,7,July,Monday,1775.55,855.48,920.07,51.82
TXN_10083,2024-07-29 01:00:00,CUST_331,Home Goods,2,411.67,339.16,2024,7,July,Monday,823.34,678.32,145.02,17.61
TXN_10085,2024-07-29 02:00:00,CUST_303,Electronics,3,168.22,82.76,2024,7,July,Monday,504.66,248.28,256.38,50.8
TXN_10086,2024-07-29 02:30:00,CUST_312,Unknown,1,531.11,168.08,2024,7,July,Monday,531.11,168.08,363.03,68.35
TXN_10087,2024-07-29 03:00:00,CUST_139,Apparel,3,357.42,319.9,2024,7,July,Monday,1072.26,959.7,112.56,10.5
TXN_10088,2024-07-29 03:30:00,CUST_374,Home Goods,5,476.73,227.86,2024,7,July,Monday,2383.65,1139.3,1244.35,52.2
TXN_10089,2024-07-29 04:00:00,CUST_422,Electronics,5,278.17,167.66,2024,7,July,Monday,1390.85,838.3,552.55,39.73
TXN_10092,2024-07-29 05:30:00,CUST_419,Electronics,4,109.27,236.18,2024,7,July,Monday,437.08,944.72,-507.64,-116.14
TXN_10093,2024-07-29 06:00:00,CUST_182,Apparel,2,472.37,274.15,2024,7,July,Monday,944.74,548.3,396.44,41.96
TXN_10094,2024-07-29 06:30:00,CUST_402,Apparel,5,424.8,162.04,2024,7,July,Monday,2124.0,810.2,1313.8,61.85
TXN_10095,2024-07-29 07:00:00,CUST_361,Electronics,1,66.72,28.99,2024,7,July,Monday,66.72,28.99,37.73,56.55
TXN_10096,2024-07-29 07:30:00,CUST_371,Electronics,1,378.51,225.28,2024,7,July,Monday,378.51,225.28,153.23,40.48
TXN_10097,2024-07-29 08:00:00,CUST_299,Electronics,4,526.37,323.34,2024,7,July,Monday,2105.48,1293.36,812.12,38.57
TXN_10098,2024-07-29 08:30:00,CUST_339,Electronics,2,422.96,178.78,2024,7,July,Monday,845.92,357.56,488.36,57.73
TXN_10099,2024-07-29 09:00:00,CUST_279,Apparel,2,314.0,325.66,2024,7,July,Monday,628.0,651.32,-23.32,-3.71
TXN_10101,2024-07-29 10:00:00,CUST_394,Electronics,3,533.95,311.36,2024,7,July,Monday,1601.85,934.08,667.77,41.69
TXN_10102,2024-07-29 10:30:00,CUST_276,Home Goods,1,262.34,277.36,2024,7,July,Monday,262.34,277.36,-15.02,-5.73
TXN_10103,2024-07-29 11:00:00,CUST_468,Apparel,1,515.41,336.99,2024,7,July,Monday,515.41,336.99,178.42,34.62
TXN_10105,2024-07-29 12:00:00,CUST_336,Apparel,1,492.49,119.3,2024,7,July,Monday,492.49,119.3,373.19,75.78
TXN_10106,2024-07-29 12:30:00,CUST_237,Home Goods,1,594.03,316.19,2024,7,July,Monday,594.03,316.19,277.84,46.77
TXN_10108,2024-07-29 13:30:00,CUST_465,Apparel,5,34.91,65.1,2024,7,July,Monday,174.55,325.5,-150.95,-86.48
TXN_10109,2024-07-29 14:00:00,CUST_410,Apparel,2,135.18,25.63,2024,7,July,Monday,270.36,51.26,219.1,81.04
TXN_10110,2024-07-29 14:30:00,CUST_228,Electronics,3,35.59,134.39,2024,7,July,Monday,106.77,403.17,-296.4,-277.61
TXN_10111,2024-07-29 15:00:00,CUST_148,Home Goods,5,126.1,277.53,2024,7,July,Monday,630.5,1387.65,-757.15,-120.09
TXN_10112,2024-07-29 15:30:00,CUST_263,Unknown,2,50.94,220.19,2024,7,July,Monday,101.88,440.38,-338.5,-332.25
TXN_10113,2024-07-29 16:00:00,CUST_376,Home Goods,4,308.45,189.22,2024,7,July,Monday,1233.8,756.88,476.92,38.65
TXN_10114,2024-07-29 16:30:00,CUST_392,Electronics,1,31.5,11.27,2024,7,July,Monday,31.5,11.27,20.23,64.22
TXN_10115,2024-07-29 17:00:00,CUST_215,Electronics,3,291.46,158.07,2024,7,July,Monday,874.38,474.21,400.17,45.77
TXN_10116,2024-07-29 17:30:00,CUST_123,Unknown,2,540.82,63.63,2024,7,July,Monday,1081.64,127.26,954.38,88.23
TXN_10117,2024-07-29 18:00:00,CUST_410,Apparel,4,452.92,164.55,2024,7,July,Monday,1811.68,658.2,1153.48,63.67
TXN_10118,2024-07-29 18:30:00,CUST_124,Electronics,1,567.21,347.2,2024,7,July,Monday,567.21,347.2,220.01,38.79
TXN_10119,2024-07-29 19:00:00,CUST_490,Apparel,4,147.59,309.04,2024,7,July,Monday,590.36,1236.16,-645.8,-109.39
TXN_10121,2024-07-29 20:00:00,CUST_333,Electronics,4,201.37,211.79,2024,7,July,Monday,805.48,847.16,-41.68,-5.17
TXN_10122,2024-07-29 20:30:00,CUST_308,Home Goods,5,303.88,180.71,2024,7,July,Monday,1519.4,903.55,615.85,40.53
TXN_10123,2024-07-29 21:00:00,CUST_192,Electronics,4,340.89,54.22,2024,7,July,Monday,1363.56,216.88,1146.68,84.09
TXN_10124,2024-07-29 21:30:00,CUST_193,Electronics,5,36.17,346.53,2024,7,July,Monday,180.85,1732.65,-1551.8,-858.06
TXN_10126,2024-07-29 22:30:00,CUST_324,Apparel,5,427.29,181.92,2024,7,July,Monday,2136.45,909.6,1226.85,57.42
TXN_10129,2024-07-30 00:00:00,CUST_110,Apparel,4,173.43,85.56,2024,7,July,Tuesday,693.72,342.24,351.48,50.67
TXN_10130,2024-07-30 00:30:00,CUST_428,Home Goods,2,251.97,75.47,2024,7,July,Tuesday,503.94,150.94,353.0,70.05
TXN_10131,2024-07-30 01:00:00,CUST_111,Electronics,4,71.18,140.72,2024,7,July,Tuesday,284.72,562.88,-278.16,-97.7
TXN_10132,2024-07-30 01:30:00,CUST_134,Home Goods,4,572.61,77.89,2024,7,July,Tuesday,2290.44,311.56,1978.88,86.4
TXN_10133,2024-07-30 02:00:00,CUST_327,Electronics,2,523.18,324.97,2024,7,July,Tuesday,1046.36,649.94,396.42,37.89
TXN_10134,2024-07-30 02:30:00,CUST_319,Apparel,1,53.38,252.87,2024,7,July,Tuesday,53.38,252.87,-199.49,-373.72
TXN_10135,2024-07-30 03:00:00,CUST_240,Apparel,3,112.4,315.26,2024,7,July,Tuesday,337.2,945.78,-608.58,-180.48
TXN_10137,2024-07-30 04:00:00,CUST_182,Apparel,1,150.97,249.07,2024,7,July,Tuesday,150.97,249.07,-98.1,-64.98
TXN_10138,2024-07-30 04:30:00,CUST_328,Electronics,4,561.62,92.53,2024,7,July,Tuesday,2246.48,370.12,1876.36,83.52
TXN_10139,2024-07-30 05:00:00,CUST_443,Electronics,1,457.02,219.21,2024,7,July,Tuesday,457.02,219.21,237.81,52.03
TXN_10140,2024-07-30 05:30:00,CUST_179,Electronics,3,174.88,73.34,2024,7,July,Tuesday,524.64,220.02,304.62,58.06
TXN_10142,2024-07-30 06:30:00,CUST_495,Electronics,1,482.68,225.08,2024,7,July,Tuesday,482.68,225.08,257.6,53.37
TXN_10143,2024-07-30 07:00:00,CUST_389,Electronics,3,263.09,222.37,2024,7,July,Tuesday,789.27,667.11,122.16,15.48
TXN_10144,2024-07-30 07:30:00,CUST_430,Electronics,1,390.79,63.25,2024,7,July,Tuesday,390.79,63.25,327.54,83.81
TXN_10145,2024-07-30 08:00:00,CUST_258,Apparel,5,182.88,129.83,2024,7,July,Tuesday,914.4,649.15,265.25,29.01
TXN_10146,2024-07-30 08:30:00,CUST_227,Apparel,4,98.58,32.54,2024,7,July,Tuesday,394.32,130.16,264.16,66.99
TXN_10147,2024-07-30 09:00:00,CUST_289,Electronics,3,410.06,253.35,2024,7,July,Tuesday,1230.18,760.05,470.13,38.22
TXN_10149,2024-07-30 10:00:00,CUST_130,Apparel,4,152.57,261.57,2024,7,July,Tuesday,610.28,1046.28,-436.0,-71.44
TXN_10150,2024-07-30 10:30:00,CUST_485,Home Goods,5,95.51,297.01,2024,7,July,Tuesday,477.55,1485.05,-1007.5,-210.97
TXN_10152,2024-07-30 11:30:00,CUST_114,Home Goods,1,439.45,42.5,2024,7,July,Tuesday,439.45,42.5,396.95,90.33
TXN_10153,2024-07-30 12:00:00,CUST_412,Electronics,4,181.07,257.05,2024,7,July,Tuesday,724.28,1028.2,-303.92,-41.96
TXN_10154,2024-07-30 12:30:00,CUST_174,Unknown,1,445.06,97.22,2024,7,July,Tuesday,445.06,97.22,347.84,78.16
TXN_10155,2024-07-30 13:00:00,CUST_133,Electronics,1,122.13,142.02,2024,7,July,Tuesday,122.13,142.02,-19.89,-16.29
TXN_10156,2024-07-30 13:30:00,CUST_458,Unknown,4,212.97,249.05,2024,7,July,Tuesday,851.88,996.2,-144.32,-16.94
TXN_10157,2024-07-30 14:00:00,CUST_295,Electronics,3,450.76,317.63,2024,7,July,Tuesday,1352.28,952.89,399.39,29.53
TXN_10158,2024-07-30 14:30:00,CUST_430,Apparel,3,401.18,175.32,2024,7,July,Tuesday,1203.54,525.96,677.58,56.3
TXN_10159,2024-07-30 15:00:00,CUST_128,Electronics,4,173.26,336.95,2024,7,July,Tuesday,693.04,1347.8,-654.76,-94.48
TXN_10160,2024-07-30 15:30:00,CUST_293,Electronics,3,86.45,186.77,2024,7,July,Tuesday,259.35,560.31,-300.96,-116.04
TXN_10161,2024-07-30 16:00:00,CUST_115,Home Goods,2,39.85,51.65,2024,7,July,Tuesday,79.7,103.3,-23.6,-29.61
TXN_10162,2024-07-30 16:30:00,CUST_176,Apparel,1,505.18,186.27,2024,7,July,Tuesday,505.18,186.27,318.91,63.13
TXN_10163,2024-07-30 17:00:00,CUST_392,Unknown,4,58.96,302.61,2024,7,July,Tuesday,235.84,1210.44,-974.6,-413.25
TXN_10165,2024-07-30 18:00:00,CUST_223,Apparel,5,154.06,264.24,2024,7,July,Tuesday,770.3,1321.2,-550.9,-71.52
TXN_10167,2024-07-30 19:00:00,CUST_201,Unknown,4,477.03,195.66,2024,7,July,Tuesday,1908.12,782.64,1125.48,58.98
TXN_10168,2024-07-30 19:30:00,CUST_491,Apparel,4,159.78,106.82,2024,7,July,Tuesday,639.12,427.28,211.84,33.15
TXN_10169,2024-07-30 20:00:00,CUST_176,Apparel,1,332.95,78.43,2024,7,July,Tuesday,332.95,78.43,254.52,76.44
TXN_10170,2024-07-30 20:30:00,CUST_328,Apparel,5,67.87,104.83,2024,7,July,Tuesday,339.35,524.15,-184.8,-54.46
TXN_10171,2024-07-30 21:00:00,CUST_396,Apparel,1,286.74,159.88,2024,7,July,Tuesday,286.74,159.88,126.86,44.24
TXN_10174,2024-07-30 22:30:00,CUST_125,Electronics,3,229.59,65.55,2024,7,July,Tuesday,688.77,196.65,492.12,71.45
TXN_10175,2024-07-30 23:00:00,CUST_170,Electronics,4,460.39,197.97,2024,7,July,Tuesday,1841.56,791.88,1049.68,57.0
TXN_10176,2024-07-30 23:30:00,CUST_202,Home Goods,1,450.23,151.45,2024,7,July,Tuesday,450.23,151.45,298.78,66.36
TXN_10181,2024-07-31 02:00:00,CUST_458,Apparel,2,523.61,328.05,2024,7,July,Wednesday,1047.22,656.1,391.12,37.35
TXN_10182,2024-07-31 02:30:00,CUST_293,Electronics,4,581.43,45.82,2024,7,July,Wednesday,2325.72,183.28,2142.44,92.12
TXN_10185,2024-07-31 04:00:00,CUST_285,Electronics,3,420.67,25.83,2024,7,July,Wednesday,1262.01,77.49,1184.52,93.86
TXN_10186,2024-07-31 04:30:00,CUST_425,Apparel,1,211.69,335.65,2024,7,July,Wednesday,211.69,335.65,-123.96,-58.56
TXN_10187,2024-07-31 05:00:00,CUST_212,Apparel,1,380.9,246.25,2024,7,July,Wednesday,380.9,246.25,134.65,35.35
TXN_10188,2024-07-31 05:30:00,CUST_412,Electronics,2,157.6,120.34,2024,7,July,Wednesday,315.2,240.68,74.52,23.64
TXN_10189,2024-07-31 06:00:00,CUST_264,Electronics,3,171.19,237.76,2024,7,July,Wednesday,513.57,713.28,-199.71,-38.89
TXN_10192,2024-07-31 07:30:00,CUST_385,Electronics,2,376.63,16.98,2024,7,July,Wednesday,753.26,33.96,719.3,95.49
TXN_10195,2024-07-31 09:00:00,CUST_226,Apparel,4,595.58,212.49,2024,7,July,Wednesday,2382.32,849.96,1532.36,64.32
TXN_10196,2024-07-31 09:30:00,CUST_292,Electronics,5,66.34,173.17,2024,7,July,Wednesday,331.7,865.85,-534.15,-161.03
TXN_10199,2024-07-31 11:00:00,CUST_117,Apparel,1,485.65,176.76,2024,7,July,Wednesday,485.65,176.76,308.89,63.6
TXN_10201,2024-07-31 12:00:00,CUST_191,Home Goods,2,55.58,283.07,2024,7,July,Wednesday,111.16,566.14,-454.98,-409.3
TXN_10205,2024-07-31 14:00:00,CUST_439,Apparel,1,246.22,206.87,2024,7,July,Wednesday,246.22,206.87,39.35,15.98
TXN_10206,2024-07-31 14:30:00,CUST_151,Electronics,1,527.62,84.91,2024,7,July,Wednesday,527.62,84.91,442.71,83.91
TXN_10207,2024-07-31 15:00:00,CUST_294,Apparel,2,34.16,128.32,2024,7,July,Wednesday,68.32,256.64,-188.32,-275.64
TXN_10208,2024-07-31 15:30:00,CUST_305,Electronics,1,198.81,65.78,2024,7,July,Wednesday,198.81,65.78,133.03,66.91
TXN_10209,2024-07-31 16:00:00,CUST_386,Home Goods,3,440.18,12.43,2024,7,July,Wednesday,1320.54,37.29,1283.25,97.18
TXN_10210,2024-07-31 16:30:00,CUST_465,Apparel,3,144.55,37.38,2024,7,July,Wednesday,433.65,112.14,321.51,74.14
TXN_10211,2024-07-31 17:00:00,CUST_192,Electronics,5,131.06,268.27,2024,7,July,Wednesday,655.3,1341.35,-686.05,-104.69
TXN_10213,2024-07-31 18:00:00,CUST_244,Electronics,3,375.33,145.95,2024,7,July,Wednesday,1125.99,437.85,688.14,61.11
TXN_10214,2024-07-31 18:30:00,CUST_185,Home Goods,2,593.58,345.17,2024,7,July,Wednesday,1187.16,690.34,496.82,41.85
TXN_10216,2024-07-31 19:30:00,CUST_101,Apparel,3,223.34,265.21,2024,7,July,Wednesday,670.02,795.63,-125.61,-18.75
TXN_10217,2024-07-31 20:00:00,CUST_441,Home Goods,5,197.06,103.4,2024,7,July,Wednesday,985.3,517.0,468.3,47.53
TXN_10219,2024-07-31 21:00:00,CUST_359,Apparel,4,164.35,179.56,2024,7,July,Wednesday,657.4,718.24,-60.84,-9.25
TXN_10220,2024-07-31 21:30:00,CUST_263,Apparel,4,221.77,222.1,2024,7,July,Wednesday,887.08,888.4,-1.32,-0.15
TXN_10221,2024-07-31 22:00:00,CUST_105,Apparel,2,98.56,158.18,2024,7,July,Wednesday,197.12,316.36,-119.24,-60.49
TXN_10222,2024-07-31 22:30:00,CUST_248,Electronics,5,468.61,190.53,2024,7,July,Wednesday,2343.05,952.65,1390.4,59.34
TXN_10223,2024-07-31 23:00:00,CUST_304,Electronics,3,154.06,346.05,2024,7,July,Wednesday,462.18,1038.15,-575.97,-124.62
TXN_10224,2024-07-31 23:30:00,CUST_217,Apparel,5,54.97,121.97,2024,7,July,Wednesday,274.85,609.85,-335.0,-121.88
TXN_10225,2024-08-01 00:00:00,CUST_188,Home Goods,1,269.54,83.59,2024,8,August,Thursday,269.54,83.59,185.95,68.99
TXN_10226,2024-08-01 00:30:00,CUST_253,Electronics,5,244.0,162.49,2024,8,August,Thursday,1220.0,812.45,407.55,33.41
TXN_10227,2024-08-01 01:00:00,CUST_266,Electronics,3,118.9,188.27,2024,8,August,Thursday,356.7,564.81,-208.11,-58.34
TXN_10228,2024-08-01 01:30:00,CUST_260,Electronics,2,93.15,39.11,2024,8,August,Thursday,186.3,78.22,108.08,58.01
TXN_10229,2024-08-01 02:00:00,CUST_369,Home Goods,1,539.49,284.03,2024,8,August,Thursday,539.49,284.03,255.46,47.35
TXN_10230,2024-08-01 02:30:00,CUST_155,Electronics,5,54.69,153.5,2024,8,August,Thursday,273.45,767.5,-494.05,-180.67
TXN_10231,2024-08-01 03:00:00,CUST_327,Home Goods,4,73.1,150.48,2024,8,August,Thursday,292.4,601.92,-309.52,-105.85
TXN_10232,2024-08-01 03:30:00,CUST_436,Electronics,3,158.35,234.01,2024,8,August,Thursday,475.05,702.03,-226.98,-47.78
TXN_10233,2024-08-01 04:00:00,CUST_248,Home Goods,2,572.41,272.9,2024,8,August,Thursday,1144.82,545.8,599.02,52.32
TXN_10235,2024-08-01 05:00:00,CUST_243,Apparel,3,492.37,69.0,2024,8,August,Thursday,1477.11,207.0,1270.11,85.99
TXN_10236,2024-08-01 05:30:00,CUST_337,Electronics,5,536.85,127.49,2024,8,August,Thursday,2684.25,637.45,2046.8,76.25
TXN_10238,2024-08-01 06:30:00,CUST_219,Electronics,2,186.93,309.49,2024,8,August,Thursday,373.86,618.98,-245.12,-65.56
TXN_10239,2024-08-01 07:00:00,CUST_439,Electronics,4,411.27,196.49,2024,8,August,Thursday,1645.08,785.96,859.12,52.22
TXN_10240,2024-08-01 07:30:00,CUST_319,Electronics,1,426.04,299.83,2024,8,August,Thursday,426.04,299.83,126.21,29.62
TXN_10241,2024-08-01 08:00:00,CUST_107,Home Goods,5,471.29,344.98,2024,8,August,Thursday,2356.45,1724.9,631.55,26.8
TXN_10242,2024-08-01 08:30:00,CUST_443,Home Goods,2,500.88,197.07,2024,8,August,Thursday,1001.76,394.14,607.62,60.66
TXN_10243,2024-08-01 09:00:00,CUST_486,Apparel,1,172.01,50.17,2024,8,August,Thursday,172.01,50.17,121.84,70.83
TXN_10245,2024-08-01 10:00:00,CUST_452,Electronics,2,93.92,22.3,2024,8,August,Thursday,187.84,44.6,143.24,76.26
TXN_10247,2024-08-01 11:00:00,CUST_178,Home Goods,5,373.54,16.08,2024,8,August,Thursday,1867.7,80.4,1787.3,95.7
TXN_10248,2024-08-01 11:30:00,CUST_185,Apparel,2,109.61,211.34,2024,8,August,Thursday,219.22,422.68,-203.46,-92.81
TXN_10249,2024-08-01 12:00:00,CUST_223,Apparel,4,59.76,46.09,2024,8,August,Thursday,239.04,184.36,54.68,22.87
TXN_10251,2024-08-01 13:00:00,CUST_249,Home Goods,2,261.04,97.09,2024,8,August,Thursday,522.08,194.18,327.9,62.81
TXN_10252,2024-08-01 13:30:00,CUST_145,Apparel,5,534.39,197.63,2024,8,August,Thursday,2671.95,988.15,1683.8,63.02
TXN_10253,2024-08-01 14:00:00,CUST_212,Electronics,2,326.17,35.53,2024,8,August,Thursday,652.34,71.06,581.28,89.11
TXN_10254,2024-08-01 14:30:00,CUST_190,Apparel,1,452.87,219.06,2024,8,August,Thursday,452.87,219.06,233.81,51.63
TXN_10255,2024-08-01 15:00:00,CUST_240,Apparel,1,116.87,238.48,2024,8,August,Thursday,116.87,238.48,-121.61,-104.06
TXN_10258,2024-08-01 16:30:00,CUST_317,Apparel,3,198.62,202.71,2024,8,August,Thursday,595.86,608.13,-12.27,-2.06
TXN_10262,2024-08-01 18:30:00,CUST_433,Home Goods,3,318.5,147.14,2024,8,August,Thursday,955.5,441.42,514.08,53.8
TXN_10263,2024-08-01 19:00:00,CUST_251,Apparel,4,17.7,124.59,2024,8,August,Thursday,70.8,498.36,-427.56,-603.9
TXN_10264,2024-08-01 19:30:00,CUST_422,Electronics,1,34.49,257.4,2024,8,August,Thursday,34.49,257.4,-222.91,-646.3
TXN_10265,2024-08-01 20:00:00,CUST_338,Electronics,3,64.0,110.87,2024,8,August,Thursday,192.0,332.61,-140.61,-73.23
TXN_10266,2024-08-01 20:30:00,CUST_214,Home Goods,2,423.91,139.39,2024,8,August,Thursday,847.82,278.78,569.04,67.12
TXN_10267,2024-08-01 21:00:00,CUST_418,Home Goods,4,299.42,134.84,2024,8,August,Thursday,1197.68,539.36,658.32,54.97
TXN_10268,2024-08-01 21:30:00,CUST_468,Electronics,5,127.88,305.94,2024,8,August,Thursday,639.4,1529.7,-890.3,-139.24
TXN_10269,2024-08-01 22:00:00,CUST_193,Home Goods,3,361.67,67.94,2024,8,August,Thursday,1085.01,203.82,881.19,81.21
TXN_10272,2024-08-01 23:30:00,CUST_111,Electronics,3,389.64,15.2,2024,8,August,Thursday,1168.92,45.6,1123.32,96.1
TXN_10277,2024-08-02 02:00:00,CUST_440,Home Goods,1,457.69,346.96,2024,8,August,Friday,457.69,346.96,110.73,24.19
TXN_10278,2024-08-02 02:30:00,CUST_156,Home Goods,4,548.39,198.68,2024,8,August,Friday,2193.56,794.72,1398.84,63.77
TXN_10280,2024-08-02 03:30:00,CUST_439,Apparel,1,158.1,300.24,2024,8,August,Friday,158.1,300.24,-142.14,-89.91
TXN_10281,2024-08-02 04:00:00,CUST_302,Electronics,1,248.52,55.61,2024,8,August,Friday,248.52,55.61,192.91,77.62
TXN_10283,2024-08-02 05:00:00,CUST_220,Apparel,4,15.73,307.0,2024,8,August,Friday,62.92,1228.0,-1165.08,-1851.68
TXN_10284,2024-08-02 05:30:00,CUST_325,Electronics,2,395.52,97.05,2024,8,August,Friday,791.04,194.1,596.94,75.46
TXN_10286,2024-08-02 06:30:00,CUST_429,Apparel,3,138.08,162.21,2024,8,August,Friday,414.24,486.63,-72.39,-17.48
TXN_10287,2024-08-02 07:00:00,CUST_462,Electronics,1,437.63,268.31,2024,8,August,Friday,437.63,268.31,169.32,38.69
TXN_10288,2024-08-02 07:30:00,CUST_479,Apparel,3,404.45,89.0,2024,8,August,Friday,1213.35,267.0,946.35,77.99
TXN_10289,2024-08-02 08:00:00,CUST_455,Electronics,4,57.9,152.65,2024,8,August,Friday,231.6,610.6,-379.0,-163.64
TXN_10290,2024-08-02 08:30:00,CUST_315,Apparel,2,401.13,118.17,2024,8,August,Friday,802.26,236.34,565.92,70.54
TXN_10291,2024-08-02 09:00:00,CUST_142,Home Goods,5,559.39,94.67,2024,8,August,Friday,2796.95,473.35,2323.6,83.08
TXN_10294,2024-08-02 10:30:00,CUST_254,Apparel,2,441.72,334.83,2024,8,August,Friday,883.44,669.66,213.78,24.2
TXN_10295,2024-08-02 11:00:00,CUST_285,Electronics,4,405.62,191.3,2024,8,August,Friday,1622.48,765.2,857.28,52.84
TXN_10296,2024-08-02 11:30:00,CUST_348,Apparel,2,147.51,167.1,2024,8,August,Friday,295.02,334.2,-39.18,-13.28
TXN_10298,2024-08-02 12:30:00,CUST_392,Apparel,5,473.78,348.68,2024,8,August,Friday,2368.9,1743.4,625.5,26.4
TXN_10299,2024-08-02 13:00:00,CUST_233,Home Goods,1,574.4,232.22,2024,8,August,Friday,574.4,232.22,342.18,59.57
TXN_10300,2024-08-02 13:30:00,CUST_420,Apparel,2,464.04,249.19,2024,8,August,Friday,928.08,498.38,429.7,46.3
TXN_10303,2024-08-02 15:00:00,CUST_460,Home Goods,4,558.52,72.58,2024,8,August,Friday,2234.08,290.32,1943.76,87.0
TXN_10306,2024-08-02 16:30:00,CUST_224,Apparel,2,109.53,264.42,2024,8,August,Friday,219.06,528.84,-309.78,-141.41
TXN_10307,2024-08-02 17:00:00,CUST_178,Apparel,5,492.11,82.47,2024,8,August,Friday,2460.55,412.35,2048.2,83.24
TXN_10308,2024-08-02 17:30:00,CUST_445,Home Goods,4,130.1,147.19,2024,8,August,Friday,520.4,588.76,-68.36,-13.14
TXN_10309,2024-08-02 18:00:00,CUST_150,Apparel,2,31.05,170.2,2024,8,August,Friday,62.1,340.4,-278.3,-448.15
TXN_10310,2024-08-02 18:30:00,CUST_315,Apparel,4,317.79,66.62,2024,8,August,Friday,1271.16,266.48,1004.68,79.04
TXN_10312,2024-08-02 19:30:00,CUST_457,Apparel,5,40.47,117.8,2024,8,August,Friday,202.35,589.0,-386.65,-191.08
TXN_10313,2024-08-02 20:00:00,CUST_352,Apparel,1,588.48,195.26,2024,8,August,Friday,588.48,195.26,393.22,66.82
TXN_10314,2024-08-02 20:30:00,CUST_345,Apparel,5,404.88,231.91,2024,8,August,Friday,2024.4,1159.55,864.85,42.72
TXN_10315,2024-08-02 21:00:00,CUST_326,Apparel,1,542.56,154.59,2024,8,August,Friday,542.56,154.59,387.97,71.51
TXN_10317,2024-08-02 22:00:00,CUST_292,Electronics,3,244.3,194.69,2024,8,August,Friday,732.9,584.07,148.83,20.31
TXN_10322,2024-08-03 00:30:00,CUST_366,Apparel,5,291.37,191.47,2024,8,August,Saturday,1456.85,957.35,499.5,34.29
TXN_10323,2024-08-03 01:00:00,CUST_367,Unknown,1,241.54,267.75,2024,8,August,Saturday,241.54,267.75,-26.21,-10.85
TXN_10324,2024-08-03 01:30:00,CUST_269,Home Goods,3,113.44,207.03,2024,8,August,Saturday,340.32,621.09,-280.77,-82.5
TXN_10325,2024-08-03 02:00:00,CUST_138,Apparel,3,273.49,85.42,2024,8,August,Saturday,820.47,256.26,564.21,68.77
TXN_10326,2024-08-03 02:30:00,CUST_238,Electronics,3,64.87,80.64,2024,8,August,Saturday,194.61,241.92,-47.31,-24.31
TXN_10328,2024-08-03 03:30:00,CUST_151,Apparel,4,42.44,154.97,2024,8,August,Saturday,169.76,619.88,-450.12,-265.15
TXN_10329,2024-08-03 04:00:00,CUST_386,Home Goods,5,237.68,157.17,2024,8,August,Saturday,1188.4,785.85,402.55,33.87
TXN_10330,2024-08-03 04:30:00,CUST_388,Electronics,5,73.58,90.39,2024,8,August,Saturday,367.9,451.95,-84.05,-22.85
TXN_10333,2024-08-03 06:00:00,CUST_413,Electronics,5,81.17,237.6,2024,8,August,Saturday,405.85,1188.0,-782.15,-192.72
TXN_10334,2024-08-03 06:30:00,CUST_283,Apparel,5,325.92,227.62,2024,8,August,Saturday,1629.6,1138.1,491.5,30.16
TXN_10335,2024-08-03 07:00:00,CUST_251,Unknown,4,551.02,215.61,2024,8,August,Saturday,2204.08,862.44,1341.64,60.87
TXN_10336,2024-08-03 07:30:00,CUST_300,Apparel,5,546.56,318.74,2024,8,August,Saturday,2732.8,1593.7,1139.1,41.68
TXN_10337,2024-08-03 08:00:00,CUST_227,Home Goods,1,161.05,15.4,2024,8,August,Saturday,161.05,15.4,145.65,90.44
TXN_10339,2024-08-03 09:00:00,CUST_410,Home Goods,3,32.72,255.53,2024,8,August,Saturday,98.16,766.59,-668.43,-680.96
TXN_10340,2024-08-03 09:30:00,CUST_352,Home Goods,4,92.13,130.2,2024,8,August,Saturday,368.52,520.8,-152.28,-41.32
TXN_10341,2024-08-03 10:00:00,CUST_365,Apparel,4,307.19,345.42,2024,8,August,Saturday,1228.76,1381.68,-152.92,-12.45
TXN_10343,2024-08-03 11:00:00,CUST_485,Apparel,5,481.98,72.36,2024,8,August,Saturday,2409.9,361.8,2048.1,84.99
TXN_10344,2024-08-03 11:30:00,CUST_329,Apparel,3,559.68,210.0,2024,8,August,Saturday,1679.04,630.0,1049.04,62.48
TXN_10346,2024-08-03 12:30:00,CUST_358,Home Goods,1,151.26,125.77,2024,8,August,Saturday,151.26,125.77,25.49,16.85
TXN_10348,2024-08-03 13:30:00,CUST_297,Apparel,3,344.4,18.92,2024,8,August,Saturday,1033.2,56.76,976.44,94.51
TXN_10350,2024-08-03 14:30:00,CUST_155,Apparel,2,536.75,123.87,2024,8,August,Saturday,1073.5,247.74,825.76,76.92
TXN_10351,2024-08-03 15:00:00,CUST_418,Apparel,3,387.74,127.64,2024,8,August,Saturday,1163.22,382.92,780.3,67.08
TXN_10352,2024-08-03 15:30:00,CUST_302,Apparel,1,165.57,94.25,2024,8,August,Saturday,165.57,94.25,71.32,43.08
TXN_10353,2024-08-03 16:00:00,CUST_370,Home Goods,1,473.22,55.85,2024,8,August,Saturday,473.22,55.85,417.37,88.2
TXN_10354,2024-08-03 16:30:00,CUST_208,Apparel,1,133.55,21.72,2024,8,August,Saturday,133.55,21.72,111.83,83.74
TXN_10355,2024-08-03 17:00:00,CUST_215,Electronics,4,579.63,345.82,2024,8,August,Saturday,2318.52,1383.28,935.24,40.34
TXN_10357,2024-08-03 18:00:00,CUST_237,Apparel,4,348.32,274.25,2024,8,August,Saturday,1393.28,1097.0,296.28,21.26
TXN_10358,2024-08-03 18:30:00,CUST_402,Home Goods,2,66.71,32.1,2024,8,August,Saturday,133.42,64.2,69.22,51.88
TXN_10359,2024-08-03 19:00:00,CUST_156,Electronics,3,253.45,15.04,2024,8,August,Saturday,760.35,45.12,715.23,94.07
TXN_10360,2024-08-03 19:30:00,CUST_149,Electronics,5,386.44,214.1,2024,8,August,Saturday,1932.2,1070.5,861.7,44.6
TXN_10362,2024-08-03 20:30:00,CUST_498,Electronics,2,474.56,144.25,2024,8,August,Saturday,949.12,288.5,660.62,69.6
TXN_10364,2024-08-03 21:30:00,CUST_471,Home Goods,5,162.02,140.72,2024,8,August,Saturday,810.1,703.6,106.5,13.15
TXN_10366,2024-08-03 22:30:00,CUST_187,Electronics,5,489.5,266.33,2024,8,August,Saturday,2447.5,1331.65,1115.85,45.59
TXN_10367,2024-08-03 23:00:00,CUST_101,Apparel,2,108.63,83.17,2024,8,August,Saturday,217.26,166.34,50.92,23.44
TXN_10368,2024-08-03 23:30:00,CUST_459,Home Goods,3,498.51,120.3,2024,8,August,Saturday,1495.53,360.9,1134.63,75.87
TXN_10370,2024-08-04 00:30:00,CUST_142,Apparel,5,387.77,10.04,2024,8,August,Sunday,1938.85,50.2,1888.65,97.41
TXN_10371,2024-08-04 01:00:00,CUST_253,Apparel,4,179.86,270.53,2024,8,August,Sunday,719.44,1082.12,-362.68,-50.41
TXN_10372,2024-08-04 01:30:00,CUST_426,Electronics,4,369.86,315.69,2024,8,August,Sunday,1479.44,1262.76,216.68,14.65
TXN_10373,2024-08-04 02:00:00,CUST_193,Home Goods,2,215.38,27.55,2024,8,August,Sunday,430.76,55.1,375.66,87.21
TXN_10377,2024-08-04 04:00:00,CUST_164,Home Goods,5,376.48,241.96,2024,8,August,Sunday,1882.4,1209.8,672.6,35.73
TXN_10378,2024-08-04 04:30:00,CUST_389,Electronics,2,140.18,218.19,2024,8,August,Sunday,280.36,436.38,-156.02,-55.65
TXN_10381,2024-08-04 06:00:00,CUST_485,Home Goods,4,174.35,107.55,2024,8,August,Sunday,697.4,430.2,267.2,38.31
TXN_10382,2024-08-04 06:30:00,CUST_312,Home Goods,2,244.19,240.2,2024,8,August,Sunday,488.38,480.4,7.98,1.63
TXN_10383,2024-08-04 07:00:00,CUST_247,Home Goods,5,22.02,262.73,2024,8,August,Sunday,110.1,1313.65,-1203.55,-1093.14
TXN_10384,2024-08-04 07:30:00,CUST_160,Home Goods,5,581.95,67.4,2024,8,August,Sunday,2909.75,337.0,2572.75,88.42
TXN_10385,2024-08-04 08:00:00,CUST_248,Home Goods,4,326.41,335.4,2024,8,August,Sunday,1305.64,1341.6,-35.96,-2.75
TXN_10387,2024-08-04 09:00:00,CUST_423,Home Goods,1,165.84,252.66,2024,8,August,Sunday,165.84,252.66,-86.82,-52.35
TXN_10388,2024-08-04 09:30:00,CUST_482,Apparel,1,451.77,266.37,2024,8,August,Sunday,451.77,266.37,185.4,41.04
TXN_10390,2024-08-04 10:30:00,CUST_377,Electronics,3,263.12,53.76,2024,8,August,Sunday,789.36,161.28,628.08,79.57
TXN_10391,2024-08-04 11:00:00,CUST_181,Apparel,4,582.84,103.73,2024,8,August,Sunday,2331.36,414.92,1916.44,82.2
TXN_10392,2024-08-04 11:30:00,CUST_228,Electronics,3,303.9,89.64,2024,8,August,Sunday,911.7,268.92,642.78,70.5
TXN_10395,2024-08-04 13:00:00,CUST_452,Home Goods,4,191.35,195.9,2024,8,August,Sunday,765.4,783.6,-18.2,-2.38
TXN_10396,2024-08-04 13:30:00,CUST_379,Home Goods,5,534.88,107.99,2024,8,August,Sunday,2674.4,539.95,2134.45,79.81
TXN_10398,2024-08-04 14:30:00,CUST_391,Electronics,4,329.0,133.51,2024,8,August,Sunday,1316.0,534.04,781.96,59.42
TXN_10399,2024-08-04 15:00:00,CUST_302,Electronics,2,541.59,216.33,2024,8,August,Sunday,1083.18,432.66,650.52,60.06
TXN_10400,2024-08-04 15:30:00,CUST_123,Electronics,3,299.44,273.06,2024,8,August,Sunday,898.32,819.18,79.14,8.81
TXN_10401,2024-08-04 16:00:00,CUST_450,Electronics,4,346.41,19.64,2024,8,August,Sunday,1385.64,78.56,1307.08,94.33
TXN_10402,2024-08-04 16:30:00,CUST_410,Unknown,3,238.56,97.83,2024,8,August,Sunday,715.68,293.49,422.19,58.99
TXN_10405,2024-08-04 18:00:00,CUST_304,Electronics,4,240.51,274.25,2024,8,August,Sunday,962.04,1097.0,-134.96,-14.03
TXN_10406,2024-08-04 18:30:00,CUST_251,Apparel,1,580.3,183.19,2024,8,August,Sunday,580.3,183.19,397.11,68.43
TXN_10407,2024-08-04 19:00:00,CUST_125,Apparel,3,80.12,51.54,2024,8,August,Sunday,240.36,154.62,85.74,35.67
TXN_10408,2024-08-04 19:30:00,CUST_293,Electronics,5,76.57,228.76,2024,8,August,Sunday,382.85,1143.8,-760.95,-198.76
TXN_10409,2024-08-04 20:00:00,CUST_435,Unknown,5,40.34,338.56,2024,8,August,Sunday,201.7,1692.8,-1491.1,-739.27
TXN_10410,2024-08-04 20:30:00,CUST_337,Electronics,4,202.23,311.52,2024,8,August,Sunday,808.92,1246.08,-437.16,-54.04
TXN_10411,2024-08-04 21:00:00,CUST_420,Electronics,5,247.96,244.7,2024,8,August,Sunday,1239.8,1223.5,16.3,1.31
TXN_10413,2024-08-04 22:00:00,CUST_262,Apparel,5,336.24,118.57,2024,8,August,Sunday,1681.2,592.85,1088.35,64.74
TXN_10414,2024-08-04 22:30:00,CUST_398,Electronics,3,356.23,131.37,2024,8,August,Sunday,1068.69,394.11,674.58,63.12
TXN_10416,2024-08-04 23:30:00,CUST_264,Electronics,4,585.94,323.51,2024,8,August,Sunday,2343.76,1294.04,1049.72,44.79
TXN_10417,2024-08-05 00:00:00,CUST_436,Apparel,3,377.32,81.85,2024,8,August,Monday,1131.96,245.55,886.41,78.31
TXN_10418,2024-08-05 00:30:00,CUST_285,Electronics,4,80.32,138.53,2024,8,August,Monday,321.28,554.12,-232.84,-72.47
TXN_10419,2024-08-05 01:00:00,CUST_153,Electronics,5,66.79,156.87,2024,8,August,Monday,333.95,784.35,-450.4,-134.87
TXN_10421,2024-08-05 02:00:00,CUST_141,Electronics,4,395.45,11.43,2024,8,August,Monday,1581.8,45.72,1536.08,97.11
TXN_10423,2024-08-05 03:00:00,CUST_486,Electronics,4,163.22,179.51,2024,8,August,Monday,652.88,718.04,-65.16,-9.98
TXN_10424,2024-08-05 03:30:00,CUST_237,Electronics,2,453.89,268.57,2024,8,August,Monday,907.78,537.14,370.64,40.83
TXN_10425,2024-08-05 04:00:00,CUST_286,Apparel,4,346.2,203.62,2024,8,August,Monday,1384.8,814.48,570.32,41.18
TXN_10426,2024-08-05 04:30:00,CUST_497,Electronics,2,357.23,140.85,2024,8,August,Monday,714.46,281.7,432.76,60.57
TXN_10427,2024-08-05 05:00:00,CUST_303,Electronics,3,137.86,236.15,2024,8,August,Monday,413.58,708.45,-294.87,-71.3
TXN_10428,2024-08-05 05:30:00,CUST_141,Apparel,2,383.0,236.4,2024,8,August,Monday,766.0,472.8,293.2,38.28
TXN_10430,2024-08-05 06:30:00,CUST_387,Apparel,3,532.87,45.28,2024,8,August,Monday,1598.61,135.84,1462.77,91.5
TXN_10431,2024-08-05 07:00:00,CUST_125,Home Goods,4,445.98,283.08,2024,8,August,Monday,1783.92,1132.32,651.6,36.53
TXN_10432,2024-08-05 07:30:00,CUST_470,Home Goods,3,352.18,190.13,2024,8,August,Monday,1056.54,570.39,486.15,46.01
TXN_10433,2024-08-05 08:00:00,CUST_484,Unknown,5,408.86,70.02,2024,8,August,Monday,2044.3,350.1,1694.2,82.87
TXN_10435,2024-08-05 09:00:00,CUST_352,Apparel,4,147.74,270.58,2024,8,August,Monday,590.96,1082.32,-491.36,-83.15
TXN_10437,2024-08-05 10:00:00,CUST_205,Electronics,2,326.58,331.36,2024,8,August,Monday,653.16,662.72,-9.56,-1.46
TXN_10439,2024-08-05 11:00:00,CUST_436,Unknown,1,594.21,27.74,2024,8,August,Monday,594.21,27.74,566.47,95.33
TXN_10441,2024-08-05 12:00:00,CUST_475,Apparel,4,357.99,96.67,2024,8,August,Monday,1431.96,386.68,1045.28,73.0
TXN_10446,2024-08-05 14:30:00,CUST_121,Electronics,5,599.57,206.08,2024,8,August,Monday,2997.85,1030.4,1967.45,65.63
TXN_10447,2024-08-05 15:00:00,CUST_389,Apparel,3,64.33,47.11,2024,8,August,Monday,192.99,141.33,51.66,26.77
TXN_10449,2024-08-05 16:00:00,CUST_148,Home Goods,2,316.54,225.41,2024,8,August,Monday,633.08,450.82,182.26,28.79
TXN_10451,2024-08-05 17:00:00,CUST_172,Home Goods,2,569.94,302.28,2024,8,August,Monday,1139.88,604.56,535.32,46.96
TXN_10452,2024-08-05 17:30:00,CUST_439,Electronics,5,377.22,31.38,2024,8,August,Monday,1886.1,156.9,1729.2,91.68
TXN_10455,2024-08-05 19:00:00,CUST_479,Electronics,5,436.92,62.4,2024,8,August,Monday,2184.6,312.0,1872.6,85.72
TXN_10456,2024-08-05 19:30:00,CUST_267,Electronics,4,189.15,47.93,2024,8,August,Monday,756.6,191.72,564.88,74.66
TXN_10457,2024-08-05 20:00:00,CUST_144,Electronics,1,529.57,71.78,2024,8,August,Monday,529.57,71.78,457.79,86.45
TXN_10458,2024-08-05 20:30:00,CUST_492,Apparel,1,111.92,283.11,2024,8,August,Monday,111.92,283.11,-171.19,-152.96
TXN_10459,2024-08-05 21:00:00,CUST_204,Electronics,3,169.74,243.28,2024,8,August,Monday,509.22,729.84,-220.62,-43.33
TXN_10460,2024-08-05 21:30:00,CUST_249,Apparel,2,99.77,243.57,2024,8,August,Monday,199.54,487.14,-287.6,-144.13
TXN_10461,2024-08-05 22:00:00,CUST_245,Apparel,4,75.94,323.52,2024,8,August,Monday,303.76,1294.08,-990.32,-326.02
TXN_10462,2024-08-05 22:30:00,CUST_303,Apparel,2,190.68,143.23,2024,8,August,Monday,381.36,286.46,94.9,24.88
TXN_10463,2024-08-05 23:00:00,CUST_461,Home Goods,4,599.52,11.12,2024,8,August,Monday,2398.08,44.48,2353.6,98.15
TXN_10464,2024-08-05 23:30:00,CUST_398,Apparel,5,70.18,227.52,2024,8,August,Monday,350.9,1137.6,-786.7,-224.19
TXN_10465,2024-08-06 00:00:00,CUST_266,Electronics,3,139.61,305.15,2024,8,August,Tuesday,418.83,915.45,-496.62,-118.57
TXN_10466,2024-08-06 00:30:00,CUST_300,Electronics,5,173.9,341.93,2024,8,August,Tuesday,869.5,1709.65,-840.15,-96.62
TXN_10467,2024-08-06 01:00:00,CUST_233,Apparel,2,377.19,133.72,2024,8,August,Tuesday,754.38,267.44,486.94,64.55
TXN_10469,2024-08-06 02:00:00,CUST_147,Electronics,3,454.88,298.74,2024,8,August,Tuesday,1364.64,896.22,468.42,34.33
TXN_10472,2024-08-06 03:30:00,CUST_106,Apparel,4,383.98,68.87,2024,8,August,Tuesday,1535.92,275.48,1260.44,82.06
TXN_10473,2024-08-06 04:00:00,CUST_371,Apparel,4,317.83,161.85,2024,8,August,Tuesday,1271.32,647.4,623.92,49.08
TXN_10474,2024-08-06 04:30:00,CUST_484,Home Goods,3,236.84,308.95,2024,8,August,Tuesday,710.52,926.85,-216.33,-30.45
TXN_10475,2024-08-06 05:00:00,CUST_470,Home Goods,5,481.5,278.42,2024,8,August,Tuesday,2407.5,1392.1,1015.4,42.18
TXN_10476,2024-08-06 05:30:00,CUST_136,Apparel,3,216.17,203.92,2024,8,August,Tuesday,648.51,611.76,36.75,5.67
TXN_10477,2024-08-06 06:00:00,CUST_310,Apparel,5,149.56,284.96,2024,8,August,Tuesday,747.8,1424.8,-677.0,-90.53
TXN_10478,2024-08-06 06:30:00,CUST_264,Unknown,3,196.41,61.96,2024,8,August,Tuesday,589.23,185.88,403.35,68.45
TXN_10479,2024-08-06 07:00:00,CUST_224,Apparel,5,272.19,76.27,2024,8,August,Tuesday,1360.95,381.35,979.6,71.98
TXN_10480,2024-08-06 07:30:00,CUST_436,Electronics,1,140.22,81.01,2024,8,August,Tuesday,140.22,81.01,59.21,42.23
TXN_10481,2024-08-06 08:00:00,CUST_291,Electronics,3,370.43,273.84,2024,8,August,Tuesday,1111.29,821.52,289.77,26.08
TXN_10482,2024-08-06 08:30:00,CUST_317,Apparel,5,532.26,312.93,2024,8,August,Tuesday,2661.3,1564.65,1096.65,41.21
TXN_10484,2024-08-06 09:30:00,CUST_161,Electronics,2,276.3,335.71,2024,8,August,Tuesday,552.6,671.42,-118.82,-21.5
TXN_10488,2024-08-06 11:30:00,CUST_165,Electronics,2,368.43,298.84,2024,8,August,Tuesday,736.86,597.68,139.18,18.89
TXN_10489,2024-08-06 12:00:00,CUST_385,Electronics,3,441.96,40.66,2024,8,August,Tuesday,1325.88,121.98,1203.9,90.8
TXN_10490,2024-08-06 12:30:00,CUST_338,Apparel,3,158.6,67.13,2024,8,August,Tuesday,475.8,201.39,274.41,57.67
TXN_10491,2024-08-06 13:00:00,CUST_119,Electronics,4,229.27,100.54,2024,8,August,Tuesday,917.08,402.16,514.92,56.15
TXN_10492,2024-08-06 13:30:00,CUST_287,Home Goods,5,76.88,314.22,2024,8,August,Tuesday,384.4,1571.1,-1186.7,-308.71
TXN_10493,2024-08-06 14:00:00,CUST_181,Electronics,3,592.79,331.28,2024,8,August,Tuesday,1778.37,993.84,784.53,44.12
TXN_10494,2024-08-06 14:30:00,CUST_462,Electronics,2,65.24,131.1,2024,8,August,Tuesday,130.48,262.2,-131.72,-100.95
TXN_10495,2024-08-06 15:00:00,CUST_301,Electronics,2,113.63,324.11,2024,8,August,Tuesday,227.26,648.22,-420.96,-185.23
TXN_10497,2024-08-06 16:00:00,CUST_136,Electronics,2,521.18,170.91,2024,8,August,Tuesday,1042.36,341.82,700.54,67.21
TXN_10498,2024-08-06 16:30:00,CUST_231,Electronics,5,223.19,293.14,2024,8,August,Tuesday,1115.95,1465.7,-349.75,-31.34
TXN_10499,2024-08-06 17:00:00,CUST_176,Home Goods,1,464.63,195.67,2024,8,August,Tuesday,464.63,195.67,268.96,57.89
TXN_10500,2024-08-06 17:30:00,CUST_188,Electronics,3,410.48,164.52,2024,8,August,Tuesday,1231.44,493.56,737.88,59.92
TXN_10502,2024-08-06 18:30:00,CUST_443,Electronics,1,509.34,14.39,2024,8,August,Tuesday,509.34,14.39,494.95,97.17
TXN_10503,2024-08-06 19:00:00,CUST_293,Apparel,5,23.29,223.38,2024,8,August,Tuesday,116.45,1116.9,-1000.45,-859.12
TXN_10506,2024-08-06 20:30:00,CUST_157,Apparel,3,563.65,221.6,2024,8,August,Tuesday,1690.95,664.8,1026.15,60.68
TXN_10507,2024-08-06 21:00:00,CUST_300,Apparel,4,479.25,165.63,2024,8,August,Tuesday,1917.0,662.52,1254.48,65.44
TXN_10508,2024-08-06 21:30:00,CUST_127,Home Goods,3,528.98,251.33,2024,8,August,Tuesday,1586.94,753.99,832.95,52.49
TXN_10509,2024-08-06 22:00:00,CUST_134,Home Goods,3,133.8,347.64,2024,8,August,Tuesday,401.4,1042.92,-641.52,-159.82
TXN_10510,2024-08-06 22:30:00,CUST_224,Apparel,3,201.75,93.76,2024,8,August,Tuesday,605.25,281.28,323.97,53.53
TXN_10513,2024-08-07 00:00:00,CUST_141,Apparel,3,441.8,15.74,2024,8,August,Wednesday,1325.4,47.22,1278.18,96.44
TXN_10515,2024-08-07 01:00:00,CUST_492,Home Goods,3,45.72,187.13,2024,8,August,Wednesday,137.16,561.39,-424.23,-309.3
TXN_10516,2024-08-07 01:30:00,CUST_287,Electronics,5,468.64,197.76,2024,8,August,Wednesday,2343.2,988.8,1354.4,57.8
TXN_10517,2024-08-07 02:00:00,CUST_210,Electronics,3,544.23,39.35,2024,8,August,Wednesday,1632.69,118.05,1514.64,92.77
TXN_10519,2024-08-07 03:00:00,CUST_424,Apparel,5,497.83,186.73,2024,8,August,Wednesday,2489.15,933.65,1555.5,62.49
TXN_10520,2024-08-07 03:30:00,CUST_204,Apparel,3,363.44,153.81,2024,8,August,Wednesday,1090.32,461.43,628.89,57.68
TXN_10521,2024-08-07 04:00:00,CUST_419,Home Goods,3,534.33,248.2,2024,8,August,Wednesday,1602.99,744.6,858.39,53.55
TXN_10522,2024-08-07 04:30:00,CUST_140,Electronics,5,305.57,272.26,2024,8,August,Wednesday,1527.85,1361.3,166.55,10.9
TXN_10523,2024-08-07 05:00:00,CUST_314,Electronics,3,593.17,166.49,2024,8,August,Wednesday,1779.51,499.47,1280.04,71.93
TXN_10526,2024-08-07 06:30:00,CUST_335,Apparel,2,390.21,198.8,2024,8,August,Wednesday,780.42,397.6,382.82,49.05
TXN_10527,2024-08-07 07:00:00,CUST_380,Electronics,3,354.68,305.95,2024,8,August,Wednesday,1064.04,917.85,146.19,13.74
TXN_10528,2024-08-07 07:30:00,CUST_204,Apparel,4,439.6,173.59,2024,8,August,Wednesday,1758.4,694.36,1064.04,60.51
TXN_10529,2024-08-07 08:00:00,CUST_489,Electronics,5,506.57,205.27,2024,8,August,Wednesday,2532.85,1026.35,1506.5,59.48
TXN_10531,2024-08-07 09:00:00,CUST_261,Apparel,3,117.6,294.24,2024,8,August,Wednesday,352.8,882.72,-529.92,-150.2
TXN_10532,2024-08-07 09:30:00,CUST_290,Electronics,3,130.27,153.58,2024,8,August,Wednesday,390.81,460.74,-69.93,-17.89
TXN_10533,2024-08-07 10:00:00,CUST_108,Apparel,5,24.46,254.48,2024,8,August,Wednesday,122.3,1272.4,-1150.1,-940.39
TXN_10534,2024-08-07 10:30:00,CUST_159,Home Goods,1,92.13,156.02,2024,8,August,Wednesday,92.13,156.02,-63.89,-69.35
TXN_10537,2024-08-07 12:00:00,CUST_324,Apparel,2,293.32,60.15,2024,8,August,Wednesday,586.64,120.3,466.34,79.49
TXN_10540,2024-08-07 13:30:00,CUST_169,Home Goods,2,340.02,78.87,2024,8,August,Wednesday,680.04,157.74,522.3,76.8
TXN_10541,2024-08-07 14:00:00,CUST_392,Electronics,3,79.97,52.08,2024,8,August,Wednesday,239.91,156.24,83.67,34.88
TXN_10542,2024-08-07 14:30:00,CUST_386,Electronics,5,469.29,257.71,2024,8,August,Wednesday,2346.45,1288.55,1057.9,45.09
TXN_10543,2024-08-07 15:00:00,CUST_268,Apparel,4,458.5,266.65,2024,8,August,Wednesday,1834.0,1066.6,767.4,41.84
TXN_10544,2024-08-07 15:30:00,CUST_161,Apparel,3,194.92,100.1,2024,8,August,Wednesday,584.76,300.3,284.46,48.65
TXN_10545,2024-08-07 16:00:00,CUST_448,Electronics,2,207.22,178.36,2024,8,August,Wednesday,414.44,356.72,57.72,13.93
TXN_10546,2024-08-07 16:30:00,CUST_113,Electronics,3,143.51,167.78,2024,8,August,Wednesday,430.53,503.34,-72.81,-16.91
TXN_10547,2024-08-07 17:00:00,CUST_263,Apparel,5,491.1,130.78,2024,8,August,Wednesday,2455.5,653.9,1801.6,73.37
TXN_10553,2024-08-07 20:00:00,CUST_147,Electronics,4,41.68,255.21,2024,8,August,Wednesday,166.72,1020.84,-854.12,-512.31
TXN_10554,2024-08-07 20:30:00,CUST_184,Electronics,1,124.47,179.43,2024,8,August,Wednesday,124.47,179.43,-54.96,-44.16
TXN_10556,2024-08-07 21:30:00,CUST_295,Electronics,4,340.32,289.61,2024,8,August,Wednesday,1361.28,1158.44,202.84,14.9
TXN_10557,2024-08-07 22:00:00,CUST_307,Apparel,3,224.48,84.55,2024,8,August,Wednesday,673.44,253.65,419.79,62.34
TXN_10558,2024-08-07 22:30:00,CUST_303,Electronics,2,275.29,250.32,2024,8,August,Wednesday,550.58,500.64,49.94,9.07
TXN_10559,2024-08-07 23:00:00,CUST_406,Apparel,5,362.53,189.32,2024,8,August,Wednesday,1812.65,946.6,866.05,47.78
TXN_10560,2024-08-07 23:30:00,CUST_203,Electronics,3,400.57,244.78,2024,8,August,Wednesday,1201.71,734.34,467.37,38.89
TXN_10561,2024-08-08 00:00:00,CUST_329,Electronics,1,394.2,170.21,2024,8,August,Thursday,394.2,170.21,223.99,56.82
TXN_10562,2024-08-08 00:30:00,CUST_200,Electronics,5,167.6,248.87,2024,8,August,Thursday,838.0,1244.35,-406.35,-48.49
TXN_10563,2024-08-08 01:00:00,CUST_128,Electronics,5,488.63,21.16,2024,8,August,Thursday,2443.15,105.8,2337.35,95.67
TXN_10564,2024-08-08 01:30:00,CUST_226,Apparel,5,551.86,23.89,2024,8,August,Thursday,2759.3,119.45,2639.85,95.67
TXN_10565,2024-08-08 02:00:00,CUST_437,Apparel,3,199.82,314.76,2024,8,August,Thursday,599.46,944.28,-344.82,-57.52
TXN_10566,2024-08-08 02:30:00,CUST_109,Home Goods,1,24.98,264.9,2024,8,August,Thursday,24.98,264.9,-239.92,-960.45
TXN_10567,2024-08-08 03:00:00,CUST_205,Electronics,3,541.01,291.68,2024,8,August,Thursday,1623.03,875.04,747.99,46.09
TXN_10568,2024-08-08 03:30:00,CUST_266,Electronics,5,555.28,165.24,2024,8,August,Thursday,2776.4,826.2,1950.2,70.24
TXN_10569,2024-08-08 04:00:00,CUST_356,Electronics,5,44.8,166.28,2024,8,August,Thursday,224.0,831.4,-607.4,-271.16
TXN_10571,2024-08-08 05:00:00,CUST_376,Electronics,2,492.6,92.85,2024,8,August,Thursday,985.2,185.7,799.5,81.15
TXN_10572,2024-08-08 05:30:00,CUST_164,Apparel,4,191.36,259.39,2024,8,August,Thursday,765.44,1037.56,-272.12,-35.55
TXN_10573,2024-08-08 06:00:00,CUST_370,Electronics,3,550.03,292.01,2024,8,August,Thursday,1650.09,876.03,774.06,46.91
TXN_10574,2024-08-08 06:30:00,CUST_487,Electronics,1,141.79,318.46,2024,8,August,Thursday,141.79,318.46,-176.67,-124.6
TXN_10576,2024-08-08 07:30:00,CUST_416,Apparel,5,55.16,150.96,2024,8,August,Thursday,275.8,754.8,-479.0,-173.68
TXN_10577,2024-08-08 08:00:00,CUST_237,Home Goods,3,167.47,292.52,2024,8,August,Thursday,502.41,877.56,-375.15,-74.67
TXN_10578,2024-08-08 08:30:00,CUST_442,Apparel,4,584.28,265.91,2024,8,August,Thursday,2337.12,1063.64,1273.48,54.49
TXN_10579,2024-08-08 09:00:00,CUST_204,Apparel,3,150.25,304.87,2024,8,August,Thursday,450.75,914.61,-463.86,-102.91
TXN_10580,2024-08-08 09:30:00,CUST_133,Electronics,4,92.81,232.95,2024,8,August,Thursday,371.24,931.8,-560.56,-151.0
TXN_10581,2024-08-08 10:00:00,CUST_479,Apparel,3,516.38,310.33,2024,8,August,Thursday,1549.14,930.99,618.15,39.9
TXN_10582,2024-08-08 10:30:00,CUST_209,Electronics,2,83.91,40.27,2024,8,August,Thursday,167.82,80.54,87.28,52.01
TXN_10583,2024-08-08 11:00:00,CUST_132,Apparel,3,72.01,241.05,2024,8,August,Thursday,216.03,723.15,-507.12,-234.75
TXN_10586,2024-08-08 12:30:00,CUST_416,Apparel,2,430.79,223.67,2024,8,August,Thursday,861.58,447.34,414.24,48.08
TXN_10587,2024-08-08 13:00:00,CUST_365,Apparel,4,530.52,15.44,2024,8,August,Thursday,2122.08,61.76,2060.32,97.09
TXN_10588,2024-08-08 13:30:00,CUST_281,Electronics,5,331.43,213.75,2024,8,August,Thursday,1657.15,1068.75,588.4,35.51
TXN_10589,2024-08-08 14:00:00,CUST_439,Electronics,5,245.15,59.74,2024,8,August,Thursday,1225.75,298.7,927.05,75.63
TXN_10590,2024-08-08 14:30:00,CUST_164,Electronics,3,224.92,58.42,2024,8,August,Thursday,674.76,175.26,499.5,74.03
TXN_10591,2024-08-08 15:00:00,CUST_432,Apparel,1,510.44,61.16,2024,8,August,Thursday,510.44,61.16,449.28,88.02
TXN_10592,2024-08-08 15:30:00,CUST_100,Unknown,3,438.43,174.5,2024,8,August,Thursday,1315.29,523.5,791.79,60.2
TXN_10593,2024-08-08 16:00:00,CUST_232,Electronics,2,544.68,49.28,2024,8,August,Thursday,1089.36,98.56,990.8,90.95
TXN_10594,2024-08-08 16:30:00,CUST_179,Electronics,2,578.96,52.72,2024,8,August,Thursday,1157.92,105.44,1052.48,90.89
TXN_10595,2024-08-08 17:00:00,CUST_370,Apparel,4,190.53,97.1,2024,8,August,Thursday,762.12,388.4,373.72,49.04
TXN_10596,2024-08-08 17:30:00,CUST_340,Home Goods,3,324.86,10.29,2024,8,August,Thursday,974.58,30.87,943.71,96.83
TXN_10597,2024-08-08 18:00:00,CUST_127,Apparel,4,384.62,103.77,2024,8,August,Thursday,1538.48,415.08,1123.4,73.02
TXN_10598,2024-08-08 18:30:00,CUST_322,Electronics,1,110.85,220.26,2024,8,August,Thursday,110.85,220.26,-109.41,-98.7
TXN_10599,2024-08-08 19:00:00,CUST_122,Unknown,5,46.21,214.53,2024,8,August,Thursday,231.05,1072.65,-841.6,-364.25
TXN_10600,2024-08-08 19:30:00,CUST_208,Home Goods,5,522.64,339.64,2024,8,August,Thursday,2613.2,1698.2,915.0,35.01
TXN_10601,2024-08-08 20:00:00,CUST_206,Electronics,3,328.28,50.67,2024,8,August,Thursday,984.84,152.01,832.83,84.57
TXN_10602,2024-08-08 20:30:00,CUST_244,Home Goods,4,348.9,304.29,2024,8,August,Thursday,1395.6,1217.16,178.44,12.79
TXN_10603,2024-08-08 21:00:00,CUST_468,Apparel,4,339.62,143.0,2024,8,August,Thursday,1358.48,572.0,786.48,57.89
TXN_10604,2024-08-08 21:30:00,CUST_453,Electronics,1,456.65,141.59,2024,8,August,Thursday,456.65,141.59,315.06,68.99
TXN_10605,2024-08-08 22:00:00,CUST_496,Apparel,4,100.12,128.6,2024,8,August,Thursday,400.48,514.4,-113.92,-28.45
TXN_10608,2024-08-08 23:30:00,CUST_383,Electronics,2,539.72,277.71,2024,8,August,Thursday,1079.44,555.42,524.02,48.55
TXN_10611,2024-08-09 01:00:00,CUST_416,Apparel,2,221.65,277.0,2024,8,August,Friday,443.3,554.0,-110.7,-24.97
TXN_10614,2024-08-09 02:30:00,CUST_386,Electronics,2,356.79,307.47,2024,8,August,Friday,713.58,614.94,98.64,13.82
TXN_10615,2024-08-09 03:00:00,CUST_180,Home Goods,3,221.92,261.43,2024,8,August,Friday,665.76,784.29,-118.53,-17.8
TXN_10617,2024-08-09 04:00:00,CUST_107,Apparel,2,467.06,242.07,2024,8,August,Friday,934.12,484.14,449.98,48.17
TXN_10618,2024-08-09 04:30:00,CUST_304,Apparel,2,354.67,156.55,2024,8,August,Friday,709.34,313.1,396.24,55.86
TXN_10620,2024-08-09 05:30:00,CUST_296,Apparel,5,387.09,315.44,2024,8,August,Friday,1935.45,1577.2,358.25,18.51
TXN_10623,2024-08-09 07:00:00,CUST_119,Home Goods,3,67.57,304.57,2024,8,August,Friday,202.71,913.71,-711.0,-350.75
TXN_10624,2024-08-09 07:30:00,CUST_147,Apparel,2,70.27,53.83,2024,8,August,Friday,140.54,107.66,32.88,23.4
TXN_10625,2024-08-09 08:00:00,CUST_229,Electronics,1,150.68,13.96,2024,8,August,Friday,150.68,13.96,136.72,90.74
TXN_10626,2024-08-09 08:30:00,CUST_392,Home Goods,2,264.79,140.7,2024,8,August,Friday,529.58,281.4,248.18,46.86
TXN_10628,2024-08-09 09:30:00,CUST_231,Electronics,3,220.39,88.24,2024,8,August,Friday,661.17,264.72,396.45,59.96
TXN_10630,2024-08-09 10:30:00,CUST_153,Apparel,4,297.77,171.84,2024,8,August,Friday,1191.08,687.36,503.72,42.29
TXN_10633,2024-08-09 12:00:00,CUST_486,Apparel,5,577.33,91.29,2024,8,August,Friday,2886.65,456.45,2430.2,84.19
TXN_10634,2024-08-09 12:30:00,CUST_364,Home Goods,5,74.29,92.46,2024,8,August,Friday,371.45,462.3,-90.85,-24.46
TXN_10637,2024-08-09 14:00:00,CUST_142,Electronics,3,308.21,285.99,2024,8,August,Friday,924.63,857.97,66.66,7.21
TXN_10638,2024-08-09 14:30:00,CUST_173,Apparel,2,462.6,127.91,2024,8,August,Friday,925.2,255.82,669.38,72.35
TXN_10639,2024-08-09 15:00:00,CUST_449,Electronics,1,520.18,234.69,2024,8,August,Friday,520.18,234.69,285.49,54.88
TXN_10640,2024-08-09 15:30:00,CUST_377,Electronics,2,161.88,332.49,2024,8,August,Friday,323.76,664.98,-341.22,-105.39
TXN_10641,2024-08-09 16:00:00,CUST_425,Apparel,2,414.46,216.35,2024,8,August,Friday,828.92,432.7,396.22,47.8
TXN_10642,2024-08-09 16:30:00,CUST_341,Home Goods,1,370.45,92.33,2024,8,August,Friday,370.45,92.33,278.12,75.08
TXN_10643,2024-08-09 17:00:00,CUST_229,Apparel,5,519.0,292.36,2024,8,August,Friday,2595.0,1461.8,1133.2,43.67
TXN_10644,2024-08-09 17:30:00,CUST_449,Electronics,2,266.61,14.26,2024,8,August,Friday,533.22,28.52,504.7,94.65
TXN_10645,2024-08-09 18:00:00,CUST_293,Apparel,4,45.34,97.22,2024,8,August,Friday,181.36,388.88,-207.52,-114.42
TXN_10646,2024-08-09 18:30:00,CUST_131,Electronics,4,350.9,141.75,2024,8,August,Friday,1403.6,567.0,836.6,59.6
TXN_10647,2024-08-09 19:00:00,CUST_205,Unknown,3,575.94,76.63,2024,8,August,Friday,1727.82,229.89,1497.93,86.69
TXN_10648,2024-08-09 19:30:00,CUST_499,Home Goods,3,23.56,215.37,2024,8,August,Friday,70.68,646.11,-575.43,-814.13
TXN_10650,2024-08-09 20:30:00,CUST_100,Electronics,1,199.9,148.21,2024,8,August,Friday,199.9,148.21,51.69,25.86
TXN_10651,2024-08-09 21:00:00,CUST_344,Apparel,1,463.02,110.09,2024,8,August,Friday,463.02,110.09,352.93,76.22
TXN_10652,2024-08-09 21:30:00,CUST_171,Apparel,3,204.12,157.53,2024,8,August,Friday,612.36,472.59,139.77,22.82
TXN_10654,2024-08-09 22:30:00,CUST_496,Home Goods,2,394.41,85.23,2024,8,August,Friday,788.82,170.46,618.36,78.39
TXN_10656,2024-08-09 23:30:00,CUST_152,Apparel,5,114.8,214.79,2024,8,August,Friday,574.0,1073.95,-499.95,-87.1
TXN_10657,2024-08-10 00:00:00,CUST_107,Home Goods,4,253.7,230.45,2024,8,August,Saturday,1014.8,921.8,93.0,9.16
TXN_10658,2024-08-10 00:30:00,CUST_429,Home Goods,1,223.03,111.1,2024,8,August,Saturday,223.03,111.1,111.93,50.19
TXN_10659,2024-08-10 01:00:00,CUST_145,Home Goods,3,218.09,332.12,2024,8,August,Saturday,654.27,996.36,-342.09,-52.29
TXN_10660,2024-08-10 01:30:00,CUST_424,Unknown,4,78.5,99.07,2024,8,August,Saturday,314.0,396.28,-82.28,-26.2
TXN_10662,2024-08-10 02:30:00,CUST_246,Electronics,1,481.83,37.7,2024,8,August,Saturday,481.83,37.7,444.13,92.18
TXN_10663,2024-08-10 03:00:00,CUST_265,Home Goods,1,257.1,236.05,2024,8,August,Saturday,257.1,236.05,21.05,8.19
TXN_10665,2024-08-10 04:00:00,CUST_238,Home Goods,2,110.69,203.5,2024,8,August,Saturday,221.38,407.0,-185.62,-83.85
TXN_10666,2024-08-10 04:30:00,CUST_216,Electronics,1,55.78,72.58,2024,8,August,Saturday,55.78,72.58,-16.8,-30.12
TXN_10667,2024-08-10 05:00:00,CUST_398,Apparel,5,529.77,157.41,2024,8,August,Saturday,2648.85,787.05,1861.8,70.29
TXN_10668,2024-08-10 05:30:00,CUST_375,Electronics,1,208.85,270.53,2024,8,August,Saturday,208.85,270.53,-61.68,-29.53
TXN_10669,2024-08-10 06:00:00,CUST_376,Apparel,5,219.95,270.81,2024,8,August,Saturday,1099.75,1354.05,-254.3,-23.12
TXN_10672,2024-08-10 07:30:00,CUST_277,Electronics,2,457.41,11.3,2024,8,August,Saturday,914.82,22.6,892.22,97.53
TXN_10674,2024-08-10 08:30:00,CUST_453,Electronics,5,76.89,53.09,2024,8,August,Saturday,384.45,265.45,119.0,30.95
TXN_10676,2024-08-10 09:30:00,CUST_300,Electronics,4,546.84,268.07,2024,8,August,Saturday,2187.36,1072.28,1115.08,50.98
TXN_10679,2024-08-10 11:00:00,CUST_258,Electronics,1,254.5,266.67,2024,8,August,Saturday,254.5,266.67,-12.17,-4.78
TXN_10681,2024-08-10 12:00:00,CUST_346,Home Goods,3,111.88,179.95,2024,8,August,Saturday,335.64,539.85,-204.21,-60.84
TXN_10682,2024-08-10 12:30:00,CUST_167,Apparel,3,330.05,326.65,2024,8,August,Saturday,990.15,979.95,10.2,1.03
TXN_10683,2024-08-10 13:00:00,CUST_425,Apparel,5,89.07,203.55,2024,8,August,Saturday,445.35,1017.75,-572.4,-128.53
TXN_10684,2024-08-10 13:30:00,CUST_433,Apparel,2,328.66,174.16,2024,8,August,Saturday,657.32,348.32,309.0,47.01
TXN_10685,2024-08-10 14:00:00,CUST_295,Home Goods,5,157.5,305.5,2024,8,August,Saturday,787.5,1527.5,-740.0,-93.97
TXN_10693,2024-08-10 18:00:00,CUST_340,Electronics,5,314.84,272.69,2024,8,August,Saturday,1574.2,1363.45,210.75,13.39
TXN_10694,2024-08-10 18:30:00,CUST_425,Unknown,5,519.39,174.32,2024,8,August,Saturday,2596.95,871.6,1725.35,66.44
TXN_10695,2024-08-10 19:00:00,CUST_418,Apparel,4,402.75,318.03,2024,8,August,Saturday,1611.0,1272.12,338.88,21.04
TXN_10697,2024-08-10 20:00:00,CUST_252,Home Goods,4,197.84,313.29,2024,8,August,Saturday,791.36,1253.16,-461.8,-58.36
TXN_10698,2024-08-10 20:30:00,CUST_203,Apparel,5,581.81,208.13,2024,8,August,Saturday,2909.05,1040.65,1868.4,64.23
TXN_10699,2024-08-10 21:00:00,CUST_174,Electronics,2,483.53,154.92,2024,8,August,Saturday,967.06,309.84,657.22,67.96
TXN_10700,2024-08-10 21:30:00,CUST_227,Apparel,1,237.99,11.39,2024,8,August,Saturday,237.99,11.39,226.6,95.21
TXN_10702,2024-08-10 22:30:00,CUST_253,Electronics,3,471.03,305.09,2024,8,August,Saturday,1413.09,915.27,497.82,35.23
TXN_10703,2024-08-10 23:00:00,CUST_155,Unknown,4,594.12,155.76,2024,8,August,Saturday,2376.48,623.04,1753.44,73.78
TXN_10705,2024-08-11 00:00:00,CUST_444,Apparel,1,550.78,176.4,2024,8,August,Sunday,550.78,176.4,374.38,67.97
TXN_10706,2024-08-11 00:30:00,CUST_118,Electronics,4,88.34,107.34,2024,8,August,Sunday,353.36,429.36,-76.0,-21.51
TXN_10708,2024-08-11 01:30:00,CUST_125,Electronics,4,451.02,137.76,2024,8,August,Sunday,1804.08,551.04,1253.04,69.46
TXN_10709,2024-08-11 02:00:00,CUST_268,Electronics,4,217.76,319.21,2024,8,August,Sunday,871.04,1276.84,-405.8,-46.59
TXN_10710,2024-08-11 02:30:00,CUST_122,Home Goods,5,193.21,201.75,2024,8,August,Sunday,966.05,1008.75,-42.7,-4.42
TXN_10712,2024-08-11 03:30:00,CUST_112,Home Goods,5,362.2,243.54,2024,8,August,Sunday,1811.0,1217.7,593.3,32.76
TXN_10713,2024-08-11 04:00:00,CUST_316,Apparel,4,552.58,82.29,2024,8,August,Sunday,2210.32,329.16,1881.16,85.11
TXN_10714,2024-08-11 04:30:00,CUST_421,Unknown,4,463.25,305.01,2024,8,August,Sunday,1853.0,1220.04,632.96,34.16
TXN_10716,2024-08-11 05:30:00,CUST_243,Electronics,3,557.63,162.54,2024,8,August,Sunday,1672.89,487.62,1185.27,70.85
TXN_10717,2024-08-11 06:00:00,CUST_172,Electronics,1,361.75,91.31,2024,8,August,Sunday,361.75,91.31,270.44,74.76
TXN_10719,2024-08-11 07:00:00,CUST_176,Home Goods,1,506.95,112.02,2024,8,August,Sunday,506.95,112.02,394.93,77.9
TXN_10720,2024-08-11 07:30:00,CUST_268,Electronics,2,552.73,255.76,2024,8,August,Sunday,1105.46,511.52,593.94,53.73
TXN_10722,2024-08-11 08:30:00,CUST_184,Apparel,2,356.53,251.09,2024,8,August,Sunday,713.06,502.18,210.88,29.57
TXN_10723,2024-08-11 09:00:00,CUST_281,Unknown,2,289.01,130.81,2024,8,August,Sunday,578.02,261.62,316.4,54.74
TXN_10724,2024-08-11 09:30:00,CUST_414,Home Goods,5,301.97,214.02,2024,8,August,Sunday,1509.85,1070.1,439.75,29.13
TXN_10725,2024-08-11 10:00:00,CUST_396,Unknown,5,284.05,312.1,2024,8,August,Sunday,1420.25,1560.5,-140.25,-9.88
TXN_10726,2024-08-11 10:30:00,CUST_211,Home Goods,3,504.92,101.81,2024,8,August,Sunday,1514.76,305.43,1209.33,79.84
TXN_10727,2024-08-11 11:00:00,CUST_329,Home Goods,5,201.28,50.19,2024,8,August,Sunday,1006.4,250.95,755.45,75.06
TXN_10728,2024-08-11 11:30:00,CUST_195,Electronics,2,285.71,54.46,2024,8,August,Sunday,571.42,108.92,462.5,80.94
TXN_10730,2024-08-11 12:30:00,CUST_477,Apparel,4,162.25,258.93,2024,8,August,Sunday,649.0,1035.72,-386.72,-59.59
TXN_10731,2024-08-11 13:00:00,CUST_255,Unknown,2,401.35,233.47,2024,8,August,Sunday,802.7,466.94,335.76,41.83
TXN_10732,2024-08-11 13:30:00,CUST_204,Apparel,3,83.41,164.32,2024,8,August,Sunday,250.23,492.96,-242.73,-97.0
TXN_10733,2024-08-11 14:00:00,CUST_292,Electronics,4,124.88,257.96,2024,8,August,Sunday,499.52,1031.84,-532.32,-106.57
TXN_10734,2024-08-11 14:30:00,CUST_429,Apparel,5,323.9,225.55,2024,8,August,Sunday,1619.5,1127.75,491.75,30.36
TXN_10735,2024-08-11 15:00:00,CUST_231,Apparel,4,40.61,223.6,2024,8,August,Sunday,162.44,894.4,-731.96,-450.6
TXN_10737,2024-08-11 16:00:00,CUST_481,Electronics,3,520.06,116.28,2024,8,August,Sunday,1560.18,348.84,1211.34,77.64
TXN_10738,2024-08-11 16:30:00,CUST_237,Apparel,5,510.0,127.1,2024,8,August,Sunday,2550.0,635.5,1914.5,75.08
TXN_10739,2024-08-11 17:00:00,CUST_430,Electronics,1,218.45,284.78,2024,8,August,Sunday,218.45,284.78,-66.33,-30.36
TXN_10740,2024-08-11 17:30:00,CUST_369,Electronics,2,218.57,273.54,2024,8,August,Sunday,437.14,547.08,-109.94,-25.15
TXN_10745,2024-08-11 20:00:00,CUST_430,Home Goods,2,475.91,84.73,2024,8,August,Sunday,951.82,169.46,782.36,82.2
TXN_10746,2024-08-11 20:30:00,CUST_352,Apparel,3,571.77,49.79,2024,8,August,Sunday,1715.31,149.37,1565.94,91.29
TXN_10747,2024-08-11 21:00:00,CUST_268,Electronics,3,223.16,14.36,2024,8,August,Sunday,669.48,43.08,626.4,93.57
TXN_10749,2024-08-11 22:00:00,CUST_373,Apparel,2,407.71,125.52,2024,8,August,Sunday,815.42,251.04,564.38,69.21
TXN_10750,2024-08-11 22:30:00,CUST_119,Apparel,4,580.85,246.8,2024,8,August,Sunday,2323.4,987.2,1336.2,57.51
TXN_10751,2024-08-11 23:00:00,CUST_338,Home Goods,1,536.11,342.07,2024,8,August,Sunday,536.11,342.07,194.04,36.19
TXN_10752,2024-08-11 23:30:00,CUST_369,Apparel,1,405.23,80.31,2024,8,August,Sunday,405.23,80.31,324.92,80.18
TXN_10753,2024-08-12 00:00:00,CUST_409,Electronics,3,516.18,92.63,2024,8,August,Monday,1548.54,277.89,1270.65,82.05
TXN_10754,2024-08-12 00:30:00,CUST_130,Unknown,3,64.84,124.68,2024,8,August,Monday,194.52,374.04,-179.52,-92.29
TXN_10755,2024-08-12 01:00:00,CUST_413,Electronics,4,235.62,168.42,2024,8,August,Monday,942.48,673.68,268.8,28.52
TXN_10756,2024-08-12 01:30:00,CUST_203,Apparel,3,22.66,247.22,2024,8,August,Monday,67.98,741.66,-673.68,-991.0
TXN_10757,2024-08-12 02:00:00,CUST_269,Electronics,1,118.82,129.69,2024,8,August,Monday,118.82,129.69,-10.87,-9.15
TXN_10758,2024-08-12 02:30:00,CUST_285,Electronics,2,383.84,45.43,2024,8,August,Monday,767.68,90.86,676.82,88.16
TXN_10760,2024-08-12 03:30:00,CUST_309,Electronics,1,385.18,280.18,2024,8,August,Monday,385.18,280.18,105.0,27.26
TXN_10761,2024-08-12 04:00:00,CUST_380,Apparel,4,403.52,94.2,2024,8,August,Monday,1614.08,376.8,1237.28,76.66
TXN_10762,2024-08-12 04:30:00,CUST_352,Electronics,2,75.74,56.5,2024,8,August,Monday,151.48,113.0,38.48,25.4
TXN_10763,2024-08-12 05:00:00,CUST_118,Apparel,2,403.94,189.45,2024,8,August,Monday,807.88,378.9,428.98,53.1
TXN_10765,2024-08-12 06:00:00,CUST_319,Electronics,1,396.09,137.22,2024,8,August,Monday,396.09,137.22,258.87,65.36
TXN_10767,2024-08-12 07:00:00,CUST_322,Electronics,2,355.17,84.67,2024,8,August,Monday,710.34,169.34,541.0,76.16
TXN_10768,2024-08-12 07:30:00,CUST_102,Electronics,2,263.08,284.13,2024,8,August,Monday,526.16,568.26,-42.1,-8.0
TXN_10769,2024-08-12 08:00:00,CUST_335,Apparel,3,341.8,239.17,2024,8,August,Monday,1025.4,717.51,307.89,30.03
TXN_10770,2024-08-12 08:30:00,CUST_441,Apparel,2,101.05,84.71,2024,8,August,Monday,202.1,169.42,32.68,16.17
TXN_10771,2024-08-12 09:00:00,CUST_327,Apparel,4,246.56,188.98,2024,8,August,Monday,986.24,755.92,230.32,23.35
TXN_10772,2024-08-12 09:30:00,CUST_241,Electronics,2,233.95,218.78,2024,8,August,Monday,467.9,437.56,30.34,6.48
TXN_10773,2024-08-12 10:00:00,CUST_108,Home Goods,3,445.79,78.09,2024,8,August,Monday,1337.37,234.27,1103.1,82.48
TXN_10774,2024-08-12 10:30:00,CUST_289,Apparel,5,428.25,59.28,2024,8,August,Monday,2141.25,296.4,1844.85,86.16
TXN_10775,2024-08-12 11:00:00,CUST_449,Electronics,5,546.68,190.6,2024,8,August,Monday,2733.4,953.0,1780.4,65.13
TXN_10776,2024-08-12 11:30:00,CUST_264,Electronics,4,384.75,245.91,2024,8,August,Monday,1539.0,983.64,555.36,36.09
TXN_10781,2024-08-12 14:00:00,CUST_274,Electronics,4,452.24,221.21,2024,8,August,Monday,1808.96,884.84,924.12,51.09
TXN_10782,2024-08-12 14:30:00,CUST_209,Apparel,2,92.53,228.83,2024,8,August,Monday,185.06,457.66,-272.6,-147.3
TXN_10783,2024-08-12 15:00:00,CUST_302,Home Goods,2,119.22,145.53,2024,8,August,Monday,238.44,291.06,-52.62,-22.07
TXN_10784,2024-08-12 15:30:00,CUST_235,Apparel,5,458.87,344.7,2024,8,August,Monday,2294.35,1723.5,570.85,24.88
TXN_10785,2024-08-12 16:00:00,CUST_103,Apparel,5,465.53,55.11,2024,8,August,Monday,2327.65,275.55,2052.1,88.16
TXN_10786,2024-08-12 16:30:00,CUST_254,Home Goods,1,477.61,261.31,2024,8,August,Monday,477.61,261.31,216.3,45.29
TXN_10787,2024-08-12 17:00:00,CUST_271,Apparel,5,186.6,153.1,2024,8,August,Monday,933.0,765.5,167.5,17.95
TXN_10789,2024-08-12 18:00:00,CUST_146,Electronics,5,437.76,253.87,2024,8,August,Monday,2188.8,1269.35,919.45,42.01
TXN_10790,2024-08-12 18:30:00,CUST_193,Apparel,4,502.87,201.17,2024,8,August,Monday,2011.48,804.68,1206.8,60.0
TXN_10791,2024-08-12 19:00:00,CUST_147,Apparel,1,429.53,328.82,2024,8,August,Monday,429.53,328.82,100.71,23.45
TXN_10793,2024-08-12 20:00:00,CUST_446,Unknown,1,79.0,27.79,2024,8,August,Monday,79.0,27.79,51.21,64.82
TXN_10794,2024-08-12 20:30:00,CUST_312,Home Goods,2,430.9,75.48,2024,8,August,Monday,861.8,150.96,710.84,82.48
TXN_10795,2024-08-12 21:00:00,CUST_439,Apparel,2,418.92,239.86,2024,8,August,Monday,837.84,479.72,358.12,42.74
TXN_10796,2024-08-12 21:30:00,CUST_423,Apparel,1,197.81,323.43,2024,8,August,Monday,197.81,323.43,-125.62,-63.51
TXN_10797,2024-08-12 22:00:00,CUST_238,Apparel,1,445.45,156.31,2024,8,August,Monday,445.45,156.31,289.14,64.91
TXN_10798,2024-08-12 22:30:00,CUST_304,Electronics,2,337.02,23.02,2024,8,August,Monday,674.04,46.04,628.0,93.17
TXN_10800,2024-08-12 23:30:00,CUST_172,Home Goods,4,230.05,76.19,2024,8,August,Monday,920.2,304.76,615.44,66.88
TXN_10801,2024-08-13 00:00:00,CUST_103,Apparel,4,83.32,197.79,2024,8,August,Tuesday,333.28,791.16,-457.88,-137.39
TXN_10802,2024-08-13 00:30:00,CUST_175,Home Goods,4,141.9,140.79,2024,8,August,Tuesday,567.6,563.16,4.44,0.78
TXN_10803,2024-08-13 01:00:00,CUST_428,Electronics,4,464.77,199.73,2024,8,August,Tuesday,1859.08,798.92,1060.16,57.03
TXN_10804,2024-08-13 01:30:00,CUST_176,Apparel,2,173.79,327.03,2024,8,August,Tuesday,347.58,654.06,-306.48,-88.18
TXN_10806,2024-08-13 02:30:00,CUST_355,Apparel,3,598.26,21.74,2024,8,August,Tuesday,1794.78,65.22,1729.56,96.37
TXN_10807,2024-08-13 03:00:00,CUST_201,Home Goods,5,138.25,207.51,2024,8,August,Tuesday,691.25,1037.55,-346.3,-50.1
TXN_10808,2024-08-13 03:30:00,CUST_205,Unknown,5,398.4,120.75,2024,8,August,Tuesday,1992.0,603.75,1388.25,69.69
TXN_10809,2024-08-13 04:00:00,CUST_432,Electronics,5,557.25,274.57,2024,8,August,Tuesday,2786.25,1372.85,1413.4,50.73
TXN_10810,2024-08-13 04:30:00,CUST_138,Electronics,5,365.83,169.78,2024,8,August,Tuesday,1829.15,848.9,980.25,53.59
TXN_10811,2024-08-13 05:00:00,CUST_413,Electronics,2,482.43,262.07,2024,8,August,Tuesday,964.86,524.14,440.72,45.68
TXN_10812,2024-08-13 05:30:00,CUST_374,Apparel,3,586.18,319.0,2024,8,August,Tuesday,1758.54,957.0,801.54,45.58
TXN_10813,2024-08-13 06:00:00,CUST_187,Electronics,2,518.31,133.17,2024,8,August,Tuesday,1036.62,266.34,770.28,74.31
TXN_10814,2024-08-13 06:30:00,CUST_310,Apparel,3,341.37,346.39,2024,8,August,Tuesday,1024.11,1039.17,-15.06,-1.47
TXN_10815,2024-08-13 07:00:00,CUST_468,Apparel,2,227.77,60.94,2024,8,August,Tuesday,455.54,121.88,333.66,73.24
TXN_10817,2024-08-13 08:00:00,CUST_176,Home Goods,1,507.47,21.82,2024,8,August,Tuesday,507.47,21.82,485.65,95.7
TXN_10818,2024-08-13 08:30:00,CUST_127,Apparel,3,514.21,82.44,2024,8,August,Tuesday,1542.63,247.32,1295.31,83.97
TXN_10819,2024-08-13 09:00:00,CUST_344,Apparel,5,509.83,225.48,2024,8,August,Tuesday,2549.15,1127.4,1421.75,55.77
TXN_10820,2024-08-13 09:30:00,CUST_165,Electronics,3,364.38,25.71,2024,8,August,Tuesday,1093.14,77.13,1016.01,92.94
TXN_10822,2024-08-13 10:30:00,CUST_481,Apparel,4,197.13,108.94,2024,8,August,Tuesday,788.52,435.76,352.76,44.74
TXN_10823,2024-08-13 11:00:00,CUST_304,Apparel,3,16.97,205.72,2024,8,August,Tuesday,50.91,617.16,-566.25,-1112.26
TXN_10825,2024-08-13 12:00:00,CUST_300,Home Goods,4,177.04,174.0,2024,8,August,Tuesday,708.16,696.0,12.16,1.72
TXN_10827,2024-08-13 13:00:00,CUST_241,Electronics,4,508.44,146.86,2024,8,August,Tuesday,2033.76,587.44,1446.32,71.12
TXN_10828,2024-08-13 13:30:00,CUST_480,Apparel,1,45.57,33.0,2024,8,August,Tuesday,45.57,33.0,12.57,27.58
TXN_10829,2024-08-13 14:00:00,CUST_467,Electronics,3,557.66,217.7,2024,8,August,Tuesday,1672.98,653.1,1019.88,60.96
TXN_10832,2024-08-13 15:30:00,CUST_451,Electronics,1,281.03,245.67,2024,8,August,Tuesday,281.03,245.67,35.36,12.58
TXN_10833,2024-08-13 16:00:00,CUST_132,Electronics,5,74.74,80.65,2024,8,August,Tuesday,373.7,403.25,-29.55,-7.91
TXN_10834,2024-08-13 16:30:00,CUST_251,Apparel,3,409.38,240.7,2024,8,August,Tuesday,1228.14,722.1,506.04,41.2
TXN_10835,2024-08-13 17:00:00,CUST_257,Unknown,2,539.08,64.89,2024,8,August,Tuesday,1078.16,129.78,948.38,87.96
TXN_10836,2024-08-13 17:30:00,CUST_240,Electronics,2,271.27,143.52,2024,8,August,Tuesday,542.54,287.04,255.5,47.09
TXN_10837,2024-08-13 18:00:00,CUST_350,Home Goods,2,419.44,32.97,2024,8,August,Tuesday,838.88,65.94,772.94,92.14
TXN_10841,2024-08-13 20:00:00,CUST_308,Apparel,4,187.71,330.39,2024,8,August,Tuesday,750.84,1321.56,-570.72,-76.01
TXN_10842,2024-08-13 20:30:00,CUST_323,Electronics,2,264.41,349.51,2024,8,August,Tuesday,528.82,699.02,-170.2,-32.18
TXN_10843,2024-08-13 21:00:00,CUST_142,Electronics,5,179.83,44.43,2024,8,August,Tuesday,899.15,222.15,677.0,75.29
TXN_10846,2024-08-13 22:30:00,CUST_102,Apparel,3,192.51,191.11,2024,8,August,Tuesday,577.53,573.33,4.2,0.73
TXN_10848,2024-08-13 23:30:00,CUST_367,Electronics,3,384.86,26.34,2024,8,August,Tuesday,1154.58,79.02,1075.56,93.16
TXN_10851,2024-08-14 01:00:00,CUST_433,Apparel,4,186.42,191.01,2024,8,August,Wednesday,745.68,764.04,-18.36,-2.46
TXN_10852,2024-08-14 01:30:00,CUST_158,Home Goods,4,569.23,122.06,2024,8,August,Wednesday,2276.92,488.24,1788.68,78.56
TXN_10853,2024-08-14 02:00:00,CUST_276,Unknown,4,244.3,329.01,2024,8,August,Wednesday,977.2,1316.04,-338.84,-34.67
TXN_10854,2024-08-14 02:30:00,CUST_162,Apparel,5,141.88,133.99,2024,8,August,Wednesday,709.4,669.95,39.45,5.56
TXN_10856,2024-08-14 03:30:00,CUST_406,Electronics,3,453.12,300.93,2024,8,August,Wednesday,1359.36,902.79,456.57,33.59
TXN_10860,2024-08-14 05:30:00,CUST_431,Home Goods,1,311.61,227.97,2024,8,August,Wednesday,311.61,227.97,83.64,26.84
TXN_10861,2024-08-14 06:00:00,CUST_114,Electronics,4,253.97,64.65,2024,8,August,Wednesday,1015.88,258.6,757.28,74.54
TXN_10862,2024-08-14 06:30:00,CUST_437,Home Goods,2,559.58,245.54,2024,8,August,Wednesday,1119.16,491.08,628.08,56.12
TXN_10864,2024-08-14 07:30:00,CUST_191,Apparel,1,375.11,251.41,2024,8,August,Wednesday,375.11,251.41,123.7,32.98
TXN_10866,2024-08-14 08:30:00,CUST_305,Electronics,1,56.43,98.32,2024,8,August,Wednesday,56.43,98.32,-41.89,-74.23
TXN_10868,2024-08-14 09:30:00,CUST_324,Electronics,4,382.34,147.79,2024,8,August,Wednesday,1529.36,591.16,938.2,61.35
TXN_10869,2024-08-14 10:00:00,CUST_400,Apparel,2,31.54,175.16,2024,8,August,Wednesday,63.08,350.32,-287.24,-455.36
TXN_10870,2024-08-14 10:30:00,CUST_417,Apparel,4,361.47,19.41,2024,8,August,Wednesday,1445.88,77.64,1368.24,94.63
TXN_10872,2024-08-14 11:30:00,CUST_370,Home Goods,4,480.13,66.9,2024,8,August,Wednesday,1920.52,267.6,1652.92,86.07
TXN_10873,2024-08-14 12:00:00,CUST_333,Apparel,2,217.17,103.89,2024,8,August,Wednesday,434.34,207.78,226.56,52.16
TXN_10874,2024-08-14 12:30:00,CUST_145,Electronics,1,95.85,95.73,2024,8,August,Wednesday,95.85,95.73,0.12,0.13
TXN_10875,2024-08-14 13:00:00,CUST_163,Electronics,1,287.06,25.65,2024,8,August,Wednesday,287.06,25.65,261.41,91.06
TXN_10878,2024-08-14 14:30:00,CUST_345,Apparel,2,594.07,204.16,2024,8,August,Wednesday,1188.14,408.32,779.82,65.63
TXN_10879,2024-08-14 15:00:00,CUST_174,Home Goods,1,255.19,167.15,2024,8,August,Wednesday,255.19,167.15,88.04,34.5
TXN_10880,2024-08-14 15:30:00,CUST_256,Apparel,5,102.04,305.64,2024,8,August,Wednesday,510.2,1528.2,-1018.0,-199.53
TXN_10881,2024-08-14 16:00:00,CUST_322,Apparel,4,547.71,22.81,2024,8,August,Wednesday,2190.84,91.24,2099.6,95.84
TXN_10883,2024-08-14 17:00:00,CUST_151,Electronics,5,314.1,304.48,2024,8,August,Wednesday,1570.5,1522.4,48.1,3.06
TXN_10884,2024-08-14 17:30:00,CUST_187,Electronics,5,228.73,23.95,2024,8,August,Wednesday,1143.65,119.75,1023.9,89.53
TXN_10888,2024-08-14 19:30:00,CUST_249,Apparel,5,486.97,95.85,2024,8,August,Wednesday,2434.85,479.25,1955.6,80.32
TXN_10889,2024-08-14 20:00:00,CUST_119,Apparel,3,25.64,277.1,2024,8,August,Wednesday,76.92,831.3,-754.38,-980.73
TXN_10890,2024-08-14 20:30:00,CUST_132,Electronics,3,553.53,202.92,2024,8,August,Wednesday,1660.59,608.76,1051.83,63.34
TXN_10891,2024-08-14 21:00:00,CUST_427,Electronics,5,307.67,117.36,2024,8,August,Wednesday,1538.35,586.8,951.55,61.86
TXN_10892,2024-08-14 21:30:00,CUST_380,Electronics,4,147.65,270.02,2024,8,August,Wednesday,590.6,1080.08,-489.48,-82.88
TXN_10894,2024-08-14 22:30:00,CUST_172,Electronics,5,342.33,127.44,2024,8,August,Wednesday,1711.65,637.2,1074.45,62.77
TXN_10896,2024-08-14 23:30:00,CUST_412,Home Goods,5,384.29,235.94,2024,8,August,Wednesday,1921.45,1179.7,741.75,38.6
TXN_10901,2024-08-15 02:00:00,CUST_444,Electronics,3,279.77,115.63,2024,8,August,Thursday,839.31,346.89,492.42,58.67
TXN_10902,2024-08-15 02:30:00,CUST_107,Electronics,5,282.95,328.26,2024,8,August,Thursday,1414.75,1641.3,-226.55,-16.01
TXN_10903,2024-08-15 03:00:00,CUST_371,Electronics,4,359.95,293.45,2024,8,August,Thursday,1439.8,1173.8,266.0,18.47
TXN_10904,2024-08-15 03:30:00,CUST_345,Electronics,4,322.92,202.16,2024,8,August,Thursday,1291.68,808.64,483.04,37.4
TXN_10907,2024-08-15 05:00:00,CUST_416,Home Goods,5,97.95,230.83,2024,8,August,Thursday,489.75,1154.15,-664.4,-135.66
TXN_10908,2024-08-15 05:30:00,CUST_370,Electronics,4,420.58,121.56,2024,8,August,Thursday,1682.32,486.24,1196.08,71.1
TXN_10909,2024-08-15 06:00:00,CUST_292,Electronics,5,324.23,218.18,2024,8,August,Thursday,1621.15,1090.9,530.25,32.71
TXN_10911,2024-08-15 07:00:00,CUST_230,Electronics,3,482.03,25.47,2024,8,August,Thursday,1446.09,76.41,1369.68,94.72
TXN_10912,2024-08-15 07:30:00,CUST_201,Electronics,5,205.59,216.4,2024,8,August,Thursday,1027.95,1082.0,-54.05,-5.26
TXN_10914,2024-08-15 08:30:00,CUST_369,Electronics,1,58.53,80.3,2024,8,August,Thursday,58.53,80.3,-21.77,-37.19
TXN_10915,2024-08-15 09:00:00,CUST_391,Apparel,3,450.48,229.79,2024,8,August,Thursday,1351.44,689.37,662.07,48.99
TXN_10916,2024-08-15 09:30:00,CUST_309,Electronics,4,421.69,198.64,2024,8,August,Thursday,1686.76,794.56,892.2,52.89
TXN_10917,2024-08-15 10:00:00,CUST_460,Apparel,4,484.39,270.89,2024,8,August,Thursday,1937.56,1083.56,854.0,44.08
TXN_10920,2024-08-15 11:30:00,CUST_109,Home Goods,3,509.03,349.3,2024,8,August,Thursday,1527.09,1047.9,479.19,31.38
TXN_10922,2024-08-15 12:30:00,CUST_210,Home Goods,1,215.85,242.66,2024,8,August,Thursday,215.85,242.66,-26.81,-12.42
TXN_10923,2024-08-15 13:00:00,CUST_420,Electronics,3,567.42,118.08,2024,8,August,Thursday,1702.26,354.24,1348.02,79.19
TXN_10926,2024-08-15 14:30:00,CUST_382,Home Goods,2,229.44,45.86,2024,8,August,Thursday,458.88,91.72,367.16,80.01
TXN_10927,2024-08-15 15:00:00,CUST_212,Apparel,1,521.61,347.52,2024,8,August,Thursday,521.61,347.52,174.09,33.38
TXN_10928,2024-08-15 15:30:00,CUST_232,Apparel,3,204.2,52.77,2024,8,August,Thursday,612.6,158.31,454.29,74.16
TXN_10929,2024-08-15 16:00:00,CUST_170,Home Goods,2,104.88,68.11,2024,8,August,Thursday,209.76,136.22,73.54,35.06
TXN_10930,2024-08-15 16:30:00,CUST_182,Electronics,5,389.1,114.84,2024,8,August,Thursday,1945.5,574.2,1371.3,70.49
TXN_10931,2024-08-15 17:00:00,CUST_156,Electronics,1,39.93,184.21,2024,8,August,Thursday,39.93,184.21,-144.28,-361.33
TXN_10932,2024-08-15 17:30:00,CUST_475,Apparel,5,236.77,278.74,2024,8,August,Thursday,1183.85,1393.7,-209.85,-17.73
TXN_10933,2024-08-15 18:00:00,CUST_448,Apparel,2,487.48,340.14,2024,8,August,Thursday,974.96,680.28,294.68,30.22
TXN_10934,2024-08-15 18:30:00,CUST_370,Apparel,4,187.7,132.0,2024,8,August,Thursday,750.8,528.0,222.8,29.68
TXN_10935,2024-08-15 19:00:00,CUST_210,Apparel,4,559.82,16.94,2024,8,August,Thursday,2239.28,67.76,2171.52,96.97
TXN_10937,2024-08-15 20:00:00,CUST_474,Apparel,4,492.25,251.67,2024,8,August,Thursday,1969.0,1006.68,962.32,48.87
TXN_10938,2024-08-15 20:30:00,CUST_175,Electronics,5,592.77,145.13,2024,8,August,Thursday,2963.85,725.65,2238.2,75.52
TXN_10939,2024-08-15 21:00:00,CUST_257,Electronics,1,325.5,72.38,2024,8,August,Thursday,325.5,72.38,253.12,77.76
TXN_10940,2024-08-15 21:30:00,CUST_119,Unknown,5,347.98,114.05,2024,8,August,Thursday,1739.9,570.25,1169.65,67.23
TXN_10941,2024-08-15 22:00:00,CUST_230,Apparel,5,504.16,232.97,2024,8,August,Thursday,2520.8,1164.85,1355.95,53.79
TXN_10942,2024-08-15 22:30:00,CUST_428,Home Goods,4,303.29,178.02,2024,8,August,Thursday,1213.16,712.08,501.08,41.3
TXN_10943,2024-08-15 23:00:00,CUST_221,Electronics,5,252.93,262.76,2024,8,August,Thursday,1264.65,1313.8,-49.15,-3.89
TXN_10944,2024-08-15 23:30:00,CUST_140,Apparel,2,374.63,84.18,2024,8,August,Thursday,749.26,168.36,580.9,77.53
TXN_10945,2024-08-16 00:00:00,CUST_266,Apparel,3,399.73,296.28,2024,8,August,Friday,1199.19,888.84,310.35,25.88
TXN_10946,2024-08-16 00:30:00,CUST_229,Electronics,3,454.27,63.0,2024,8,August,Friday,1362.81,189.0,1173.81,86.13
TXN_10947,2024-08-16 01:00:00,CUST_122,Apparel,3,405.9,122.17,2024,8,August,Friday,1217.7,366.51,851.19,69.9
TXN_10951,2024-08-16 03:00:00,CUST_108,Home Goods,4,93.94,332.36,2024,8,August,Friday,375.76,1329.44,-953.68,-253.8
TXN_10953,2024-08-16 04:00:00,CUST_406,Home Goods,4,33.01,84.01,2024,8,August,Friday,132.04,336.04,-204.0,-154.5
TXN_10954,2024-08-16 04:30:00,CUST_419,Apparel,3,595.61,256.76,2024,8,August,Friday,1786.83,770.28,1016.55,56.89
TXN_10955,2024-08-16 05:00:00,CUST_151,Electronics,1,499.65,246.75,2024,8,August,Friday,499.65,246.75,252.9,50.62
TXN_10957,2024-08-16 06:00:00,CUST_137,Apparel,3,580.46,321.4,2024,8,August,Friday,1741.38,964.2,777.18,44.63
TXN_10958,2024-08-16 06:30:00,CUST_199,Electronics,5,373.3,251.98,2024,8,August,Friday,1866.5,1259.9,606.6,32.5
TXN_10960,2024-08-16 07:30:00,CUST_290,Electronics,3,342.24,278.78,2024,8,August,Friday,1026.72,836.34,190.38,18.54
TXN_10962,2024-08-16 08:30:00,CUST_492,Electronics,3,231.14,205.25,2024,8,August,Friday,693.42,615.75,77.67,11.2
TXN_10964,2024-08-16 09:30:00,CUST_267,Unknown,1,468.14,323.16,2024,8,August,Friday,468.14,323.16,144.98,30.97
TXN_10965,2024-08-16 10:00:00,CUST_410,Home Goods,4,309.21,184.34,2024,8,August,Friday,1236.84,737.36,499.48,40.38
TXN_10967,2024-08-16 11:00:00,CUST_306,Apparel,4,191.65,151.22,2024,8,August,Friday,766.6,604.88,161.72,21.1
TXN_10968,2024-08-16 11:30:00,CUST_399,Home Goods,5,330.83,275.48,2024,8,August,Friday,1654.15,1377.4,276.75,16.73
TXN_10969,2024-08-16 12:00:00,CUST_209,Home Goods,3,160.31,125.95,2024,8,August,Friday,480.93,377.85,103.08,21.43
TXN_10970,2024-08-16 12:30:00,CUST_295,Apparel,2,167.68,285.62,2024,8,August,Friday,335.36,571.24,-235.88,-70.34
TXN_10971,2024-08-16 13:00:00,CUST_251,Unknown,5,458.0,46.7,2024,8,August,Friday,2290.0,233.5,2056.5,89.8
TXN_10973,2024-08-16 14:00:00,CUST_227,Home Goods,4,45.07,172.14,2024,8,August,Friday,180.28,688.56,-508.28,-281.94
TXN_10974,2024-08-16 14:30:00,CUST_204,Apparel,1,216.05,247.58,2024,8,August,Friday,216.05,247.58,-31.53,-14.59
TXN_10976,2024-08-16 15:30:00,CUST_455,Electronics,4,491.18,55.66,2024,8,August,Friday,1964.72,222.64,1742.08,88.67
TXN_10977,2024-08-16 16:00:00,CUST_247,Apparel,4,577.73,172.18,2024,8,August,Friday,2310.92,688.72,1622.2,70.2
TXN_10979,2024-08-16 17:00:00,CUST_463,Unknown,1,265.88,266.65,2024,8,August,Friday,265.88,266.65,-0.77,-0.29
TXN_10980,2024-08-16 17:30:00,CUST_239,Unknown,3,189.98,112.06,2024,8,August,Friday,569.94,336.18,233.76,41.01
TXN_10981,2024-08-16 18:00:00,CUST_289,Unknown,3,90.83,331.0,2024,8,August,Friday,272.49,993.0,-720.51,-264.42
TXN_10985,2024-08-16 20:00:00,CUST_439,Home Goods,4,153.72,155.07,2024,8,August,Friday,614.88,620.28,-5.4,-0.88
TXN_10987,2024-08-16 21:00:00,CUST_367,Apparel,5,185.88,284.05,2024,8,August,Friday,929.4,1420.25,-490.85,-52.81
TXN_10988,2024-08-16 21:30:00,CUST_380,Unknown,2,481.63,74.97,2024,8,August,Friday,963.26,149.94,813.32,84.43
TXN_10990,2024-08-16 22:30:00,CUST_419,Apparel,5,370.96,248.9,2024,8,August,Friday,1854.8,1244.5,610.3,32.9
TXN_10992,2024-08-16 23:30:00,CUST_225,Electronics,5,336.47,31.33,2024,8,August,Friday,1682.35,156.65,1525.7,90.69
TXN_10993,2024-08-17 00:00:00,CUST_405,Apparel,4,52.39,143.7,2024,8,August,Saturday,209.56,574.8,-365.24,-174.29
TXN_10994,2024-08-17 00:30:00,CUST_289,Apparel,4,117.89,218.98,2024,8,August,Saturday,471.56,875.92,-404.36,-85.75
TXN_10995,2024-08-17 01:00:00,CUST_188,Electronics,2,81.12,274.97,2024,8,August,Saturday,162.24,549.94,-387.7,-238.97
TXN_10996,2024-08-17 01:30:00,CUST_454,Electronics,2,217.83,323.12,2024,8,August,Saturday,435.66,646.24,-210.58,-48.34
TXN_10997,2024-08-17 02:00:00,CUST_215,Electronics,2,216.08,10.17,2024,8,August,Saturday,432.16,20.34,411.82,95.29
TXN_10998,2024-08-17 02:30:00,CUST_451,Apparel,4,498.46,223.44,2024,8,August,Saturday,1993.84,893.76,1100.08,55.17
TXN_10999,2024-08-17 03:00:00,CUST_276,Electronics,4,147.03,12.36,2024,8,August,Saturday,588.12,49.44,538.68,91.59
TXN_11000,2024-08-17 03:30:00,CUST_113,Apparel,5,65.54,277.67,2024,8,August,Saturday,327.7,1388.35,-1060.65,-323.66
TXN_11001,2024-08-17 04:00:00,CUST_356,Electronics,4,368.05,60.89,2024,8,August,Saturday,1472.2,243.56,1228.64,83.46
TXN_11003,2024-08-17 05:00:00,CUST_380,Apparel,3,187.47,62.74,2024,8,August,Saturday,562.41,188.22,374.19,66.53
TXN_11004,2024-08-17 05:30:00,CUST_427,Apparel,3,367.65,269.87,2024,8,August,Saturday,1102.95,809.61,293.34,26.6
TXN_11005,2024-08-17 06:00:00,CUST_424,Apparel,2,468.99,108.36,2024,8,August,Saturday,937.98,216.72,721.26,76.9
TXN_11006,2024-08-17 06:30:00,CUST_488,Apparel,4,218.32,199.47,2024,8,August,Saturday,873.28,797.88,75.4,8.63
TXN_11008,2024-08-17 07:30:00,CUST_246,Home Goods,3,100.78,80.3,2024,8,August,Saturday,302.34,240.9,61.44,20.32
TXN_11009,2024-08-17 08:00:00,CUST_378,Electronics,5,28.83,111.56,2024,8,August,Saturday,144.15,557.8,-413.65,-286.96
TXN_11010,2024-08-17 08:30:00,CUST_108,Electronics,1,589.1,46.55,2024,8,August,Saturday,589.1,46.55,542.55,92.1
TXN_11012,2024-08-17 09:30:00,CUST_193,Electronics,5,178.16,91.42,2024,8,August,Saturday,890.8,457.1,433.7,48.69
TXN_11013,2024-08-17 10:00:00,CUST_243,Home Goods,1,584.35,185.44,2024,8,August,Saturday,584.35,185.44,398.91,68.27
TXN_11015,2024-08-17 11:00:00,CUST_485,Apparel,5,357.4,279.81,2024,8,August,Saturday,1787.0,1399.05,387.95,21.71
TXN_11016,2024-08-17 11:30:00,CUST_113,Electronics,3,424.1,33.72,2024,8,August,Saturday,1272.3,101.16,1171.14,92.05
TXN_11017,2024-08-17 12:00:00,CUST_356,Electronics,4,430.31,102.62,2024,8,August,Saturday,1721.24,410.48,1310.76,76.15
TXN_11018,2024-08-17 12:30:00,CUST_445,Electronics,1,461.55,271.88,2024,8,August,Saturday,461.55,271.88,189.67,41.09
TXN_11019,2024-08-17 13:00:00,CUST_285,Home Goods,4,54.31,173.5,2024,8,August,Saturday,217.24,694.0,-476.76,-219.46
TXN_11023,2024-08-17 15:00:00,CUST_445,Apparel,4,256.37,27.22,2024,8,August,Saturday,1025.48,108.88,916.6,89.38
TXN_11024,2024-08-17 15:30:00,CUST_271,Unknown,3,375.46,269.63,2024,8,August,Saturday,1126.38,808.89,317.49,28.19
TXN_11027,2024-08-17 17:00:00,CUST_251,Apparel,2,388.91,311.96,2024,8,August,Saturday,777.82,623.92,153.9,19.79
TXN_11028,2024-08-17 17:30:00,CUST_210,Apparel,2,353.9,253.53,2024,8,August,Saturday,707.8,507.06,200.74,28.36
TXN_11029,2024-08-17 18:00:00,CUST_282,Electronics,1,523.24,121.06,2024,8,August,Saturday,523.24,121.06,402.18,76.86
TXN_11030,2024-08-17 18:30:00,CUST_498,Electronics,3,477.87,105.17,2024,8,August,Saturday,1433.61,315.51,1118.1,77.99
TXN_11031,2024-08-17 19:00:00,CUST_438,Home Goods,4,579.88,171.59,2024,8,August,Saturday,2319.52,686.36,1633.16,70.41
TXN_11032,2024-08-17 19:30:00,CUST_171,Home Goods,5,364.36,130.56,2024,8,August,Saturday,1821.8,652.8,1169.0,64.17
TXN_11033,2024-08-17 20:00:00,CUST_485,Home Goods,5,423.6,316.39,2024,8,August,Saturday,2118.0,1581.95,536.05,25.31
TXN_11035,2024-08-17 21:00:00,CUST_173,Home Goods,1,506.4,256.32,2024,8,August,Saturday,506.4,256.32,250.08,49.38
TXN_11036,2024-08-17 21:30:00,CUST_454,Electronics,1,435.45,217.7,2024,8,August,Saturday,435.45,217.7,217.75,50.01
TXN_11037,2024-08-17 22:00:00,CUST_314,Electronics,1,307.65,284.14,2024,8,August,Saturday,307.65,284.14,23.51,7.64
TXN_11038,2024-08-17 22:30:00,CUST_427,Electronics,3,174.83,194.45,2024,8,August,Saturday,524.49,583.35,-58.86,-11.22
TXN_11039,2024-08-17 23:00:00,CUST_122,Electronics,5,528.17,224.04,2024,8,August,Saturday,2640.85,1120.2,1520.65,57.58
TXN_11041,2024-08-18 00:00:00,CUST_497,Apparel,3,505.18,41.27,2024,8,August,Sunday,1515.54,123.81,1391.73,91.83
TXN_11043,2024-08-18 01:00:00,CUST_461,Home Goods,3,199.17,143.83,2024,8,August,Sunday,597.51,431.49,166.02,27.79
TXN_11044,2024-08-18 01:30:00,CUST_192,Apparel,4,263.56,170.73,2024,8,August,Sunday,1054.24,682.92,371.32,35.22
TXN_11045,2024-08-18 02:00:00,CUST_420,Home Goods,3,505.44,77.96,2024,8,August,Sunday,1516.32,233.88,1282.44,84.58
TXN_11046,2024-08-18 02:30:00,CUST_423,Apparel,3,537.34,38.11,2024,8,August,Sunday,1612.02,114.33,1497.69,92.91
TXN_11047,2024-08-18 03:00:00,CUST_483,Home Goods,4,181.66,17.54,2024,8,August,Sunday,726.64,70.16,656.48,90.34
TXN_11048,2024-08-18 03:30:00,CUST_162,Apparel,2,416.56,269.96,2024,8,August,Sunday,833.12,539.92,293.2,35.19
TXN_11049,2024-08-18 04:00:00,CUST_323,Electronics,4,60.52,174.92,2024,8,August,Sunday,242.08,699.68,-457.6,-189.03
TXN_11050,2024-08-18 04:30:00,CUST_324,Home Goods,1,254.6,296.76,2024,8,August,Sunday,254.6,296.76,-42.16,-16.56
TXN_11052,2024-08-18 05:30:00,CUST_445,Apparel,2,462.9,249.17,2024,8,August,Sunday,925.8,498.34,427.46,46.17
TXN_11054,2024-08-18 06:30:00,CUST_202,Apparel,5,212.31,218.1,2024,8,August,Sunday,1061.55,1090.5,-28.95,-2.73
TXN_11057,2024-08-18 08:00:00,CUST_259,Home Goods,3,207.28,332.11,2024,8,August,Sunday,621.84,996.33,-374.49,-60.22
TXN_11058,2024-08-18 08:30:00,CUST_471,Electronics,2,591.54,294.27,2024,8,August,Sunday,1183.08,588.54,594.54,50.25
TXN_11059,2024-08-18 09:00:00,CUST_306,Electronics,5,527.33,116.04,2024,8,August,Sunday,2636.65,580.2,2056.45,77.99
TXN_11060,2024-08-18 09:30:00,CUST_368,Electronics,4,188.4,335.96,2024,8,August,Sunday,753.6,1343.84,-590.24,-78.32
TXN_11061,2024-08-18 10:00:00,CUST_293,Home Goods,4,312.15,112.17,2024,8,August,Sunday,1248.6,448.68,799.92,64.07
TXN_11062,2024-08-18 10:30:00,CUST_479,Electronics,1,150.04,160.62,2024,8,August,Sunday,150.04,160.62,-10.58,-7.05
TXN_11064,2024-08-18 11:30:00,CUST_336,Electronics,1,414.75,115.06,2024,8,August,Sunday,414.75,115.06,299.69,72.26
TXN_11065,2024-08-18 12:00:00,CUST_187,Electronics,2,65.03,120.33,2024,8,August,Sunday,130.06,240.66,-110.6,-85.04
TXN_11068,2024-08-18 13:30:00,CUST_313,Electronics,3,593.92,52.03,2024,8,August,Sunday,1781.76,156.09,1625.67,91.24
TXN_11069,2024-08-18 14:00:00,CUST_114,Electronics,4,29.97,15.95,2024,8,August,Sunday,119.88,63.8,56.08,46.78
TXN_11070,2024-08-18 14:30:00,CUST_365,Apparel,2,501.43,322.51,2024,8,August,Sunday,1002.86,645.02,357.84,35.68
TXN_11072,2024-08-18 15:30:00,CUST_172,Electronics,2,92.72,44.57,2024,8,August,Sunday,185.44,89.14,96.3,51.93
TXN_11075,2024-08-18 17:00:00,CUST_127,Electronics,2,318.3,71.77,2024,8,August,Sunday,636.6,143.54,493.06,77.45
TXN_11076,2024-08-18 17:30:00,CUST_164,Home Goods,1,249.75,337.29,2024,8,August,Sunday,249.75,337.29,-87.54,-35.05
TXN_11078,2024-08-18 18:30:00,CUST_450,Apparel,4,69.61,45.95,2024,8,August,Sunday,278.44,183.8,94.64,33.99
TXN_11080,2024-08-18 19:30:00,CUST_418,Apparel,1,396.64,312.89,2024,8,August,Sunday,396.64,312.89,83.75,21.11
TXN_11081,2024-08-18 20:00:00,CUST_328,Home Goods,1,371.0,225.69,2024,8,August,Sunday,371.0,225.69,145.31,39.17
TXN_11084,2024-08-18 21:30:00,CUST_393,Apparel,2,429.51,51.27,2024,8,August,Sunday,859.02,102.54,756.48,88.06
TXN_11085,2024-08-18 22:00:00,CUST_330,Apparel,5,357.16,216.17,2024,8,August,Sunday,1785.8,1080.85,704.95,39.48
TXN_11086,2024-08-18 22:30:00,CUST_340,Electronics,5,415.41,289.47,2024,8,August,Sunday,2077.05,1447.35,629.7,30.32
TXN_11087,2024-08-18 23:00:00,CUST_169,Apparel,5,164.81,244.14,2024,8,August,Sunday,824.05,1220.7,-396.65,-48.13
TXN_11090,2024-08-19 00:30:00,CUST_152,Home Goods,2,592.53,195.78,2024,8,August,Monday,1185.06,391.56,793.5,66.96
TXN_11091,2024-08-19 01:00:00,CUST_474,Home Goods,3,28.62,222.5,2024,8,August,Monday,85.86,667.5,-581.64,-677.43
TXN_11093,2024-08-19 02:00:00,CUST_153,Electronics,4,120.58,218.78,2024,8,August,Monday,482.32,875.12,-392.8,-81.44
TXN_11094,2024-08-19 02:30:00,CUST_375,Electronics,2,340.03,260.35,2024,8,August,Monday,680.06,520.7,159.36,23.43
TXN_11095,2024-08-19 03:00:00,CUST_434,Apparel,2,157.27,71.66,2024,8,August,Monday,314.54,143.32,171.22,54.44
TXN_11096,2024-08-19 03:30:00,CUST_130,Home Goods,1,446.42,93.71,2024,8,August,Monday,446.42,93.71,352.71,79.01
TXN_11097,2024-08-19 04:00:00,CUST_234,Apparel,5,530.89,98.02,2024,8,August,Monday,2654.45,490.1,2164.35,81.54
TXN_11099,2024-08-19 05:00:00,CUST_204,Home Goods,2,109.0,148.39,2024,8,August,Monday,218.0,296.78,-78.78,-36.14
TXN_11100,2024-08-19 05:30:00,CUST_365,Unknown,3,527.08,190.39,2024,8,August,Monday,1581.24,571.17,1010.07,63.88
TXN_11102,2024-08-19 06:30:00,CUST_352,Apparel,4,269.23,136.3,2024,8,August,Monday,1076.92,545.2,531.72,49.37
TXN_11103,2024-08-19 07:00:00,CUST_394,Home Goods,3,144.27,45.89,2024,8,August,Monday,432.81,137.67,295.14,68.19
TXN_11104,2024-08-19 07:30:00,CUST_255,Apparel,2,263.81,232.47,2024,8,August,Monday,527.62,464.94,62.68,11.88
TXN_11105,2024-08-19 08:00:00,CUST_257,Unknown,2,150.31,236.87,2024,8,August,Monday,300.62,473.74,-173.12,-57.59
TXN_11106,2024-08-19 08:30:00,CUST_136,Electronics,1,404.57,98.59,2024,8,August,Monday,404.57,98.59,305.98,75.63
TXN_11107,2024-08-19 09:00:00,CUST_218,Apparel,3,306.84,21.98,2024,8,August,Monday,920.52,65.94,854.58,92.84
TXN_11108,2024-08-19 09:30:00,CUST_166,Apparel,1,476.02,236.22,2024,8,August,Monday,476.02,236.22,239.8,50.38
TXN_11110,2024-08-19 10:30:00,CUST_398,Home Goods,3,310.77,18.86,2024,8,August,Monday,932.31,56.58,875.73,93.93
TXN_11111,2024-08-19 11:00:00,CUST_312,Unknown,5,166.82,245.68,2024,8,August,Monday,834.1,1228.4,-394.3,-47.27
TXN_11113,2024-08-19 12:00:00,CUST_200,Home Goods,5,320.33,70.79,2024,8,August,Monday,1601.65,353.95,1247.7,77.9
TXN_11114,2024-08-19 12:30:00,CUST_155,Apparel,3,116.48,187.25,2024,8,August,Monday,349.44,561.75,-212.31,-60.76
TXN_11115,2024-08-19 13:00:00,CUST_431,Apparel,1,174.57,246.9,2024,8,August,Monday,174.57,246.9,-72.33,-41.43
TXN_11116,2024-08-19 13:30:00,CUST_423,Electronics,5,63.5,88.23,2024,8,August,Monday,317.5,441.15,-123.65,-38.94
TXN_11117,2024-08-19 14:00:00,CUST_338,Home Goods,2,31.27,265.53,2024,8,August,Monday,62.54,531.06,-468.52,-749.15
TXN_11119,2024-08-19 15:00:00,CUST_330,Electronics,4,212.22,286.95,2024,8,August,Monday,848.88,1147.8,-298.92,-35.21
TXN_11120,2024-08-19 15:30:00,CUST_461,Electronics,1,578.81,98.03,2024,8,August,Monday,578.81,98.03,480.78,83.06
TXN_11124,2024-08-19 17:30:00,CUST_208,Electronics,3,145.77,67.11,2024,8,August,Monday,437.31,201.33,235.98,53.96
TXN_11126,2024-08-19 18:30:00,CUST_267,Apparel,4,484.51,155.15,2024,8,August,Monday,1938.04,620.6,1317.44,67.98
TXN_11127,2024-08-19 19:00:00,CUST_399,Electronics,4,383.91,304.35,2024,8,August,Monday,1535.64,1217.4,318.24,20.72
TXN_11128,2024-08-19 19:30:00,CUST_317,Electronics,2,422.82,64.25,2024,8,August,Monday,845.64,128.5,717.14,84.8
TXN_11130,2024-08-19 20:30:00,CUST_260,Electronics,1,362.03,47.4,2024,8,August,Monday,362.03,47.4,314.63,86.91
TXN_11131,2024-08-19 21:00:00,CUST_115,Electronics,4,74.61,15.97,2024,8,August,Monday,298.44,63.88,234.56,78.6
TXN_11132,2024-08-19 21:30:00,CUST_377,Unknown,1,52.95,348.32,2024,8,August,Monday,52.95,348.32,-295.37,-557.83
TXN_11133,2024-08-19 22:00:00,CUST_156,Electronics,2,404.96,35.0,2024,8,August,Monday,809.92,70.0,739.92,91.36
TXN_11134,2024-08-19 22:30:00,CUST_161,Apparel,3,399.7,166.92,2024,8,August,Monday,1199.1,500.76,698.34,58.24
TXN_11135,2024-08-19 23:00:00,CUST_462,Home Goods,4,452.68,308.65,2024,8,August,Monday,1810.72,1234.6,576.12,31.82
TXN_11136,2024-08-19 23:30:00,CUST_426,Apparel,4,78.64,288.59,2024,8,August,Monday,314.56,1154.36,-839.8,-266.98
TXN_11137,2024-08-20 00:00:00,CUST_341,Apparel,4,567.77,170.2,2024,8,August,Tuesday,2271.08,680.8,1590.28,70.02
TXN_11139,2024-08-20 01:00:00,CUST_171,Home Goods,1,394.99,224.1,2024,8,August,Tuesday,394.99,224.1,170.89,43.26
TXN_11141,2024-08-20 02:00:00,CUST_129,Apparel,4,577.17,106.87,2024,8,August,Tuesday,2308.68,427.48,1881.2,81.48
TXN_11142,2024-08-20 02:30:00,CUST_458,Home Goods,1,344.12,112.33,2024,8,August,Tuesday,344.12,112.33,231.79,67.36
TXN_11144,2024-08-20 03:30:00,CUST_185,Electronics,5,566.98,103.13,2024,8,August,Tuesday,2834.9,515.65,2319.25,81.81
TXN_11145,2024-08-20 04:00:00,CUST_333,Home Goods,5,558.67,95.51,2024,8,August,Tuesday,2793.35,477.55,2315.8,82.9
TXN_11146,2024-08-20 04:30:00,CUST_334,Apparel,1,143.87,130.63,2024,8,August,Tuesday,143.87,130.63,13.24,9.2
TXN_11148,2024-08-20 05:30:00,CUST_464,Electronics,5,445.92,175.66,2024,8,August,Tuesday,2229.6,878.3,1351.3,60.61
TXN_11149,2024-08-20 06:00:00,CUST_364,Electronics,2,26.06,69.0,2024,8,August,Tuesday,52.12,138.0,-85.88,-164.77
TXN_11150,2024-08-20 06:30:00,CUST_386,Home Goods,2,155.31,278.03,2024,8,August,Tuesday,310.62,556.06,-245.44,-79.02
TXN_11151,2024-08-20 07:00:00,CUST_426,Electronics,5,256.59,302.63,2024,8,August,Tuesday,1282.95,1513.15,-230.2,-17.94
TXN_11152,2024-08-20 07:30:00,CUST_492,Home Goods,3,355.95,94.38,2024,8,August,Tuesday,1067.85,283.14,784.71,73.49
TXN_11153,2024-08-20 08:00:00,CUST_368,Unknown,1,425.28,51.92,2024,8,August,Tuesday,425.28,51.92,373.36,87.79
TXN_11154,2024-08-20 08:30:00,CUST_285,Home Goods,5,137.97,255.59,2024,8,August,Tuesday,689.85,1277.95,-588.1,-85.25
TXN_11155,2024-08-20 09:00:00,CUST_230,Apparel,1,504.47,324.24,2024,8,August,Tuesday,504.47,324.24,180.23,35.73
TXN_11161,2024-08-20 12:00:00,CUST_389,Apparel,5,482.23,265.13,2024,8,August,Tuesday,2411.15,1325.65,1085.5,45.02
TXN_11162,2024-08-20 12:30:00,CUST_476,Unknown,2,572.62,204.83,2024,8,August,Tuesday,1145.24,409.66,735.58,64.23
TXN_11165,2024-08-20 14:00:00,CUST_475,Apparel,3,29.62,244.11,2024,8,August,Tuesday,88.86,732.33,-643.47,-724.14
TXN_11166,2024-08-20 14:30:00,CUST_195,Electronics,1,320.47,119.29,2024,8,August,Tuesday,320.47,119.29,201.18,62.78
TXN_11167,2024-08-20 15:00:00,CUST_361,Home Goods,3,467.73,85.62,2024,8,August,Tuesday,1403.19,256.86,1146.33,81.69
TXN_11169,2024-08-20 16:00:00,CUST_452,Unknown,2,444.78,237.05,2024,8,August,Tuesday,889.56,474.1,415.46,46.7
TXN_11171,2024-08-20 17:00:00,CUST_182,Apparel,4,395.81,207.81,2024,8,August,Tuesday,1583.24,831.24,752.0,47.5
TXN_11172,2024-08-20 17:30:00,CUST_324,Electronics,4,424.46,31.71,2024,8,August,Tuesday,1697.84,126.84,1571.0,92.53
TXN_11173,2024-08-20 18:00:00,CUST_322,Apparel,1,304.31,22.92,2024,8,August,Tuesday,304.31,22.92,281.39,92.47
TXN_11175,2024-08-20 19:00:00,CUST_291,Electronics,2,510.13,107.4,2024,8,August,Tuesday,1020.26,214.8,805.46,78.95
TXN_11177,2024-08-20 20:00:00,CUST_177,Electronics,1,321.08,35.85,2024,8,August,Tuesday,321.08,35.85,285.23,88.83
TXN_11179,2024-08-20 21:00:00,CUST_206,Home Goods,1,417.15,251.91,2024,8,August,Tuesday,417.15,251.91,165.24,39.61
TXN_11180,2024-08-20 21:30:00,CUST_481,Electronics,1,129.3,127.87,2024,8,August,Tuesday,129.3,127.87,1.43,1.11
TXN_11181,2024-08-20 22:00:00,CUST_370,Apparel,3,296.39,201.42,2024,8,August,Tuesday,889.17,604.26,284.91,32.04
TXN_11182,2024-08-20 22:30:00,CUST_489,Electronics,5,137.97,44.31,2024,8,August,Tuesday,689.85,221.55,468.3,67.88
TXN_11183,2024-08-20 23:00:00,CUST_343,Electronics,2,28.77,151.17,2024,8,August,Tuesday,57.54,302.34,-244.8,-425.44
TXN_11184,2024-08-20 23:30:00,CUST_172,Apparel,3,297.68,301.57,2024,8,August,Tuesday,893.04,904.71,-11.67,-1.31
TXN_11186,2024-08-21 00:30:00,CUST_453,Home Goods,5,263.71,45.34,2024,8,August,Wednesday,1318.55,226.7,1091.85,82.81
TXN_11187,2024-08-21 01:00:00,CUST_125,Home Goods,1,137.15,298.18,2024,8,August,Wednesday,137.15,298.18,-161.03,-117.41
TXN_11188,2024-08-21 01:30:00,CUST_309,Electronics,4,569.11,241.44,2024,8,August,Wednesday,2276.44,965.76,1310.68,57.58
TXN_11190,2024-08-21 02:30:00,CUST_224,Electronics,3,536.55,245.31,2024,8,August,Wednesday,1609.65,735.93,873.72,54.28
TXN_11191,2024-08-21 03:00:00,CUST_172,Electronics,2,446.09,68.76,2024,8,August,Wednesday,892.18,137.52,754.66,84.59
TXN_11192,2024-08-21 03:30:00,CUST_222,Electronics,2,115.66,197.17,2024,8,August,Wednesday,231.32,394.34,-163.02,-70.47
TXN_11193,2024-08-21 04:00:00,CUST_408,Apparel,5,291.23,220.1,2024,8,August,Wednesday,1456.15,1100.5,355.65,24.42
TXN_11194,2024-08-21 04:30:00,CUST_283,Apparel,3,593.48,325.43,2024,8,August,Wednesday,1780.44,976.29,804.15,45.17
TXN_11195,2024-08-21 05:00:00,CUST_286,Electronics,1,391.56,32.74,2024,8,August,Wednesday,391.56,32.74,358.82,91.64
TXN_11196,2024-08-21 05:30:00,CUST_297,Home Goods,5,89.52,137.43,2024,8,August,Wednesday,447.6,687.15,-239.55,-53.52
TXN_11198,2024-08-21 06:30:00,CUST_447,Electronics,2,288.9,83.86,2024,8,August,Wednesday,577.8,167.72,410.08,70.97
TXN_11200,2024-08-21 07:30:00,CUST_443,Home Goods,3,550.96,10.55,2024,8,August,Wednesday,1652.88,31.65,1621.23,98.09
TXN_11201,2024-08-21 08:00:00,CUST_352,Electronics,4,63.11,18.8,2024,8,August,Wednesday,252.44,75.2,177.24,70.21
TXN_11204,2024-08-21 09:30:00,CUST_175,Apparel,1,597.69,45.41,2024,8,August,Wednesday,597.69,45.41,552.28,92.4
TXN_11206,2024-08-21 10:30:00,CUST_374,Electronics,2,529.7,54.7,2024,8,August,Wednesday,1059.4,109.4,950.0,89.67
TXN_11208,2024-08-21 11:30:00,CUST_318,Apparel,3,437.79,181.02,2024,8,August,Wednesday,1313.37,543.06,770.31,58.65
TXN_11209,2024-08-21 12:00:00,CUST_221,Apparel,4,182.65,118.51,2024,8,August,Wednesday,730.6,474.04,256.56,35.12
TXN_11210,2024-08-21 12:30:00,CUST_310,Electronics,2,548.39,82.05,2024,8,August,Wednesday,1096.78,164.1,932.68,85.04
TXN_11211,2024-08-21 13:00:00,CUST_379,Apparel,4,281.26,143.79,2024,8,August,Wednesday,1125.04,575.16,549.88,48.88
TXN_11212,2024-08-21 13:30:00,CUST_125,Electronics,2,485.18,248.36,2024,8,August,Wednesday,970.36,496.72,473.64,48.81
TXN_11213,2024-08-21 14:00:00,CUST_272,Apparel,5,164.65,50.6,2024,8,August,Wednesday,823.25,253.0,570.25,69.27
TXN_11215,2024-08-21 15:00:00,CUST_337,Apparel,5,252.02,103.4,2024,8,August,Wednesday,1260.1,517.0,743.1,58.97
TXN_11216,2024-08-21 15:30:00,CUST_475,Electronics,5,33.39,138.73,2024,8,August,Wednesday,166.95,693.65,-526.7,-315.48
TXN_11217,2024-08-21 16:00:00,CUST_181,Apparel,3,256.61,289.33,2024,8,August,Wednesday,769.83,867.99,-98.16,-12.75
TXN_11218,2024-08-21 16:30:00,CUST_455,Home Goods,5,336.76,326.11,2024,8,August,Wednesday,1683.8,1630.55,53.25,3.16
TXN_11219,2024-08-21 17:00:00,CUST_372,Home Goods,3,103.78,92.61,2024,8,August,Wednesday,311.34,277.83,33.51,10.76
TXN_11220,2024-08-21 17:30:00,CUST_167,Apparel,1,122.59,224.19,2024,8,August,Wednesday,122.59,224.19,-101.6,-82.88
TXN_11221,2024-08-21 18:00:00,CUST_143,Electronics,5,286.94,240.07,2024,8,August,Wednesday,1434.7,1200.35,234.35,16.33
TXN_11222,2024-08-21 18:30:00,CUST_160,Apparel,3,215.5,296.45,2024,8,August,Wednesday,646.5,889.35,-242.85,-37.56
TXN_11223,2024-08-21 19:00:00,CUST_222,Apparel,2,272.83,315.67,2024,8,August,Wednesday,545.66,631.34,-85.68,-15.7
TXN_11224,2024-08-21 19:30:00,CUST_448,Unknown,3,284.58,169.12,2024,8,August,Wednesday,853.74,507.36,346.38,40.57
TXN_11226,2024-08-21 20:30:00,CUST_429,Apparel,3,121.0,340.08,2024,8,August,Wednesday,363.0,1020.24,-657.24,-181.06
TXN_11229,2024-08-21 22:00:00,CUST_357,Home Goods,2,404.56,237.03,2024,8,August,Wednesday,809.12,474.06,335.06,41.41
TXN_11231,2024-08-21 23:00:00,CUST_297,Unknown,3,581.42,235.09,2024,8,August,Wednesday,1744.26,705.27,1038.99,59.57
TXN_11233,2024-08-22 00:00:00,CUST_299,Electronics,2,500.78,22.05,2024,8,August,Thursday,1001.56,44.1,957.46,95.6
TXN_11236,2024-08-22 01:30:00,CUST_188,Electronics,4,169.24,18.92,2024,8,August,Thursday,676.96,75.68,601.28,88.82
TXN_11237,2024-08-22 02:00:00,CUST_245,Electronics,5,253.5,278.35,2024,8,August,Thursday,1267.5,1391.75,-124.25,-9.8
TXN_11239,2024-08-22 03:00:00,CUST_356,Apparel,1,227.03,209.11,2024,8,August,Thursday,227.03,209.11,17.92,7.89
TXN_11240,2024-08-22 03:30:00,CUST_288,Electronics,3,551.25,180.0,2024,8,August,Thursday,1653.75,540.0,1113.75,67.35
TXN_11242,2024-08-22 04:30:00,CUST_458,Apparel,2,260.02,178.36,2024,8,August,Thursday,520.04,356.72,163.32,31.41
TXN_11243,2024-08-22 05:00:00,CUST_486,Home Goods,5,460.26,300.15,2024,8,August,Thursday,2301.3,1500.75,800.55,34.79
TXN_11245,2024-08-22 06:00:00,CUST_396,Apparel,3,64.19,150.3,2024,8,August,Thursday,192.57,450.9,-258.33,-134.15
TXN_11246,2024-08-22 06:30:00,CUST_264,Electronics,5,426.88,244.11,2024,8,August,Thursday,2134.4,1220.55,913.85,42.82
TXN_11247,2024-08-22 07:00:00,CUST_406,Home Goods,4,297.3,338.12,2024,8,August,Thursday,1189.2,1352.48,-163.28,-13.73
TXN_11248,2024-08-22 07:30:00,CUST_370,Apparel,3,93.3,37.3,2024,8,August,Thursday,279.9,111.9,168.0,60.02
TXN_11250,2024-08-22 08:30:00,CUST_137,Electronics,2,41.35,305.95,2024,8,August,Thursday,82.7,611.9,-529.2,-639.9
TXN_11251,2024-08-22 09:00:00,CUST_213,Apparel,4,225.74,261.28,2024,8,August,Thursday,902.96,1045.12,-142.16,-15.74
TXN_11252,2024-08-22 09:30:00,CUST_438,Apparel,3,164.41,327.88,2024,8,August,Thursday,493.23,983.64,-490.41,-99.43
TXN_11253,2024-08-22 10:00:00,CUST_155,Electronics,5,238.53,23.54,2024,8,August,Thursday,1192.65,117.7,1074.95,90.13
TXN_11255,2024-08-22 11:00:00,CUST_237,Home Goods,4,443.42,279.21,2024,8,August,Thursday,1773.68,1116.84,656.84,37.03
TXN_11256,2024-08-22 11:30:00,CUST_201,Apparel,2,369.13,287.11,2024,8,August,Thursday,738.26,574.22,164.04,22.22
TXN_11257,2024-08-22 12:00:00,CUST_433,Unknown,3,411.85,213.07,2024,8,August,Thursday,1235.55,639.21,596.34,48.27
TXN_11258,2024-08-22 12:30:00,CUST_276,Electronics,5,521.4,27.65,2024,8,August,Thursday,2607.0,138.25,2468.75,94.7
TXN_11260,2024-08-22 13:30:00,CUST_438,Apparel,5,518.52,148.64,2024,8,August,Thursday,2592.6,743.2,1849.4,71.33
TXN_11262,2024-08-22 14:30:00,CUST_360,Unknown,4,161.88,261.7,2024,8,August,Thursday,647.52,1046.8,-399.28,-61.66
TXN_11264,2024-08-22 15:30:00,CUST_322,Home Goods,3,224.86,109.47,2024,8,August,Thursday,674.58,328.41,346.17,51.32
TXN_11266,2024-08-22 16:30:00,CUST_310,Electronics,5,183.33,38.27,2024,8,August,Thursday,916.65,191.35,725.3,79.13
TXN_11267,2024-08-22 17:00:00,CUST_386,Home Goods,4,585.63,11.82,2024,8,August,Thursday,2342.52,47.28,2295.24,97.98
TXN_11268,2024-08-22 17:30:00,CUST_279,Apparel,1,217.95,146.52,2024,8,August,Thursday,217.95,146.52,71.43,32.77
TXN_11270,2024-08-22 18:30:00,CUST_330,Electronics,5,18.74,289.7,2024,8,August,Thursday,93.7,1448.5,-1354.8,-1445.89
TXN_11271,2024-08-22 19:00:00,CUST_122,Home Goods,4,435.86,196.95,2024,8,August,Thursday,1743.44,787.8,955.64,54.81
TXN_11272,2024-08-22 19:30:00,CUST_147,Apparel,1,256.93,305.12,2024,8,August,Thursday,256.93,305.12,-48.19,-18.76
TXN_11274,2024-08-22 20:30:00,CUST_395,Apparel,4,581.61,337.8,2024,8,August,Thursday,2326.44,1351.2,975.24,41.92
TXN_11275,2024-08-22 21:00:00,CUST_105,Electronics,5,469.8,323.4,2024,8,August,Thursday,2349.0,1617.0,732.0,31.16
TXN_11276,2024-08-22 21:30:00,CUST_137,Apparel,1,439.8,213.74,2024,8,August,Thursday,439.8,213.74,226.06,51.4
TXN_11278,2024-08-22 22:30:00,CUST_455,Electronics,4,253.38,164.43,2024,8,August,Thursday,1013.52,657.72,355.8,35.11
TXN_11279,2024-08-22 23:00:00,CUST_382,Electronics,3,435.34,70.95,2024,8,August,Thursday,1306.02,212.85,1093.17,83.7
TXN_11280,2024-08-22 23:30:00,CUST_302,Apparel,1,135.63,223.66,2024,8,August,Thursday,135.63,223.66,-88.03,-64.9
TXN_11281,2024-08-23 00:00:00,CUST_424,Apparel,4,422.82,74.59,2024,8,August,Friday,1691.28,298.36,1392.92,82.36
TXN_11282,2024-08-23 00:30:00,CUST_412,Apparel,3,23.24,173.81,2024,8,August,Friday,69.72,521.43,-451.71,-647.89
TXN_11283,2024-08-23 01:00:00,CUST_372,Electronics,1,88.89,79.91,2024,8,August,Friday,88.89,79.91,8.98,10.1
TXN_11284,2024-08-23 01:30:00,CUST_343,Apparel,4,263.78,71.83,2024,8,August,Friday,1055.12,287.32,767.8,72.77
TXN_11285,2024-08-23 02:00:00,CUST_426,Apparel,5,22.07,94.29,2024,8,August,Friday,110.35,471.45,-361.1,-327.23
TXN_11286,2024-08-23 02:30:00,CUST_146,Electronics,1,285.25,19.93,2024,8,August,Friday,285.25,19.93,265.32,93.01
TXN_11287,2024-08-23 03:00:00,CUST_348,Home Goods,1,320.83,253.48,2024,8,August,Friday,320.83,253.48,67.35,20.99
TXN_11289,2024-08-23 04:00:00,CUST_209,Apparel,3,73.73,247.36,2024,8,August,Friday,221.19,742.08,-520.89,-235.49
TXN_11293,2024-08-23 06:00:00,CUST_464,Home Goods,4,30.15,202.73,2024,8,August,Friday,120.6,810.92,-690.32,-572.4
TXN_11294,2024-08-23 06:30:00,CUST_189,Electronics,5,331.11,322.26,2024,8,August,Friday,1655.55,1611.3,44.25,2.67
TXN_11295,2024-08-23 07:00:00,CUST_441,Electronics,3,474.21,146.45,2024,8,August,Friday,1422.63,439.35,983.28,69.12
TXN_11296,2024-08-23 07:30:00,CUST_447,Apparel,1,55.42,181.63,2024,8,August,Friday,55.42,181.63,-126.21,-227.73
TXN_11298,2024-08-23 08:30:00,CUST_320,Home Goods,3,206.01,283.12,2024,8,August,Friday,618.03,849.36,-231.33,-37.43
TXN_11299,2024-08-23 09:00:00,CUST_172,Electronics,3,549.49,323.94,2024,8,August,Friday,1648.47,971.82,676.65,41.05
TXN_11301,2024-08-23 10:00:00,CUST_359,Electronics,3,201.24,75.9,2024,8,August,Friday,603.72,227.7,376.02,62.28
TXN_11302,2024-08-23 10:30:00,CUST_212,Electronics,1,540.59,269.9,2024,8,August,Friday,540.59,269.9,270.69,50.07
TXN_11304,2024-08-23 11:30:00,CUST_373,Home Goods,2,325.84,152.24,2024,8,August,Friday,651.68,304.48,347.2,53.28
TXN_11305,2024-08-23 12:00:00,CUST_142,Apparel,3,34.33,223.59,2024,8,August,Friday,102.99,670.77,-567.78,-551.3
TXN_11306,2024-08-23 12:30:00,CUST_307,Home Goods,2,591.17,245.23,2024,8,August,Friday,1182.34,490.46,691.88,58.52
TXN_11308,2024-08-23 13:30:00,CUST_202,Electronics,5,386.12,75.8,2024,8,August,Friday,1930.6,379.0,1551.6,80.37
TXN_11312,2024-08-23 15:30:00,CUST_286,Electronics,5,181.76,235.78,2024,8,August,Friday,908.8,1178.9,-270.1,-29.72
TXN_11313,2024-08-23 16:00:00,CUST_130,Electronics,5,379.33,319.4,2024,8,August,Friday,1896.65,1597.0,299.65,15.8
TXN_11316,2024-08-23 17:30:00,CUST_348,Home Goods,4,179.61,193.08,2024,8,August,Friday,718.44,772.32,-53.88,-7.5
TXN_11317,2024-08-23 18:00:00,CUST_486,Apparel,1,353.05,24.53,2024,8,August,Friday,353.05,24.53,328.52,93.05
TXN_11318,2024-08-23 18:30:00,CUST_473,Apparel,2,469.76,241.65,2024,8,August,Friday,939.52,483.3,456.22,48.56
TXN_11319,2024-08-23 19:00:00,CUST_369,Apparel,4,302.1,131.79,2024,8,August,Friday,1208.4,527.16,681.24,56.38
TXN_11320,2024-08-23 19:30:00,CUST_316,Electronics,2,500.93,328.13,2024,8,August,Friday,1001.86,656.26,345.6,34.5
TXN_11322,2024-08-23 20:30:00,CUST_101,Home Goods,1,444.33,112.72,2024,8,August,Friday,444.33,112.72,331.61,74.63
TXN_11324,2024-08-23 21:30:00,CUST_305,Electronics,3,209.15,172.3,2024,8,August,Friday,627.45,516.9,110.55,17.62
TXN_11327,2024-08-23 23:00:00,CUST_455,Electronics,4,390.27,60.04,2024,8,August,Friday,1561.08,240.16,1320.92,84.62
TXN_11329,2024-08-24 00:00:00,CUST_379,Electronics,1,38.6,162.58,2024,8,August,Saturday,38.6,162.58,-123.98,-321.19
TXN_11331,2024-08-24 01:00:00,CUST_264,Electronics,4,500.13,195.83,2024,8,August,Saturday,2000.52,783.32,1217.2,60.84
TXN_11333,2024-08-24 02:00:00,CUST_190,Home Goods,5,334.25,249.65,2024,8,August,Saturday,1671.25,1248.25,423.0,25.31
TXN_11335,2024-08-24 03:00:00,CUST_306,Home Goods,4,527.54,103.13,2024,8,August,Saturday,2110.16,412.52,1697.64,80.45
TXN_11336,2024-08-24 03:30:00,CUST_381,Electronics,3,248.24,198.26,2024,8,August,Saturday,744.72,594.78,149.94,20.13
TXN_11337,2024-08-24 04:00:00,CUST_164,Apparel,3,398.43,93.13,2024,8,August,Saturday,1195.29,279.39,915.9,76.63
TXN_11338,2024-08-24 04:30:00,CUST_475,Electronics,2,374.99,210.2,2024,8,August,Saturday,749.98,420.4,329.58,43.95
TXN_11339,2024-08-24 05:00:00,CUST_103,Apparel,4,232.71,156.86,2024,8,August,Saturday,930.84,627.44,303.4,32.59
TXN_11341,2024-08-24 06:00:00,CUST_348,Electronics,5,27.53,259.56,2024,8,August,Saturday,137.65,1297.8,-1160.15,-842.83
TXN_11343,2024-08-24 07:00:00,CUST_334,Apparel,3,296.5,322.87,2024,8,August,Saturday,889.5,968.61,-79.11,-8.89
TXN_11344,2024-08-24 07:30:00,CUST_405,Home Goods,2,496.27,105.39,2024,8,August,Saturday,992.54,210.78,781.76,78.76
TXN_11346,2024-08-24 08:30:00,CUST_494,Electronics,5,179.48,167.4,2024,8,August,Saturday,897.4,837.0,60.4,6.73
TXN_11347,2024-08-24 09:00:00,CUST_173,Apparel,5,285.33,18.98,2024,8,August,Saturday,1426.65,94.9,1331.75,93.35
TXN_11349,2024-08-24 10:00:00,CUST_161,Apparel,5,68.45,37.91,2024,8,August,Saturday,342.25,189.55,152.7,44.62
TXN_11350,2024-08-24 10:30:00,CUST_436,Home Goods,1,81.13,29.11,2024,8,August,Saturday,81.13,29.11,52.02,64.12
TXN_11351,2024-08-24 11:00:00,CUST_263,Electronics,3,201.71,101.05,2024,8,August,Saturday,605.13,303.15,301.98,49.9
TXN_11352,2024-08-24 11:30:00,CUST_155,Apparel,1,22.42,120.36,2024,8,August,Saturday,22.42,120.36,-97.94,-436.84
TXN_11353,2024-08-24 12:00:00,CUST_210,Electronics,1,143.82,47.84,2024,8,August,Saturday,143.82,47.84,95.98,66.74
TXN_11354,2024-08-24 12:30:00,CUST_317,Electronics,3,475.7,158.96,2024,8,August,Saturday,1427.1,476.88,950.22,66.58
TXN_11355,2024-08-24 13:00:00,CUST_339,Apparel,4,152.25,134.22,2024,8,August,Saturday,609.0,536.88,72.12,11.84
TXN_11357,2024-08-24 14:00:00,CUST_240,Electronics,2,570.21,76.59,2024,8,August,Saturday,1140.42,153.18,987.24,86.57
TXN_11363,2024-08-24 17:00:00,CUST_297,Electronics,3,55.0,135.15,2024,8,August,Saturday,165.0,405.45,-240.45,-145.73
TXN_11365,2024-08-24 18:00:00,CUST_313,Home Goods,2,558.49,311.12,2024,8,August,Saturday,1116.98,622.24,494.74,44.29
TXN_11367,2024-08-24 19:00:00,CUST_386,Unknown,4,272.59,271.07,2024,8,August,Saturday,1090.36,1084.28,6.08,0.56
TXN_11368,2024-08-24 19:30:00,CUST_392,Apparel,3,161.34,229.16,2024,8,August,Saturday,484.02,687.48,-203.46,-42.04
TXN_11370,2024-08-24 20:30:00,CUST_446,Electronics,5,250.54,249.06,2024,8,August,Saturday,1252.7,1245.3,7.4,0.59
TXN_11372,2024-08-24 21:30:00,CUST_227,Apparel,3,43.5,242.07,2024,8,August,Saturday,130.5,726.21,-595.71,-456.48
TXN_11373,2024-08-24 22:00:00,CUST_477,Home Goods,4,594.72,13.57,2024,8,August,Saturday,2378.88,54.28,2324.6,97.72
TXN_11375,2024-08-24 23:00:00,CUST_391,Apparel,1,254.13,185.76,2024,8,August,Saturday,254.13,185.76,68.37,26.9
TXN_11376,2024-08-24 23:30:00,CUST_387,Electronics,3,41.36,123.28,2024,8,August,Saturday,124.08,369.84,-245.76,-198.07
TXN_11379,2024-08-25 01:00:00,CUST_147,Electronics,5,405.02,336.29,2024,8,August,Sunday,2025.1,1681.45,343.65,16.97
TXN_11381,2024-08-25 02:00:00,CUST_436,Electronics,3,247.93,255.43,2024,8,August,Sunday,743.79,766.29,-22.5,-3.03
TXN_11382,2024-08-25 02:30:00,CUST_159,Electronics,1,446.59,294.19,2024,8,August,Sunday,446.59,294.19,152.4,34.13
TXN_11383,2024-08-25 03:00:00,CUST_496,Apparel,3,29.64,96.23,2024,8,August,Sunday,88.92,288.69,-199.77,-224.66
TXN_11384,2024-08-25 03:30:00,CUST_356,Electronics,5,331.5,266.4,2024,8,August,Sunday,1657.5,1332.0,325.5,19.64
TXN_11385,2024-08-25 04:00:00,CUST_164,Apparel,4,81.62,143.73,2024,8,August,Sunday,326.48,574.92,-248.44,-76.1
TXN_11386,2024-08-25 04:30:00,CUST_338,Apparel,5,270.06,53.77,2024,8,August,Sunday,1350.3,268.85,1081.45,80.09
TXN_11387,2024-08-25 05:00:00,CUST_388,Apparel,4,477.81,11.24,2024,8,August,Sunday,1911.24,44.96,1866.28,97.65
TXN_11388,2024-08-25 05:30:00,CUST_137,Home Goods,5,98.34,262.88,2024,8,August,Sunday,491.7,1314.4,-822.7,-167.32
TXN_11389,2024-08-25 06:00:00,CUST_124,Electronics,2,562.45,73.32,2024,8,August,Sunday,1124.9,146.64,978.26,86.96
TXN_11390,2024-08-25 06:30:00,CUST_158,Electronics,3,534.78,27.41,2024,8,August,Sunday,1604.34,82.23,1522.11,94.87
TXN_11392,2024-08-25 07:30:00,CUST_482,Apparel,3,18.5,127.88,2024,8,August,Sunday,55.5,383.64,-328.14,-591.24
TXN_11393,2024-08-25 08:00:00,CUST_396,Home Goods,1,477.0,245.21,2024,8,August,Sunday,477.0,245.21,231.79,48.59
TXN_11394,2024-08-25 08:30:00,CUST_257,Electronics,2,530.32,46.5,2024,8,August,Sunday,1060.64,93.0,967.64,91.23
TXN_11395,2024-08-25 09:00:00,CUST_156,Home Goods,1,117.22,55.1,2024,8,August,Sunday,117.22,55.1,62.12,52.99
TXN_11396,2024-08-25 09:30:00,CUST_147,Home Goods,3,550.97,147.4,2024,8,August,Sunday,1652.91,442.2,1210.71,73.25
TXN_11397,2024-08-25 10:00:00,CUST_427,Apparel,1,549.75,186.94,2024,8,August,Sunday,549.75,186.94,362.81,66.0
TXN_11398,2024-08-25 10:30:00,CUST_155,Electronics,4,290.71,290.23,2024,8,August,Sunday,1162.84,1160.92,1.92,0.17
TXN_11399,2024-08-25 11:00:00,CUST_164,Home Goods,2,481.85,209.11,2024,8,August,Sunday,963.7,418.22,545.48,56.6
TXN_11401,2024-08-25 12:00:00,CUST_168,Home Goods,5,344.97,84.04,2024,8,August,Sunday,1724.85,420.2,1304.65,75.64
TXN_11402,2024-08-25 12:30:00,CUST_315,Electronics,4,202.11,212.71,2024,8,August,Sunday,808.44,850.84,-42.4,-5.24
TXN_11404,2024-08-25 13:30:00,CUST_188,Electronics,5,451.72,256.77,2024,8,August,Sunday,2258.6,1283.85,974.75,43.16
TXN_11405,2024-08-25 14:00:00,CUST_380,Electronics,1,15.81,346.14,2024,8,August,Sunday,15.81,346.14,-330.33,-2089.37
TXN_11406,2024-08-25 14:30:00,CUST_356,Apparel,3,354.04,169.13,2024,8,August,Sunday,1062.12,507.39,554.73,52.23
TXN_11407,2024-08-25 15:00:00,CUST_259,Electronics,4,520.84,135.57,2024,8,August,Sunday,2083.36,542.28,1541.08,73.97
TXN_11408,2024-08-25 15:30:00,CUST_333,Apparel,2,144.45,299.75,2024,8,August,Sunday,288.9,599.5,-310.6,-107.51
TXN_11409,2024-08-25 16:00:00,CUST_230,Apparel,5,209.75,70.11,2024,8,August,Sunday,1048.75,350.55,698.2,66.57
TXN_11411,2024-08-25 17:00:00,CUST_246,Apparel,4,159.42,160.82,2024,8,August,Sunday,637.68,643.28,-5.6,-0.88
TXN_11414,2024-08-25 18:30:00,CUST_428,Apparel,3,355.24,345.27,2024,8,August,Sunday,1065.72,1035.81,29.91,2.81
TXN_11415,2024-08-25 19:00:00,CUST_244,Electronics,2,147.28,128.49,2024,8,August,Sunday,294.56,256.98,37.58,12.76
TXN_11416,2024-08-25 19:30:00,CUST_465,Apparel,2,39.21,250.71,2024,8,August,Sunday,78.42,501.42,-423.0,-539.4
TXN_11417,2024-08-25 20:00:00,CUST_160,Electronics,5,116.61,95.14,2024,8,August,Sunday,583.05,475.7,107.35,18.41
TXN_11418,2024-08-25 20:30:00,CUST_372,Electronics,4,42.03,113.16,2024,8,August,Sunday,168.12,452.64,-284.52,-169.24
TXN_11419,2024-08-25 21:00:00,CUST_148,Electronics,4,289.13,92.67,2024,8,August,Sunday,1156.52,370.68,785.84,67.95
TXN_11420,2024-08-25 21:30:00,CUST_431,Unknown,2,358.18,204.53,2024,8,August,Sunday,716.36,409.06,307.3,42.9
TXN_11422,2024-08-25 22:30:00,CUST_142,Apparel,1,67.93,254.24,2024,8,August,Sunday,67.93,254.24,-186.31,-274.27
TXN_11423,2024-08-25 23:00:00,CUST_156,Electronics,2,299.03,241.29,2024,8,August,Sunday,598.06,482.58,115.48,19.31
TXN_11424,2024-08-25 23:30:00,CUST_149,Apparel,3,482.52,153.23,2024,8,August,Sunday,1447.56,459.69,987.87,68.24
TXN_11425,2024-08-26 00:00:00,CUST_277,Electronics,4,382.39,18.7,2024,8,August,Monday,1529.56,74.8,1454.76,95.11
TXN_11427,2024-08-26 01:00:00,CUST_145,Apparel,5,534.21,191.15,2024,8,August,Monday,2671.05,955.75,1715.3,64.22
TXN_11428,2024-08-26 01:30:00,CUST_269,Electronics,4,551.71,295.33,2024,8,August,Monday,2206.84,1181.32,1025.52,46.47
TXN_11430,2024-08-26 02:30:00,CUST_435,Apparel,2,375.37,158.12,2024,8,August,Monday,750.74,316.24,434.5,57.88
TXN_11431,2024-08-26 03:00:00,CUST_238,Home Goods,3,303.01,309.92,2024,8,August,Monday,909.03,929.76,-20.73,-2.28
TXN_11432,2024-08-26 03:30:00,CUST_346,Electronics,1,566.08,76.98,2024,8,August,Monday,566.08,76.98,489.1,86.4
TXN_11435,2024-08-26 05:00:00,CUST_379,Unknown,4,131.62,109.17,2024,8,August,Monday,526.48,436.68,89.8,17.06
TXN_11436,2024-08-26 05:30:00,CUST_224,Home Goods,2,217.14,349.22,2024,8,August,Monday,434.28,698.44,-264.16,-60.83
TXN_11438,2024-08-26 06:30:00,CUST_473,Home Goods,2,473.41,27.59,2024,8,August,Monday,946.82,55.18,891.64,94.17
TXN_11439,2024-08-26 07:00:00,CUST_179,Apparel,2,443.33,69.87,2024,8,August,Monday,886.66,139.74,746.92,84.24
TXN_11440,2024-08-26 07:30:00,CUST_193,Unknown,3,517.87,191.04,2024,8,August,Monday,1553.61,573.12,980.49,63.11
TXN_11441,2024-08-26 08:00:00,CUST_325,Electronics,2,425.99,197.02,2024,8,August,Monday,851.98,394.04,457.94,53.75
TXN_11443,2024-08-26 09:00:00,CUST_187,Apparel,2,283.47,213.99,2024,8,August,Monday,566.94,427.98,138.96,24.51
TXN_11444,2024-08-26 09:30:00,CUST_187,Electronics,2,288.25,236.65,2024,8,August,Monday,576.5,473.3,103.2,17.9
TXN_11445,2024-08-26 10:00:00,CUST_300,Apparel,4,252.6,82.67,2024,8,August,Monday,1010.4,330.68,679.72,67.27
TXN_11446,2024-08-26 10:30:00,CUST_313,Electronics,2,377.82,46.33,2024,8,August,Monday,755.64,92.66,662.98,87.74
TXN_11447,2024-08-26 11:00:00,CUST_303,Apparel,3,252.9,214.68,2024,8,August,Monday,758.7,644.04,114.66,15.11
TXN_11449,2024-08-26 12:00:00,CUST_188,Electronics,4,77.32,209.71,2024,8,August,Monday,309.28,838.84,-529.56,-171.22
TXN_11452,2024-08-26 13:30:00,CUST_193,Unknown,2,76.7,169.38,2024,8,August,Monday,153.4,338.76,-185.36,-120.83
TXN_11453,2024-08-26 14:00:00,CUST_406,Apparel,1,275.5,58.24,2024,8,August,Monday,275.5,58.24,217.26,78.86
TXN_11455,2024-08-26 15:00:00,CUST_313,Apparel,3,252.42,191.23,2024,8,August,Monday,757.26,573.69,183.57,24.24
TXN_11456,2024-08-26 15:30:00,CUST_173,Electronics,1,83.71,145.77,2024,8,August,Monday,83.71,145.77,-62.06,-74.14
TXN_11457,2024-08-26 16:00:00,CUST_160,Electronics,3,91.58,200.28,2024,8,August,Monday,274.74,600.84,-326.1,-118.69
TXN_11459,2024-08-26 17:00:00,CUST_130,Home Goods,1,459.08,155.51,2024,8,August,Monday,459.08,155.51,303.57,66.13
TXN_11460,2024-08-26 17:30:00,CUST_318,Electronics,2,75.99,221.63,2024,8,August,Monday,151.98,443.26,-291.28,-191.66
TXN_11461,2024-08-26 18:00:00,CUST_111,Home Goods,1,405.66,86.91,2024,8,August,Monday,405.66,86.91,318.75,78.58
TXN_11464,2024-08-26 19:30:00,CUST_259,Electronics,1,292.55,302.98,2024,8,August,Monday,292.55,302.98,-10.43,-3.57
TXN_11465,2024-08-26 20:00:00,CUST_336,Electronics,3,172.94,298.06,2024,8,August,Monday,518.82,894.18,-375.36,-72.35
TXN_11466,2024-08-26 20:30:00,CUST_326,Unknown,2,403.25,178.14,2024,8,August,Monday,806.5,356.28,450.22,55.82
TXN_11467,2024-08-26 21:00:00,CUST_280,Electronics,3,232.24,76.46,2024,8,August,Monday,696.72,229.38,467.34,67.08
TXN_11468,2024-08-26 21:30:00,CUST_416,Electronics,2,143.09,260.46,2024,8,August,Monday,286.18,520.92,-234.74,-82.03
TXN_11470,2024-08-26 22:30:00,CUST_440,Electronics,5,461.51,212.17,2024,8,August,Monday,2307.55,1060.85,1246.7,54.03
TXN_11471,2024-08-26 23:00:00,CUST_179,Electronics,4,293.34,46.47,2024,8,August,Monday,1173.36,185.88,987.48,84.16
TXN_11475,2024-08-27 01:00:00,CUST_346,Electronics,4,268.45,343.17,2024,8,August,Tuesday,1073.8,1372.68,-298.88,-27.83
TXN_11476,2024-08-27 01:30:00,CUST_258,Home Goods,3,234.19,157.03,2024,8,August,Tuesday,702.57,471.09,231.48,32.95
TXN_11478,2024-08-27 02:30:00,CUST_211,Electronics,2,48.92,223.43,2024,8,August,Tuesday,97.84,446.86,-349.02,-356.73
TXN_11479,2024-08-27 03:00:00,CUST_391,Electronics,1,419.42,45.46,2024,8,August,Tuesday,419.42,45.46,373.96,89.16
TXN_11481,2024-08-27 04:00:00,CUST_218,Home Goods,4,247.5,119.87,2024,8,August,Tuesday,990.0,479.48,510.52,51.57
TXN_11483,2024-08-27 05:00:00,CUST_116,Home Goods,3,31.86,216.6,2024,8,August,Tuesday,95.58,649.8,-554.22,-579.85
TXN_11484,2024-08-27 05:30:00,CUST_430,Electronics,3,387.79,117.81,2024,8,August,Tuesday,1163.37,353.43,809.94,69.62
TXN_11485,2024-08-27 06:00:00,CUST_326,Apparel,3,172.36,131.14,2024,8,August,Tuesday,517.08,393.42,123.66,23.92
TXN_11486,2024-08-27 06:30:00,CUST_460,Electronics,2,286.38,258.71,2024,8,August,Tuesday,572.76,517.42,55.34,9.66
TXN_11490,2024-08-27 08:30:00,CUST_214,Apparel,3,283.86,277.57,2024,8,August,Tuesday,851.58,832.71,18.87,2.22
TXN_11491,2024-08-27 09:00:00,CUST_382,Apparel,5,380.13,118.93,2024,8,August,Tuesday,1900.65,594.65,1306.0,68.71
TXN_11492,2024-08-27 09:30:00,CUST_136,Home Goods,1,162.35,220.75,2024,8,August,Tuesday,162.35,220.75,-58.4,-35.97
TXN_11494,2024-08-27 10:30:00,CUST_212,Home Goods,3,491.39,119.28,2024,8,August,Tuesday,1474.17,357.84,1116.33,75.73
TXN_11496,2024-08-27 11:30:00,CUST_231,Home Goods,2,466.74,103.23,2024,8,August,Tuesday,933.48,206.46,727.02,77.88
TXN_11497,2024-08-27 12:00:00,CUST_435,Home Goods,1,87.12,309.31,2024,8,August,Tuesday,87.12,309.31,-222.19,-255.04
TXN_11498,2024-08-27 12:30:00,CUST_435,Home Goods,1,146.06,234.82,2024,8,August,Tuesday,146.06,234.82,-88.76,-60.77
TXN_11499,2024-08-27 13:00:00,CUST_476,Apparel,4,351.69,305.89,2024,8,August,Tuesday,1406.76,1223.56,183.2,13.02
TXN_11500,2024-08-27 13:30:00,CUST_327,Electronics,3,516.46,144.43,2024,8,August,Tuesday,1549.38,433.29,1116.09,72.03
TXN_11501,2024-08-27 14:00:00,CUST_246,Apparel,3,536.89,21.55,2024,8,August,Tuesday,1610.67,64.65,1546.02,95.99
TXN_11503,2024-08-27 15:00:00,CUST_180,Unknown,2,40.39,125.33,2024,8,August,Tuesday,80.78,250.66,-169.88,-210.3
TXN_11504,2024-08-27 15:30:00,CUST_272,Apparel,5,495.21,162.38,2024,8,August,Tuesday,2476.05,811.9,1664.15,67.21
TXN_11506,2024-08-27 16:30:00,CUST_249,Apparel,5,48.2,248.23,2024,8,August,Tuesday,241.0,1241.15,-1000.15,-415.0
TXN_11507,2024-08-27 17:00:00,CUST_474,Unknown,4,258.52,19.37,2024,8,August,Tuesday,1034.08,77.48,956.6,92.51
TXN_11510,2024-08-27 18:30:00,CUST_255,Apparel,5,317.26,199.28,2024,8,August,Tuesday,1586.3,996.4,589.9,37.19
TXN_11512,2024-08-27 19:30:00,CUST_421,Electronics,2,522.16,153.08,2024,8,August,Tuesday,1044.32,306.16,738.16,70.68
TXN_11514,2024-08-27 20:30:00,CUST_265,Home Goods,4,298.2,274.08,2024,8,August,Tuesday,1192.8,1096.32,96.48,8.09
TXN_11515,2024-08-27 21:00:00,CUST_184,Electronics,3,255.18,141.62,2024,8,August,Tuesday,765.54,424.86,340.68,44.5
TXN_11516,2024-08-27 21:30:00,CUST_236,Apparel,5,404.49,244.98,2024,8,August,Tuesday,2022.45,1224.9,797.55,39.43
TXN_11517,2024-08-27 22:00:00,CUST_288,Home Goods,2,258.8,97.73,2024,8,August,Tuesday,517.6,195.46,322.14,62.24
TXN_11518,2024-08-27 22:30:00,CUST_499,Unknown,2,39.54,292.89,2024,8,August,Tuesday,79.08,585.78,-506.7,-640.74
TXN_11519,2024-08-27 23:00:00,CUST_478,Unknown,3,436.15,217.34,2024,8,August,Tuesday,1308.45,652.02,656.43,50.17
TXN_11521,2024-08-28 00:00:00,CUST_205,Unknown,2,43.71,172.23,2024,8,August,Wednesday,87.42,344.46,-257.04,-294.03
TXN_11522,2024-08-28 00:30:00,CUST_463,Electronics,4,27.06,87.9,2024,8,August,Wednesday,108.24,351.6,-243.36,-224.83
TXN_11523,2024-08-28 01:00:00,CUST_171,Apparel,4,559.85,155.94,2024,8,August,Wednesday,2239.4,623.76,1615.64,72.15
TXN_11525,2024-08-28 02:00:00,CUST_269,Electronics,1,277.02,123.12,2024,8,August,Wednesday,277.02,123.12,153.9,55.56
TXN_11526,2024-08-28 02:30:00,CUST_304,Apparel,3,571.09,82.14,2024,8,August,Wednesday,1713.27,246.42,1466.85,85.62
TXN_11528,2024-08-28 03:30:00,CUST_436,Home Goods,2,60.99,39.36,2024,8,August,Wednesday,121.98,78.72,43.26,35.46
TXN_11529,2024-08-28 04:00:00,CUST_294,Electronics,5,337.88,311.77,2024,8,August,Wednesday,1689.4,1558.85,130.55,7.73
TXN_11531,2024-08-28 05:00:00,CUST_240,Electronics,4,70.63,343.16,2024,8,August,Wednesday,282.52,1372.64,-1090.12,-385.86
TXN_11532,2024-08-28 05:30:00,CUST_374,Electronics,3,513.11,346.08,2024,8,August,Wednesday,1539.33,1038.24,501.09,32.55
TXN_11534,2024-08-28 06:30:00,CUST_492,Home Goods,3,412.02,345.86,2024,8,August,Wednesday,1236.06,1037.58,198.48,16.06
TXN_11536,2024-08-28 07:30:00,CUST_203,Electronics,4,145.06,38.03,2024,8,August,Wednesday,580.24,152.12,428.12,73.78
TXN_11537,2024-08-28 08:00:00,CUST_441,Electronics,1,317.92,332.09,2024,8,August,Wednesday,317.92,332.09,-14.17,-4.46
TXN_11538,2024-08-28 08:30:00,CUST_437,Apparel,3,55.36,24.45,2024,8,August,Wednesday,166.08,73.35,92.73,55.83
TXN_11539,2024-08-28 09:00:00,CUST_160,Apparel,2,218.12,71.85,2024,8,August,Wednesday,436.24,143.7,292.54,67.06
TXN_11540,2024-08-28 09:30:00,CUST_186,Electronics,5,320.86,208.76,2024,8,August,Wednesday,1604.3,1043.8,560.5,34.94
TXN_11541,2024-08-28 10:00:00,CUST_357,Apparel,5,148.61,37.45,2024,8,August,Wednesday,743.05,187.25,555.8,74.8
TXN_11542,2024-08-28 10:30:00,CUST_277,Electronics,4,401.21,64.99,2024,8,August,Wednesday,1604.84,259.96,1344.88,83.8
TXN_11543,2024-08-28 11:00:00,CUST_341,Electronics,3,45.31,334.19,2024,8,August,Wednesday,135.93,1002.57,-866.64,-637.56
TXN_11544,2024-08-28 11:30:00,CUST_302,Electronics,5,298.61,348.19,2024,8,August,Wednesday,1493.05,1740.95,-247.9,-16.6
TXN_11545,2024-08-28 12:00:00,CUST_130,Apparel,3,433.27,281.37,2024,8,August,Wednesday,1299.81,844.11,455.7,35.06
TXN_11546,2024-08-28 12:30:00,CUST_388,Apparel,4,266.52,185.17,2024,8,August,Wednesday,1066.08,740.68,325.4,30.52
TXN_11547,2024-08-28 13:00:00,CUST_179,Apparel,1,526.63,316.1,2024,8,August,Wednesday,526.63,316.1,210.53,39.98
TXN_11548,2024-08-28 13:30:00,CUST_110,Apparel,5,384.83,48.05,2024,8,August,Wednesday,1924.15,240.25,1683.9,87.51
TXN_11549,2024-08-28 14:00:00,CUST_353,Electronics,2,575.72,330.58,2024,8,August,Wednesday,1151.44,661.16,490.28,42.58
TXN_11551,2024-08-28 15:00:00,CUST_490,Home Goods,4,564.19,302.91,2024,8,August,Wednesday,2256.76,1211.64,1045.12,46.31
TXN_11553,2024-08-28 16:00:00,CUST_386,Electronics,1,450.93,336.49,2024,8,August,Wednesday,450.93,336.49,114.44,25.38
TXN_11554,2024-08-28 16:30:00,CUST_275,Apparel,2,542.76,303.99,2024,8,August,Wednesday,1085.52,607.98,477.54,43.99
TXN_11556,2024-08-28 17:30:00,CUST_146,Unknown,2,519.38,224.8,2024,8,August,Wednesday,1038.76,449.6,589.16,56.72
TXN_11557,2024-08-28 18:00:00,CUST_305,Unknown,5,331.89,293.27,2024,8,August,Wednesday,1659.45,1466.35,193.1,11.64
TXN_11558,2024-08-28 18:30:00,CUST_206,Home Goods,3,365.53,267.42,2024,8,August,Wednesday,1096.59,802.26,294.33,26.84
TXN_11559,2024-08-28 19:00:00,CUST_374,Electronics,4,275.38,64.95,2024,8,August,Wednesday,1101.52,259.8,841.72,76.41
TXN_11560,2024-08-28 19:30:00,CUST_436,Unknown,2,100.2,230.52,2024,8,August,Wednesday,200.4,461.04,-260.64,-130.06
TXN_11561,2024-08-28 20:00:00,CUST_222,Apparel,5,338.8,60.38,2024,8,August,Wednesday,1694.0,301.9,1392.1,82.18
TXN_11562,2024-08-28 20:30:00,CUST_233,Home Goods,1,586.81,305.62,2024,8,August,Wednesday,586.81,305.62,281.19,47.92
TXN_11564,2024-08-28 21:30:00,CUST_404,Electronics,2,452.29,345.6,2024,8,August,Wednesday,904.58,691.2,213.38,23.59
TXN_11565,2024-08-28 22:00:00,CUST_428,Apparel,1,391.34,146.21,2024,8,August,Wednesday,391.34,146.21,245.13,62.64
TXN_11566,2024-08-28 22:30:00,CUST_149,Electronics,4,218.53,68.01,2024,8,August,Wednesday,874.12,272.04,602.08,68.88
TXN_11567,2024-08-28 23:00:00,CUST_436,Electronics,5,114.22,328.13,2024,8,August,Wednesday,571.1,1640.65,-1069.55,-187.28
TXN_11568,2024-08-28 23:30:00,CUST_194,Home Goods,1,146.36,25.44,2024,8,August,Wednesday,146.36,25.44,120.92,82.62
TXN_11569,2024-08-29 00:00:00,CUST_367,Electronics,3,18.7,169.84,2024,8,August,Thursday,56.1,509.52,-453.42,-808.24
TXN_11571,2024-08-29 01:00:00,CUST_153,Electronics,1,489.95,117.7,2024,8,August,Thursday,489.95,117.7,372.25,75.98
TXN_11572,2024-08-29 01:30:00,CUST_473,Apparel,1,172.31,189.8,2024,8,August,Thursday,172.31,189.8,-17.49,-10.15
TXN_11573,2024-08-29 02:00:00,CUST_353,Unknown,5,68.73,248.14,2024,8,August,Thursday,343.65,1240.7,-897.05,-261.04
TXN_11574,2024-08-29 02:30:00,CUST_334,Electronics,5,211.4,333.67,2024,8,August,Thursday,1057.0,1668.35,-611.35,-57.84
TXN_11575,2024-08-29 03:00:00,CUST_158,Electronics,2,185.85,44.92,2024,8,August,Thursday,371.7,89.84,281.86,75.83
TXN_11577,2024-08-29 04:00:00,CUST_358,Home Goods,1,169.5,183.02,2024,8,August,Thursday,169.5,183.02,-13.52,-7.98
TXN_11578,2024-08-29 04:30:00,CUST_413,Electronics,1,213.74,152.28,2024,8,August,Thursday,213.74,152.28,61.46,28.75
TXN_11579,2024-08-29 05:00:00,CUST_315,Home Goods,5,545.92,149.67,2024,8,August,Thursday,2729.6,748.35,1981.25,72.58
TXN_11581,2024-08-29 06:00:00,CUST_156,Home Goods,3,474.53,200.63,2024,8,August,Thursday,1423.59,601.89,821.7,57.72
TXN_11583,2024-08-29 07:00:00,CUST_189,Unknown,5,212.46,64.71,2024,8,August,Thursday,1062.3,323.55,738.75,69.54
TXN_11584,2024-08-29 07:30:00,CUST_410,Electronics,3,493.41,83.2,2024,8,August,Thursday,1480.23,249.6,1230.63,83.14
TXN_11587,2024-08-29 09:00:00,CUST_120,Apparel,5,55.21,239.08,2024,8,August,Thursday,276.05,1195.4,-919.35,-333.04
TXN_11589,2024-08-29 10:00:00,CUST_151,Apparel,4,276.22,131.67,2024,8,August,Thursday,1104.88,526.68,578.2,52.33
TXN_11590,2024-08-29 10:30:00,CUST_437,Electronics,1,252.22,147.89,2024,8,August,Thursday,252.22,147.89,104.33,41.36
TXN_11592,2024-08-29 11:30:00,CUST_166,Apparel,3,107.03,296.01,2024,8,August,Thursday,321.09,888.03,-566.94,-176.57
TXN_11593,2024-08-29 12:00:00,CUST_212,Unknown,4,481.69,331.66,2024,8,August,Thursday,1926.76,1326.64,600.12,31.15
TXN_11594,2024-08-29 12:30:00,CUST_399,Apparel,3,499.98,196.32,2024,8,August,Thursday,1499.94,588.96,910.98,60.73
TXN_11595,2024-08-29 13:00:00,CUST_259,Apparel,2,342.6,207.84,2024,8,August,Thursday,685.2,415.68,269.52,39.33
TXN_11596,2024-08-29 13:30:00,CUST_365,Apparel,2,187.65,33.96,2024,8,August,Thursday,375.3,67.92,307.38,81.9
TXN_11597,2024-08-29 14:00:00,CUST_419,Home Goods,1,560.63,252.49,2024,8,August,Thursday,560.63,252.49,308.14,54.96
TXN_11598,2024-08-29 14:30:00,CUST_331,Apparel,4,380.02,208.59,2024,8,August,Thursday,1520.08,834.36,685.72,45.11
TXN_11599,2024-08-29 15:00:00,CUST_424,Electronics,4,481.04,27.13,2024,8,August,Thursday,1924.16,108.52,1815.64,94.36
TXN_11600,2024-08-29 15:30:00,CUST_167,Home Goods,2,16.92,77.46,2024,8,August,Thursday,33.84,154.92,-121.08,-357.8
TXN_11601,2024-08-29 16:00:00,CUST_127,Apparel,1,278.44,78.66,2024,8,August,Thursday,278.44,78.66,199.78,71.75
TXN_11603,2024-08-29 17:00:00,CUST_150,Unknown,2,212.87,233.94,2024,8,August,Thursday,425.74,467.88,-42.14,-9.9
TXN_11604,2024-08-29 17:30:00,CUST_280,Home Goods,4,440.03,325.67,2024,8,August,Thursday,1760.12,1302.68,457.44,25.99
TXN_11605,2024-08-29 18:00:00,CUST_359,Home Goods,3,399.74,269.41,2024,8,August,Thursday,1199.22,808.23,390.99,32.6
TXN_11607,2024-08-29 19:00:00,CUST_372,Electronics,4,468.32,147.38,2024,8,August,Thursday,1873.28,589.52,1283.76,68.53
TXN_11608,2024-08-29 19:30:00,CUST_207,Apparel,1,80.83,141.4,2024,8,August,Thursday,80.83,141.4,-60.57,-74.94
TXN_11609,2024-08-29 20:00:00,CUST_173,Apparel,4,440.83,214.42,2024,8,August,Thursday,1763.32,857.68,905.64,51.36
TXN_11610,2024-08-29 20:30:00,CUST_274,Electronics,5,594.72,132.14,2024,8,August,Thursday,2973.6,660.7,2312.9,77.78
TXN_11611,2024-08-29 21:00:00,CUST_283,Home Goods,4,575.42,86.88,2024,8,August,Thursday,2301.68,347.52,1954.16,84.9
TXN_11612,2024-08-29 21:30:00,CUST_122,Home Goods,5,483.14,214.97,2024,8,August,Thursday,2415.7,1074.85,1340.85,55.51
TXN_11613,2024-08-29 22:00:00,CUST_373,Apparel,2,327.69,142.84,2024,8,August,Thursday,655.38,285.68,369.7,56.41
TXN_11615,2024-08-29 23:00:00,CUST_390,Electronics,5,440.94,17.56,2024,8,August,Thursday,2204.7,87.8,2116.9,96.02
TXN_11616,2024-08-29 23:30:00,CUST_419,Apparel,4,19.91,103.21,2024,8,August,Thursday,79.64,412.84,-333.2,-418.38
TXN_11620,2024-08-30 01:30:00,CUST_230,Home Goods,4,546.71,85.87,2024,8,August,Friday,2186.84,343.48,1843.36,84.29
TXN_11621,2024-08-30 02:00:00,CUST_166,Apparel,4,301.45,42.78,2024,8,August,Friday,1205.8,171.12,1034.68,85.81
TXN_11623,2024-08-30 03:00:00,CUST_384,Apparel,1,245.39,116.36,2024,8,August,Friday,245.39,116.36,129.03,52.58
TXN_11624,2024-08-30 03:30:00,CUST_188,Electronics,2,512.7,15.02,2024,8,August,Friday,1025.4,30.04,995.36,97.07
TXN_11625,2024-08-30 04:00:00,CUST_199,Electronics,5,557.41,234.59,2024,8,August,Friday,2787.05,1172.95,1614.1,57.91
TXN_11626,2024-08-30 04:30:00,CUST_288,Electronics,3,83.0,89.03,2024,8,August,Friday,249.0,267.09,-18.09,-7.27
TXN_11627,2024-08-30 05:00:00,CUST_477,Unknown,5,470.11,202.69,2024,8,August,Friday,2350.55,1013.45,1337.1,56.88
TXN_11628,2024-08-30 05:30:00,CUST_445,Electronics,4,353.26,61.25,2024,8,August,Friday,1413.04,245.0,1168.04,82.66
TXN_11629,2024-08-30 06:00:00,CUST_487,Unknown,3,357.52,344.56,2024,8,August,Friday,1072.56,1033.68,38.88,3.62
TXN_11630,2024-08-30 06:30:00,CUST_340,Unknown,3,470.98,339.89,2024,8,August,Friday,1412.94,1019.67,393.27,27.83
TXN_11631,2024-08-30 07:00:00,CUST_369,Unknown,5,145.36,233.03,2024,8,August,Friday,726.8,1165.15,-438.35,-60.31
TXN_11633,2024-08-30 08:00:00,CUST_275,Unknown,5,201.82,154.8,2024,8,August,Friday,1009.1,774.0,235.1,23.3
TXN_11634,2024-08-30 08:30:00,CUST_486,Electronics,5,70.29,337.14,2024,8,August,Friday,351.45,1685.7,-1334.25,-379.64
TXN_11635,2024-08-30 09:00:00,CUST_440,Electronics,5,76.47,154.07,2024,8,August,Friday,382.35,770.35,-388.0,-101.48
TXN_11638,2024-08-30 10:30:00,CUST_376,Electronics,2,76.91,80.76,2024,8,August,Friday,153.82,161.52,-7.7,-5.01
TXN_11639,2024-08-30 11:00:00,CUST_328,Apparel,1,348.51,204.55,2024,8,August,Friday,348.51,204.55,143.96,41.31
TXN_11640,2024-08-30 11:30:00,CUST_270,Electronics,1,359.15,93.33,2024,8,August,Friday,359.15,93.33,265.82,74.01
TXN_11641,2024-08-30 12:00:00,CUST_322,Electronics,5,543.78,232.44,2024,8,August,Friday,2718.9,1162.2,1556.7,57.25
TXN_11642,2024-08-30 12:30:00,CUST_312,Electronics,1,381.43,139.94,2024,8,August,Friday,381.43,139.94,241.49,63.31
TXN_11643,2024-08-30 13:00:00,CUST_381,Home Goods,5,591.57,311.54,2024,8,August,Friday,2957.85,1557.7,1400.15,47.34
TXN_11644,2024-08-30 13:30:00,CUST_140,Apparel,5,33.13,199.88,2024,8,August,Friday,165.65,999.4,-833.75,-503.32
TXN_11645,2024-08-30 14:00:00,CUST_221,Home Goods,5,426.93,221.69,2024,8,August,Friday,2134.65,1108.45,1026.2,48.07
TXN_11647,2024-08-30 15:00:00,CUST_393,Unknown,2,441.69,311.09,2024,8,August,Friday,883.38,622.18,261.2,29.57
TXN_11648,2024-08-30 15:30:00,CUST_187,Apparel,4,240.72,31.56,2024,8,August,Friday,962.88,126.24,836.64,86.89
TXN_11649,2024-08-30 16:00:00,CUST_366,Apparel,1,372.62,32.9,2024,8,August,Friday,372.62,32.9,339.72,91.17
TXN_11650,2024-08-30 16:30:00,CUST_128,Apparel,1,196.08,248.59,2024,8,August,Friday,196.08,248.59,-52.51,-26.78
TXN_11651,2024-08-30 17:00:00,CUST_346,Apparel,2,108.08,271.11,2024,8,August,Friday,216.16,542.22,-326.06,-150.84
TXN_11652,2024-08-30 17:30:00,CUST_415,Home Goods,2,438.25,157.42,2024,8,August,Friday,876.5,314.84,561.66,64.08
TXN_11653,2024-08-30 18:00:00,CUST_343,Apparel,5,544.2,129.78,2024,8,August,Friday,2721.0,648.9,2072.1,76.15
TXN_11654,2024-08-30 18:30:00,CUST_160,Home Goods,5,122.4,104.5,2024,8,August,Friday,612.0,522.5,89.5,14.62
TXN_11657,2024-08-30 20:00:00,CUST_377,Apparel,4,445.36,110.35,2024,8,August,Friday,1781.44,441.4,1340.04,75.22
TXN_11658,2024-08-30 20:30:00,CUST_433,Electronics,1,576.28,230.35,2024,8,August,Friday,576.28,230.35,345.93,60.03
TXN_11659,2024-08-30 21:00:00,CUST_468,Apparel,2,101.21,277.61,2024,8,August,Friday,202.42,555.22,-352.8,-174.29
TXN_11660,2024-08-30 21:30:00,CUST_478,Apparel,4,269.53,17.47,2024,8,August,Friday,1078.12,69.88,1008.24,93.52
TXN_11661,2024-08-30 22:00:00,CUST_241,Unknown,1,212.41,21.52,2024,8,August,Friday,212.41,21.52,190.89,89.87
TXN_11662,2024-08-30 22:30:00,CUST_143,Electronics,4,242.26,123.27,2024,8,August,Friday,969.04,493.08,475.96,49.12
TXN_11663,2024-08-30 23:00:00,CUST_243,Electronics,4,455.59,246.65,2024,8,August,Friday,1822.36,986.6,835.76,45.86
TXN_11665,2024-08-31 00:00:00,CUST_432,Electronics,5,581.68,10.5,2024,8,August,Saturday,2908.4,52.5,2855.9,98.19
TXN_11666,2024-08-31 00:30:00,CUST_495,Home Goods,4,123.51,107.97,2024,8,August,Saturday,494.04,431.88,62.16,12.58
TXN_11667,2024-08-31 01:00:00,CUST_154,Home Goods,5,332.81,40.64,2024,8,August,Saturday,1664.05,203.2,1460.85,87.79
TXN_11668,2024-08-31 01:30:00,CUST_406,Apparel,1,277.74,84.6,2024,8,August,Saturday,277.74,84.6,193.14,69.54
TXN_11670,2024-08-31 02:30:00,CUST_260,Electronics,1,21.21,53.54,2024,8,August,Saturday,21.21,53.54,-32.33,-152.43
TXN_11671,2024-08-31 03:00:00,CUST_384,Electronics,5,593.66,250.16,2024,8,August,Saturday,2968.3,1250.8,1717.5,57.86
TXN_11674,2024-08-31 04:30:00,CUST_258,Apparel,3,225.63,213.67,2024,8,August,Saturday,676.89,641.01,35.88,5.3
TXN_11676,2024-08-31 05:30:00,CUST_130,Electronics,4,343.76,39.9,2024,8,August,Saturday,1375.04,159.6,1215.44,88.39
TXN_11677,2024-08-31 06:00:00,CUST_211,Electronics,1,402.74,82.97,2024,8,August,Saturday,402.74,82.97,319.77,79.4
TXN_11679,2024-08-31 07:00:00,CUST_452,Electronics,4,227.93,289.52,2024,8,August,Saturday,911.72,1158.08,-246.36,-27.02
TXN_11682,2024-08-31 08:30:00,CUST_237,Electronics,3,184.48,301.12,2024,8,August,Saturday,553.44,903.36,-349.92,-63.23
TXN_11683,2024-08-31 09:00:00,CUST_173,Apparel,4,511.62,70.57,2024,8,August,Saturday,2046.48,282.28,1764.2,86.21
TXN_11684,2024-08-31 09:30:00,CUST_140,Electronics,3,371.06,306.18,2024,8,August,Saturday,1113.18,918.54,194.64,17.49
TXN_11685,2024-08-31 10:00:00,CUST_176,Apparel,2,221.92,336.78,2024,8,August,Saturday,443.84,673.56,-229.72,-51.76
TXN_11686,2024-08-31 10:30:00,CUST_486,Apparel,3,362.63,85.07,2024,8,August,Saturday,1087.89,255.21,832.68,76.54
TXN_11687,2024-08-31 11:00:00,CUST_286,Apparel,1,392.61,295.73,2024,8,August,Saturday,392.61,295.73,96.88,24.68
TXN_11689,2024-08-31 12:00:00,CUST_151,Apparel,5,496.07,278.18,2024,8,August,Saturday,2480.35,1390.9,1089.45,43.92
TXN_11690,2024-08-31 12:30:00,CUST_186,Electronics,5,108.46,148.51,2024,8,August,Saturday,542.3,742.55,-200.25,-36.93
TXN_11691,2024-08-31 13:00:00,CUST_208,Apparel,4,567.32,33.93,2024,8,August,Saturday,2269.28,135.72,2133.56,94.02
TXN_11694,2024-08-31 14:30:00,CUST_347,Home Goods,2,143.98,325.19,2024,8,August,Saturday,287.96,650.38,-362.42,-125.86
TXN_11695,2024-08-31 15:00:00,CUST_168,Apparel,4,31.98,152.03,2024,8,August,Saturday,127.92,608.12,-480.2,-375.39
TXN_11696,2024-08-31 15:30:00,CUST_219,Home Goods,3,350.41,37.88,2024,8,August,Saturday,1051.23,113.64,937.59,89.19
TXN_11697,2024-08-31 16:00:00,CUST_166,Home Goods,5,204.93,87.68,2024,8,August,Saturday,1024.65,438.4,586.25,57.21
TXN_11698,2024-08-31 16:30:00,CUST_160,Apparel,3,590.91,303.26,2024,8,August,Saturday,1772.73,909.78,862.95,48.68
TXN_11699,2024-08-31 17:00:00,CUST_426,Apparel,5,76.11,119.17,2024,8,August,Saturday,380.55,595.85,-215.3,-56.58
TXN_11700,2024-08-31 17:30:00,CUST_290,Apparel,5,42.67,301.15,2024,8,August,Saturday,213.35,1505.75,-1292.4,-605.77
TXN_11701,2024-08-31 18:00:00,CUST_288,Apparel,5,41.34,68.58,2024,8,August,Saturday,206.7,342.9,-136.2,-65.89
TXN_11706,2024-08-31 20:30:00,CUST_408,Unknown,1,66.94,319.35,2024,8,August,Saturday,66.94,319.35,-252.41,-377.07
TXN_11708,2024-08-31 21:30:00,CUST_196,Home Goods,3,122.73,253.52,2024,8,August,Saturday,368.19,760.56,-392.37,-106.57
TXN_11712,2024-08-31 23:30:00,CUST_220,Apparel,4,581.89,227.18,2024,8,August,Saturday,2327.56,908.72,1418.84,60.96
TXN_11713,2024-09-01 00:00:00,CUST_296,Apparel,2,532.28,243.12,2024,9,September,Sunday,1064.56,486.24,578.32,54.32
TXN_11714,2024-09-01 00:30:00,CUST_393,Apparel,4,306.22,61.97,2024,9,September,Sunday,1224.88,247.88,977.0,79.76
TXN_11716,2024-09-01 01:30:00,CUST_381,Home Goods,3,550.72,280.67,2024,9,September,Sunday,1652.16,842.01,810.15,49.04
TXN_11717,2024-09-01 02:00:00,CUST_484,Electronics,2,372.57,96.43,2024,9,September,Sunday,745.14,192.86,552.28,74.12
TXN_11718,2024-09-01 02:30:00,CUST_359,Electronics,4,187.22,207.2,2024,9,September,Sunday,748.88,828.8,-79.92,-10.67
TXN_11719,2024-09-01 03:00:00,CUST_138,Electronics,2,345.21,138.0,2024,9,September,Sunday,690.42,276.0,414.42,60.02
TXN_11720,2024-09-01 03:30:00,CUST_153,Apparel,3,595.41,234.54,2024,9,September,Sunday,1786.23,703.62,1082.61,60.61
TXN_11721,2024-09-01 04:00:00,CUST_260,Electronics,5,511.94,347.87,2024,9,September,Sunday,2559.7,1739.35,820.35,32.05
TXN_11722,2024-09-01 04:30:00,CUST_388,Apparel,3,179.55,25.55,2024,9,September,Sunday,538.65,76.65,462.0,85.77
TXN_11724,2024-09-01 05:30:00,CUST_375,Apparel,1,589.16,34.61,2024,9,September,Sunday,589.16,34.61,554.55,94.13
TXN_11725,2024-09-01 06:00:00,CUST_115,Electronics,2,150.23,166.66,2024,9,September,Sunday,300.46,333.32,-32.86,-10.94
TXN_11726,2024-09-01 06:30:00,CUST_272,Apparel,3,538.92,173.92,2024,9,September,Sunday,1616.76,521.76,1095.0,67.73
TXN_11727,2024-09-01 07:00:00,CUST_347,Apparel,5,531.67,101.37,2024,9,September,Sunday,2658.35,506.85,2151.5,80.93
TXN_11728,2024-09-01 07:30:00,CUST_482,Electronics,5,38.26,202.68,2024,9,September,Sunday,191.3,1013.4,-822.1,-429.74
TXN_11729,2024-09-01 08:00:00,CUST_317,Home Goods,3,406.77,293.55,2024,9,September,Sunday,1220.31,880.65,339.66,27.83
TXN_11730,2024-09-01 08:30:00,CUST_186,Electronics,4,193.59,109.95,2024,9,September,Sunday,774.36,439.8,334.56,43.2
TXN_11731,2024-09-01 09:00:00,CUST_181,Apparel,3,409.65,33.94,2024,9,September,Sunday,1228.95,101.82,1127.13,91.71
TXN_11732,2024-09-01 09:30:00,CUST_161,Home Goods,5,549.43,224.98,2024,9,September,Sunday,2747.15,1124.9,1622.25,59.05
TXN_11733,2024-09-01 10:00:00,CUST_386,Apparel,3,306.79,265.59,2024,9,September,Sunday,920.37,796.77,123.6,13.43
TXN_11734,2024-09-01 10:30:00,CUST_141,Home Goods,1,257.43,334.54,2024,9,September,Sunday,257.43,334.54,-77.11,-29.95
TXN_11735,2024-09-01 11:00:00,CUST_111,Electronics,4,554.1,64.24,2024,9,September,Sunday,2216.4,256.96,1959.44,88.41
TXN_11736,2024-09-01 11:30:00,CUST_420,Apparel,3,584.86,316.46,2024,9,September,Sunday,1754.58,949.38,805.2,45.89
TXN_11737,2024-09-01 12:00:00,CUST_333,Apparel,5,51.41,173.92,2024,9,September,Sunday,257.05,869.6,-612.55,-238.3
TXN_11738,2024-09-01 12:30:00,CUST_428,Electronics,3,554.87,90.16,2024,9,September,Sunday,1664.61,270.48,1394.13,83.75
TXN_11740,2024-09-01 13:30:00,CUST_214,Electronics,3,212.31,91.07,2024,9,September,Sunday,636.93,273.21,363.72,57.11
TXN_11741,2024-09-01 14:00:00,CUST_317,Apparel,2,461.11,259.37,2024,9,September,Sunday,922.22,518.74,403.48,43.75
TXN_11742,2024-09-01 14:30:00,CUST_236,Home Goods,3,469.57,276.86,2024,9,September,Sunday,1408.71,830.58,578.13,41.04
TXN_11743,2024-09-01 15:00:00,CUST_205,Electronics,1,439.61,156.38,2024,9,September,Sunday,439.61,156.38,283.23,64.43
TXN_11744,2024-09-01 15:30:00,CUST_278,Electronics,5,37.88,244.59,2024,9,September,Sunday,189.4,1222.95,-1033.55,-545.7
TXN_11746,2024-09-01 16:30:00,CUST_341,Apparel,2,562.69,75.29,2024,9,September,Sunday,1125.38,150.58,974.8,86.62
TXN_11748,2024-09-01 17:30:00,CUST_480,Apparel,3,60.95,325.53,2024,9,September,Sunday,182.85,976.59,-793.74,-434.09
TXN_11750,2024-09-01 18:30:00,CUST_325,Apparel,4,390.14,348.07,2024,9,September,Sunday,1560.56,1392.28,168.28,10.78
TXN_11751,2024-09-01 19:00:00,CUST_341,Home Goods,1,220.72,155.51,2024,9,September,Sunday,220.72,155.51,65.21,29.54
TXN_11752,2024-09-01 19:30:00,CUST_240,Apparel,1,111.94,173.11,2024,9,September,Sunday,111.94,173.11,-61.17,-54.65
TXN_11754,2024-09-01 20:30:00,CUST_298,Electronics,1,593.29,73.16,2024,9,September,Sunday,593.29,73.16,520.13,87.67
TXN_11756,2024-09-01 21:30:00,CUST_226,Electronics,2,339.16,282.43,2024,9,September,Sunday,678.32,564.86,113.46,16.73
TXN_11759,2024-09-01 23:00:00,CUST_188,Apparel,3,217.45,310.47,2024,9,September,Sunday,652.35,931.41,-279.06,-42.78
TXN_11760,2024-09-01 23:30:00,CUST_402,Electronics,1,433.06,241.19,2024,9,September,Sunday,433.06,241.19,191.87,44.31
TXN_11761,2024-09-02 00:00:00,CUST_302,Electronics,3,330.62,183.93,2024,9,September,Monday,991.86,551.79,440.07,44.37
TXN_11762,2024-09-02 00:30:00,CUST_184,Electronics,4,331.79,326.81,2024,9,September,Monday,1327.16,1307.24,19.92,1.5
TXN_11764,2024-09-02 01:30:00,CUST_483,Apparel,3,290.19,180.19,2024,9,September,Monday,870.57,540.57,330.0,37.91
TXN_11766,2024-09-02 02:30:00,CUST_397,Apparel,3,227.6,332.2,2024,9,September,Monday,682.8,996.6,-313.8,-45.96
TXN_11767,2024-09-02 03:00:00,CUST_108,Electronics,3,117.25,85.16,2024,9,September,Monday,351.75,255.48,96.27,27.37
TXN_11769,2024-09-02 04:00:00,CUST_357,Electronics,5,306.54,44.41,2024,9,September,Monday,1532.7,222.05,1310.65,85.51
TXN_11771,2024-09-02 05:00:00,CUST_337,Electronics,2,487.87,103.03,2024,9,September,Monday,975.74,206.06,769.68,78.88
TXN_11773,2024-09-02 06:00:00,CUST_332,Home Goods,3,534.74,114.56,2024,9,September,Monday,1604.22,343.68,1260.54,78.58
TXN_11774,2024-09-02 06:30:00,CUST_320,Apparel,1,315.8,255.06,2024,9,September,Monday,315.8,255.06,60.74,19.23
TXN_11776,2024-09-02 07:30:00,CUST_116,Home Goods,5,90.76,88.19,2024,9,September,Monday,453.8,440.95,12.85,2.83
TXN_11777,2024-09-02 08:00:00,CUST_479,Electronics,3,522.99,284.1,2024,9,September,Monday,1568.97,852.3,716.67,45.68
TXN_11778,2024-09-02 08:30:00,CUST_188,Home Goods,5,47.86,136.17,2024,9,September,Monday,239.3,680.85,-441.55,-184.52
TXN_11779,2024-09-02 09:00:00,CUST_295,Electronics,2,83.8,48.0,2024,9,September,Monday,167.6,96.0,71.6,42.72
TXN_11781,2024-09-02 10:00:00,CUST_183,Apparel,5,262.88,70.31,2024,9,September,Monday,1314.4,351.55,962.85,73.25
TXN_11782,2024-09-02 10:30:00,CUST_486,Electronics,1,326.58,61.07,2024,9,September,Monday,326.58,61.07,265.51,81.3
TXN_11783,2024-09-02 11:00:00,CUST_186,Unknown,3,26.63,131.85,2024,9,September,Monday,79.89,395.55,-315.66,-395.12
TXN_11784,2024-09-02 11:30:00,CUST_406,Electronics,1,316.62,42.52,2024,9,September,Monday,316.62,42.52,274.1,86.57
TXN_11787,2024-09-02 13:00:00,CUST_327,Electronics,4,500.52,68.31,2024,9,September,Monday,2002.08,273.24,1728.84,86.35
TXN_11788,2024-09-02 13:30:00,CUST_363,Electronics,5,415.71,47.89,2024,9,September,Monday,2078.55,239.45,1839.1,88.48
TXN_11789,2024-09-02 14:00:00,CUST_322,Electronics,5,291.99,309.19,2024,9,September,Monday,1459.95,1545.95,-86.0,-5.89
TXN_11790,2024-09-02 14:30:00,CUST_220,Electronics,5,141.45,160.89,2024,9,September,Monday,707.25,804.45,-97.2,-13.74
TXN_11794,2024-09-02 16:30:00,CUST_227,Apparel,2,550.87,155.31,2024,9,September,Monday,1101.74,310.62,791.12,71.81
TXN_11796,2024-09-02 17:30:00,CUST_454,Electronics,1,540.41,335.42,2024,9,September,Monday,540.41,335.42,204.99,37.93
TXN_11798,2024-09-02 18:30:00,CUST_170,Unknown,4,523.31,270.12,2024,9,September,Monday,2093.24,1080.48,1012.76,48.38
TXN_11799,2024-09-02 19:00:00,CUST_388,Electronics,2,427.05,55.12,2024,9,September,Monday,854.1,110.24,743.86,87.09
TXN_11800,2024-09-02 19:30:00,CUST_130,Apparel,2,186.88,157.42,2024,9,September,Monday,373.76,314.84,58.92,15.76
TXN_11801,2024-09-02 20:00:00,CUST_480,Electronics,3,572.48,85.87,2024,9,September,Monday,1717.44,257.61,1459.83,85.0
TXN_11803,2024-09-02 21:00:00,CUST_110,Unknown,4,155.84,151.86,2024,9,September,Monday,623.36,607.44,15.92,2.55
TXN_11805,2024-09-02 22:00:00,CUST_427,Electronics,5,55.98,321.95,2024,9,September,Monday,279.9,1609.75,-1329.85,-475.12
TXN_11807,2024-09-02 23:00:00,CUST_156,Electronics,5,350.07,70.01,2024,9,September,Monday,1750.35,350.05,1400.3,80.0
TXN_11809,2024-09-03 00:00:00,CUST_287,Home Goods,3,186.05,279.31,2024,9,September,Tuesday,558.15,837.93,-279.78,-50.13
TXN_11811,2024-09-03 01:00:00,CUST_118,Apparel,5,375.13,157.57,2024,9,September,Tuesday,1875.65,787.85,1087.8,58.0
TXN_11812,2024-09-03 01:30:00,CUST_215,Electronics,1,261.1,24.5,2024,9,September,Tuesday,261.1,24.5,236.6,90.62
TXN_11813,2024-09-03 02:00:00,CUST_283,Apparel,5,307.41,92.95,2024,9,September,Tuesday,1537.05,464.75,1072.3,69.76
TXN_11816,2024-09-03 03:30:00,CUST_109,Electronics,1,361.73,67.4,2024,9,September,Tuesday,361.73,67.4,294.33,81.37
TXN_11817,2024-09-03 04:00:00,CUST_179,Electronics,3,314.52,61.04,2024,9,September,Tuesday,943.56,183.12,760.44,80.59
TXN_11818,2024-09-03 04:30:00,CUST_291,Home Goods,3,225.1,340.5,2024,9,September,Tuesday,675.3,1021.5,-346.2,-51.27
TXN_11819,2024-09-03 05:00:00,CUST_419,Home Goods,1,346.18,185.43,2024,9,September,Tuesday,346.18,185.43,160.75,46.44
TXN_11822,2024-09-03 06:30:00,CUST_447,Apparel,5,186.82,191.17,2024,9,September,Tuesday,934.1,955.85,-21.75,-2.33
TXN_11823,2024-09-03 07:00:00,CUST_224,Electronics,3,56.99,12.33,2024,9,September,Tuesday,170.97,36.99,133.98,78.36
TXN_11824,2024-09-03 07:30:00,CUST_435,Unknown,3,114.16,149.0,2024,9,September,Tuesday,342.48,447.0,-104.52,-30.52
TXN_11825,2024-09-03 08:00:00,CUST_158,Apparel,1,70.85,198.73,2024,9,September,Tuesday,70.85,198.73,-127.88,-180.49
TXN_11826,2024-09-03 08:30:00,CUST_196,Apparel,3,119.48,184.9,2024,9,September,Tuesday,358.44,554.7,-196.26,-54.75
TXN_11828,2024-09-03 09:30:00,CUST_248,Home Goods,5,446.76,277.89,2024,9,September,Tuesday,2233.8,1389.45,844.35,37.8
TXN_11829,2024-09-03 10:00:00,CUST_377,Electronics,3,174.32,180.56,2024,9,September,Tuesday,522.96,541.68,-18.72,-3.58
TXN_11830,2024-09-03 10:30:00,CUST_364,Electronics,1,270.02,226.28,2024,9,September,Tuesday,270.02,226.28,43.74,16.2
TXN_11831,2024-09-03 11:00:00,CUST_108,Apparel,5,558.32,72.77,2024,9,September,Tuesday,2791.6,363.85,2427.75,86.97
TXN_11832,2024-09-03 11:30:00,CUST_382,Home Goods,4,188.06,302.91,2024,9,September,Tuesday,752.24,1211.64,-459.4,-61.07
TXN_11833,2024-09-03 12:00:00,CUST_372,Apparel,1,479.91,133.36,2024,9,September,Tuesday,479.91,133.36,346.55,72.21
TXN_11834,2024-09-03 12:30:00,CUST_400,Apparel,4,107.32,173.92,2024,9,September,Tuesday,429.28,695.68,-266.4,-62.06
TXN_11835,2024-09-03 13:00:00,CUST_107,Electronics,3,119.32,129.75,2024,9,September,Tuesday,357.96,389.25,-31.29,-8.74
TXN_11836,2024-09-03 13:30:00,CUST_307,Apparel,5,281.85,313.25,2024,9,September,Tuesday,1409.25,1566.25,-157.0,-11.14
TXN_11837,2024-09-03 14:00:00,CUST_224,Apparel,3,151.95,316.25,2024,9,September,Tuesday,455.85,948.75,-492.9,-108.13
TXN_11838,2024-09-03 14:30:00,CUST_222,Apparel,5,543.27,86.26,2024,9,September,Tuesday,2716.35,431.3,2285.05,84.12
TXN_11839,2024-09-03 15:00:00,CUST_132,Electronics,2,44.69,265.92,2024,9,September,Tuesday,89.38,531.84,-442.46,-495.03
TXN_11840,2024-09-03 15:30:00,CUST_100,Home Goods,3,364.4,44.98,2024,9,September,Tuesday,1093.2,134.94,958.26,87.66
TXN_11841,2024-09-03 16:00:00,CUST_303,Apparel,3,368.47,20.15,2024,9,September,Tuesday,1105.41,60.45,1044.96,94.53
TXN_11842,2024-09-03 16:30:00,CUST_105,Home Goods,3,53.63,294.44,2024,9,September,Tuesday,160.89,883.32,-722.43,-449.02
TXN_11844,2024-09-03 17:30:00,CUST_104,Electronics,1,289.31,62.63,2024,9,September,Tuesday,289.31,62.63,226.68,78.35
TXN_11846,2024-09-03 18:30:00,CUST_373,Electronics,5,498.75,287.7,2024,9,September,Tuesday,2493.75,1438.5,1055.25,42.32
TXN_11847,2024-09-03 19:00:00,CUST_276,Apparel,5,203.9,74.46,2024,9,September,Tuesday,1019.5,372.3,647.2,63.48
TXN_11848,2024-09-03 19:30:00,CUST_437,Apparel,5,298.42,48.83,2024,9,September,Tuesday,1492.1,244.15,1247.95,83.64
TXN_11849,2024-09-03 20:00:00,CUST_420,Home Goods,1,167.55,36.29,2024,9,September,Tuesday,167.55,36.29,131.26,78.34
TXN_11850,2024-09-03 20:30:00,CUST_438,Electronics,5,132.89,18.45,2024,9,September,Tuesday,664.45,92.25,572.2,86.12
TXN_11855,2024-09-03 23:00:00,CUST_282,Electronics,3,20.23,323.13,2024,9,September,Tuesday,60.69,969.39,-908.7,-1497.28
TXN_11856,2024-09-03 23:30:00,CUST_267,Unknown,4,183.69,223.46,2024,9,September,Tuesday,734.76,893.84,-159.08,-21.65
TXN_11858,2024-09-04 00:30:00,CUST_277,Apparel,2,234.09,212.78,2024,9,September,Wednesday,468.18,425.56,42.62,9.1
TXN_11859,2024-09-04 01:00:00,CUST_472,Apparel,5,51.82,317.04,2024,9,September,Wednesday,259.1,1585.2,-1326.1,-511.81
TXN_11860,2024-09-04 01:30:00,CUST_194,Home Goods,1,37.96,119.67,2024,9,September,Wednesday,37.96,119.67,-81.71,-215.25
TXN_11862,2024-09-04 02:30:00,CUST_210,Apparel,1,545.5,94.61,2024,9,September,Wednesday,545.5,94.61,450.89,82.66
TXN_11863,2024-09-04 03:00:00,CUST_245,Electronics,5,254.49,181.89,2024,9,September,Wednesday,1272.45,909.45,363.0,28.53
TXN_11864,2024-09-04 03:30:00,CUST_480,Home Goods,4,504.51,90.9,2024,9,September,Wednesday,2018.04,363.6,1654.44,81.98
TXN_11866,2024-09-04 04:30:00,CUST_371,Home Goods,5,469.95,229.25,2024,9,September,Wednesday,2349.75,1146.25,1203.5,51.22
TXN_11867,2024-09-04 05:00:00,CUST_435,Apparel,1,51.74,146.26,2024,9,September,Wednesday,51.74,146.26,-94.52,-182.68
TXN_11868,2024-09-04 05:30:00,CUST_137,Apparel,2,505.49,255.67,2024,9,September,Wednesday,1010.98,511.34,499.64,49.42
TXN_11869,2024-09-04 06:00:00,CUST_234,Electronics,4,531.18,43.49,2024,9,September,Wednesday,2124.72,173.96,1950.76,91.81
TXN_11870,2024-09-04 06:30:00,CUST_433,Apparel,5,474.79,264.84,2024,9,September,Wednesday,2373.95,1324.2,1049.75,44.22
TXN_11872,2024-09-04 07:30:00,CUST_418,Electronics,2,343.47,224.23,2024,9,September,Wednesday,686.94,448.46,238.48,34.72
TXN_11873,2024-09-04 08:00:00,CUST_467,Electronics,5,169.96,31.99,2024,9,September,Wednesday,849.8,159.95,689.85,81.18
TXN_11874,2024-09-04 08:30:00,CUST_444,Electronics,4,391.29,220.17,2024,9,September,Wednesday,1565.16,880.68,684.48,43.73
TXN_11875,2024-09-04 09:00:00,CUST_259,Electronics,1,272.13,178.0,2024,9,September,Wednesday,272.13,178.0,94.13,34.59
TXN_11879,2024-09-04 11:00:00,CUST_407,Apparel,4,23.12,153.7,2024,9,September,Wednesday,92.48,614.8,-522.32,-564.79
TXN_11880,2024-09-04 11:30:00,CUST_128,Electronics,3,378.5,146.31,2024,9,September,Wednesday,1135.5,438.93,696.57,61.34
TXN_11882,2024-09-04 12:30:00,CUST_175,Apparel,5,107.49,218.08,2024,9,September,Wednesday,537.45,1090.4,-552.95,-102.88
TXN_11883,2024-09-04 13:00:00,CUST_244,Unknown,2,267.18,111.97,2024,9,September,Wednesday,534.36,223.94,310.42,58.09
TXN_11884,2024-09-04 13:30:00,CUST_328,Home Goods,2,579.13,101.59,2024,9,September,Wednesday,1158.26,203.18,955.08,82.46
TXN_11887,2024-09-04 15:00:00,CUST_444,Electronics,4,219.66,202.89,2024,9,September,Wednesday,878.64,811.56,67.08,7.63
TXN_11889,2024-09-04 16:00:00,CUST_427,Electronics,4,35.59,271.51,2024,9,September,Wednesday,142.36,1086.04,-943.68,-662.88
TXN_11890,2024-09-04 16:30:00,CUST_283,Electronics,4,189.02,27.74,2024,9,September,Wednesday,756.08,110.96,645.12,85.32
TXN_11891,2024-09-04 17:00:00,CUST_360,Electronics,2,565.07,201.58,2024,9,September,Wednesday,1130.14,403.16,726.98,64.33
TXN_11892,2024-09-04 17:30:00,CUST_367,Apparel,1,575.79,152.06,2024,9,September,Wednesday,575.79,152.06,423.73,73.59
TXN_11893,2024-09-04 18:00:00,CUST_268,Apparel,2,490.32,132.76,2024,9,September,Wednesday,980.64,265.52,715.12,72.92
TXN_11894,2024-09-04 18:30:00,CUST_358,Home Goods,1,220.23,335.68,2024,9,September,Wednesday,220.23,335.68,-115.45,-52.42
TXN_11898,2024-09-04 20:30:00,CUST_313,Home Goods,4,263.38,61.34,2024,9,September,Wednesday,1053.52,245.36,808.16,76.71
TXN_11899,2024-09-04 21:00:00,CUST_149,Home Goods,3,419.61,28.57,2024,9,September,Wednesday,1258.83,85.71,1173.12,93.19
TXN_11900,2024-09-04 21:30:00,CUST_492,Apparel,2,451.81,116.63,2024,9,September,Wednesday,903.62,233.26,670.36,74.19
TXN_11901,2024-09-04 22:00:00,CUST_309,Home Goods,4,473.09,25.11,2024,9,September,Wednesday,1892.36,100.44,1791.92,94.69
TXN_11902,2024-09-04 22:30:00,CUST_128,Home Goods,2,308.84,49.7,2024,9,September,Wednesday,617.68,99.4,518.28,83.91
TXN_11903,2024-09-04 23:00:00,CUST_138,Electronics,4,478.11,347.18,2024,9,September,Wednesday,1912.44,1388.72,523.72,27.38
TXN_11904,2024-09-04 23:30:00,CUST_446,Electronics,2,29.9,336.46,2024,9,September,Wednesday,59.8,672.92,-613.12,-1025.28
TXN_11905,2024-09-05 00:00:00,CUST_199,Electronics,5,413.04,245.04,2024,9,September,Thursday,2065.2,1225.2,840.0,40.67
TXN_11906,2024-09-05 00:30:00,CUST_272,Electronics,2,152.85,266.02,2024,9,September,Thursday,305.7,532.04,-226.34,-74.04
TXN_11907,2024-09-05 01:00:00,CUST_116,Apparel,5,173.25,57.77,2024,9,September,Thursday,866.25,288.85,577.4,66.66
TXN_11908,2024-09-05 01:30:00,CUST_155,Unknown,1,68.41,212.38,2024,9,September,Thursday,68.41,212.38,-143.97,-210.45
TXN_11909,2024-09-05 02:00:00,CUST_325,Apparel,2,127.55,62.5,2024,9,September,Thursday,255.1,125.0,130.1,51.0
TXN_11910,2024-09-05 02:30:00,CUST_145,Apparel,1,595.32,138.65,2024,9,September,Thursday,595.32,138.65,456.67,76.71
TXN_11911,2024-09-05 03:00:00,CUST_166,Apparel,3,258.0,127.42,2024,9,September,Thursday,774.0,382.26,391.74,50.61
TXN_11914,2024-09-05 04:30:00,CUST_422,Apparel,5,134.37,45.18,2024,9,September,Thursday,671.85,225.9,445.95,66.38
TXN_11915,2024-09-05 05:00:00,CUST_122,Apparel,2,341.32,217.38,2024,9,September,Thursday,682.64,434.76,247.88,36.31
TXN_11917,2024-09-05 06:00:00,CUST_341,Electronics,1,391.69,125.56,2024,9,September,Thursday,391.69,125.56,266.13,67.94
TXN_11920,2024-09-05 07:30:00,CUST_237,Apparel,4,267.46,28.0,2024,9,September,Thursday,1069.84,112.0,957.84,89.53
TXN_11922,2024-09-05 08:30:00,CUST_371,Electronics,1,202.83,57.62,2024,9,September,Thursday,202.83,57.62,145.21,71.59
TXN_11924,2024-09-05 09:30:00,CUST_197,Electronics,2,398.02,235.64,2024,9,September,Thursday,796.04,471.28,324.76,40.8
TXN_11926,2024-09-05 10:30:00,CUST_227,Apparel,3,176.48,144.31,2024,9,September,Thursday,529.44,432.93,96.51,18.23
TXN_11928,2024-09-05 11:30:00,CUST_416,Apparel,5,566.74,285.76,2024,9,September,Thursday,2833.7,1428.8,1404.9,49.58
TXN_11929,2024-09-05 12:00:00,CUST_185,Electronics,4,92.6,160.98,2024,9,September,Thursday,370.4,643.92,-273.52,-73.84
TXN_11931,2024-09-05 13:00:00,CUST_308,Home Goods,1,332.65,273.83,2024,9,September,Thursday,332.65,273.83,58.82,17.68
TXN_11934,2024-09-05 14:30:00,CUST_199,Electronics,2,369.44,167.11,2024,9,September,Thursday,738.88,334.22,404.66,54.77
TXN_11936,2024-09-05 15:30:00,CUST_300,Electronics,2,315.97,237.73,2024,9,September,Thursday,631.94,475.46,156.48,24.76
TXN_11937,2024-09-05 16:00:00,CUST_357,Electronics,5,161.16,186.14,2024,9,September,Thursday,805.8,930.7,-124.9,-15.5
TXN_11939,2024-09-05 17:00:00,CUST_277,Apparel,4,555.06,281.53,2024,9,September,Thursday,2220.24,1126.12,1094.12,49.28
TXN_11940,2024-09-05 17:30:00,CUST_344,Apparel,1,507.12,204.35,2024,9,September,Thursday,507.12,204.35,302.77,59.7
TXN_11941,2024-09-05 18:00:00,CUST_222,Apparel,1,131.04,163.05,2024,9,September,Thursday,131.04,163.05,-32.01,-24.43
TXN_11942,2024-09-05 18:30:00,CUST_441,Apparel,1,200.38,235.11,2024,9,September,Thursday,200.38,235.11,-34.73,-17.33
TXN_11943,2024-09-05 19:00:00,CUST_270,Electronics,5,317.38,22.07,2024,9,September,Thursday,1586.9,110.35,1476.55,93.05
TXN_11944,2024-09-05 19:30:00,CUST_432,Home Goods,5,349.39,47.13,2024,9,September,Thursday,1746.95,235.65,1511.3,86.51
TXN_11946,2024-09-05 20:30:00,CUST_158,Apparel,4,149.56,154.76,2024,9,September,Thursday,598.24,619.04,-20.8,-3.48
TXN_11947,2024-09-05 21:00:00,CUST_292,Apparel,1,458.92,306.4,2024,9,September,Thursday,458.92,306.4,152.52,33.23
TXN_11948,2024-09-05 21:30:00,CUST_367,Electronics,1,442.24,228.72,2024,9,September,Thursday,442.24,228.72,213.52,48.28
TXN_11950,2024-09-05 22:30:00,CUST_472,Apparel,4,560.76,23.58,2024,9,September,Thursday,2243.04,94.32,2148.72,95.79
TXN_11952,2024-09-05 23:30:00,CUST_224,Electronics,4,517.86,116.83,2024,9,September,Thursday,2071.44,467.32,1604.12,77.44
TXN_11953,2024-09-06 00:00:00,CUST_140,Home Goods,4,404.62,17.92,2024,9,September,Friday,1618.48,71.68,1546.8,95.57
TXN_11954,2024-09-06 00:30:00,CUST_478,Apparel,2,575.3,290.82,2024,9,September,Friday,1150.6,581.64,568.96,49.45
TXN_11955,2024-09-06 01:00:00,CUST_353,Apparel,4,174.16,65.32,2024,9,September,Friday,696.64,261.28,435.36,62.49
TXN_11956,2024-09-06 01:30:00,CUST_106,Apparel,3,172.76,82.79,2024,9,September,Friday,518.28,248.37,269.91,52.08
TXN_11957,2024-09-06 02:00:00,CUST_315,Unknown,5,427.01,125.76,2024,9,September,Friday,2135.05,628.8,1506.25,70.55
TXN_11958,2024-09-06 02:30:00,CUST_168,Electronics,4,558.12,278.04,2024,9,September,Friday,2232.48,1112.16,1120.32,50.18
TXN_11959,2024-09-06 03:00:00,CUST_168,Home Goods,2,497.37,222.36,2024,9,September,Friday,994.74,444.72,550.02,55.29
TXN_11961,2024-09-06 04:00:00,CUST_129,Electronics,3,241.58,67.29,2024,9,September,Friday,724.74,201.87,522.87,72.15
TXN_11962,2024-09-06 04:30:00,CUST_172,Electronics,2,434.89,47.25,2024,9,September,Friday,869.78,94.5,775.28,89.14
TXN_11963,2024-09-06 05:00:00,CUST_361,Apparel,2,483.64,60.94,2024,9,September,Friday,967.28,121.88,845.4,87.4
TXN_11965,2024-09-06 06:00:00,CUST_307,Electronics,2,410.93,323.71,2024,9,September,Friday,821.86,647.42,174.44,21.23
TXN_11966,2024-09-06 06:30:00,CUST_312,Apparel,2,42.57,339.11,2024,9,September,Friday,85.14,678.22,-593.08,-696.59
TXN_11967,2024-09-06 07:00:00,CUST_421,Apparel,1,400.93,293.81,2024,9,September,Friday,400.93,293.81,107.12,26.72
TXN_11968,2024-09-06 07:30:00,CUST_365,Apparel,5,294.8,311.71,2024,9,September,Friday,1474.0,1558.55,-84.55,-5.74
TXN_11971,2024-09-06 09:00:00,CUST_306,Apparel,1,370.81,297.52,2024,9,September,Friday,370.81,297.52,73.29,19.76
TXN_11972,2024-09-06 09:30:00,CUST_432,Unknown,3,596.52,167.08,2024,9,September,Friday,1789.56,501.24,1288.32,71.99
TXN_11973,2024-09-06 10:00:00,CUST_176,Electronics,1,69.75,119.91,2024,9,September,Friday,69.75,119.91,-50.16,-71.91
TXN_11975,2024-09-06 11:00:00,CUST_146,Electronics,3,398.81,216.78,2024,9,September,Friday,1196.43,650.34,546.09,45.64
TXN_11977,2024-09-06 12:00:00,CUST_299,Apparel,4,217.5,250.29,2024,9,September,Friday,870.0,1001.16,-131.16,-15.08
TXN_11978,2024-09-06 12:30:00,CUST_309,Apparel,3,537.2,247.65,2024,9,September,Friday,1611.6,742.95,868.65,53.9
TXN_11980,2024-09-06 13:30:00,CUST_253,Electronics,1,75.18,107.08,2024,9,September,Friday,75.18,107.08,-31.9,-42.43
TXN_11982,2024-09-06 14:30:00,CUST_452,Home Goods,1,59.49,210.61,2024,9,September,Friday,59.49,210.61,-151.12,-254.03
TXN_11983,2024-09-06 15:00:00,CUST_256,Apparel,3,340.34,121.7,2024,9,September,Friday,1021.02,365.1,655.92,64.24
TXN_11984,2024-09-06 15:30:00,CUST_360,Apparel,1,116.36,299.16,2024,9,September,Friday,116.36,299.16,-182.8,-157.1
TXN_11985,2024-09-06 16:00:00,CUST_176,Apparel,3,516.41,94.67,2024,9,September,Friday,1549.23,284.01,1265.22,81.67
TXN_11986,2024-09-06 16:30:00,CUST_356,Electronics,2,352.73,149.13,2024,9,September,Friday,705.46,298.26,407.2,57.72
TXN_11987,2024-09-06 17:00:00,CUST_230,Apparel,5,49.73,103.93,2024,9,September,Friday,248.65,519.65,-271.0,-108.99
TXN_11989,2024-09-06 18:00:00,CUST_327,Apparel,3,375.56,257.62,2024,9,September,Friday,1126.68,772.86,353.82,31.4
TXN_11992,2024-09-06 19:30:00,CUST_331,Home Goods,2,546.98,325.33,2024,9,September,Friday,1093.96,650.66,443.3,40.52
TXN_11993,2024-09-06 20:00:00,CUST_294,Electronics,2,219.77,251.92,2024,9,September,Friday,439.54,503.84,-64.3,-14.63
TXN_11994,2024-09-06 20:30:00,CUST_448,Apparel,2,211.49,313.28,2024,9,September,Friday,422.98,626.56,-203.58,-48.13
TXN_11996,2024-09-06 21:30:00,CUST_458,Electronics,2,201.47,223.59,2024,9,September,Friday,402.94,447.18,-44.24,-10.98
TXN_11997,2024-09-06 22:00:00,CUST_437,Apparel,3,60.61,153.07,2024,9,September,Friday,181.83,459.21,-277.38,-152.55
TXN_12000,2024-09-06 23:30:00,CUST_395,Home Goods,1,560.98,282.3,2024,9,September,Friday,560.98,282.3,278.68,49.68
TXN_16,2024-01-01 07:30:00,CUST_251,Electronics,3,268.29,30.86,2024,1,January,Monday,804.87,92.58,712.29,88.5
TXN_17,2024-01-01 08:00:00,CUST_230,Electronics,5,28.65,118.27,2024,1,January,Monday,143.25,591.35,-448.1,-312.81
TXN_21,2024-01-01 10:00:00,CUST_443,Home Goods,2,522.85,160.88,2024,1,January,Monday,1045.7,321.76,723.94,69.23
TXN_23,2024-01-01 11:00:00,CUST_485,Electronics,3,27.68,135.21,2024,1,January,Monday,83.04,405.63,-322.59,-388.48
TXN_25,2024-01-01 12:00:00,CUST_376,Apparel,2,127.53,129.33,2024,1,January,Monday,255.06,258.66,-3.6,-1.41
TXN_27,2024-01-01 13:00:00,CUST_413,Unknown,4,380.47,346.86,2024,1,January,Monday,1521.88,1387.44,134.44,8.83
TXN_29,2024-01-01 14:00:00,CUST_352,Home Goods,5,281.82,184.71,2024,1,January,Monday,1409.1,923.55,485.55,34.46
TXN_30,2024-01-01 14:30:00,CUST_335,Apparel,4,487.97,206.99,2024,1,January,Monday,1951.88,827.96,1123.92,57.58
TXN_31,2024-01-01 15:00:00,CUST_444,Unknown,2,473.03,220.86,2024,1,January,Monday,946.06,441.72,504.34,53.31
TXN_32,2024-01-01 15:30:00,CUST_148,Apparel,1,257.51,18.36,2024,1,January,Monday,257.51,18.36,239.15,92.87
TXN_36,2024-01-01 17:30:00,CUST_370,Home Goods,4,536.12,28.85,2024,1,January,Monday,2144.48,115.4,2029.08,94.62
TXN_38,2024-01-01 18:30:00,CUST_274,Electronics,5,160.91,54.3,2024,1,January,Monday,804.55,271.5,533.05,66.25
TXN_40,2024-01-01 19:30:00,CUST_463,Home Goods,4,119.94,78.99,2024,1,January,Monday,479.76,315.96,163.8,34.14
TXN_41,2024-01-01 20:00:00,CUST_154,Apparel,3,549.74,58.86,2024,1,January,Monday,1649.22,176.58,1472.64,89.29
TXN_42,2024-01-01 20:30:00,CUST_343,Apparel,4,204.82,222.9,2024,1,January,Monday,819.28,891.6,-72.32,-8.83
TXN_43,2024-01-01 21:00:00,CUST_419,Electronics,2,461.44,187.45,2024,1,January,Monday,922.88,374.9,547.98,59.38
TXN_44,2024-01-01 21:30:00,CUST_230,Electronics,4,281.98,205.82,2024,1,January,Monday,1127.92,823.28,304.64,27.01
TXN_46,2024-01-01 22:30:00,CUST_234,Electronics,5,106.13,168.84,2024,1,January,Monday,530.65,844.2,-313.55,-59.09
TXN_61,2024-01-02 06:00:00,CUST_191,Apparel,4,302.77,280.5,2024,1,January,Tuesday,1211.08,1122.0,89.08,7.36
TXN_63,2024-01-02 07:00:00,CUST_363,Apparel,3,552.37,344.79,2024,1,January,Tuesday,1657.11,1034.37,622.74,37.58
TXN_66,2024-01-02 08:30:00,CUST_180,Electronics,5,283.77,75.38,2024,1,January,Tuesday,1418.85,376.9,1041.95,73.44
TXN_67,2024-01-02 09:00:00,CUST_149,Apparel,4,579.15,294.73,2024,1,January,Tuesday,2316.6,1178.92,1137.68,49.11
TXN_68,2024-01-02 09:30:00,CUST_459,Electronics,2,446.35,331.32,2024,1,January,Tuesday,892.7,662.64,230.06,25.77
TXN_69,2024-01-02 10:00:00,CUST_487,Home Goods,1,500.16,90.35,2024,1,January,Tuesday,500.16,90.35,409.81,81.94
TXN_70,2024-01-02 10:30:00,CUST_101,Home Goods,3,76.35,243.4,2024,1,January,Tuesday,229.05,730.2,-501.15,-218.8
TXN_72,2024-01-02 11:30:00,CUST_153,Apparel,4,98.48,113.76,2024,1,January,Tuesday,393.92,455.04,-61.12,-15.52
TXN_74,2024-01-02 12:30:00,CUST_359,Electronics,3,379.79,43.16,2024,1,January,Tuesday,1139.37,129.48,1009.89,88.64
TXN_76,2024-01-02 13:30:00,CUST_290,Apparel,1,37.92,30.93,2024,1,January,Tuesday,37.92,30.93,6.99,18.43
